company,year,item,value
British Gas Trading Ltd,2013,total_assets,4301.8
British Gas Trading Ltd,2014,total_assets,4228.9
British Gas Trading Ltd,2015,total_assets,10173.3
British Gas Trading Ltd,2016,total_assets,9396.3
British Gas Trading Ltd,2017,total_assets,8864.2
British Gas Trading Ltd,2018,total_assets,8692.2
British Gas Trading Ltd,2019,total_assets,8991.6
British Gas Trading Ltd,2020,total_assets,5962.7
British Gas Trading Ltd,2021,total_assets,14772.3
British Gas Trading Ltd,2022,total_assets,14303.4
British Gas Trading Ltd,2023,total_assets,10941
British Gas Trading Ltd,2024,total_assets,8444.4
,,,
company,year,item,value
British Gas Trading Ltd,2015,total_liabilities,5800.1
British Gas Trading Ltd,2016,total_liabilities,5259
British Gas Trading Ltd,2017,total_liabilities,4424.1
British Gas Trading Ltd,2018,total_liabilities,4424.1
British Gas Trading Ltd,2019,total_liabilities,4970
British Gas Trading Ltd,2020,total_liabilities,4163.7
British Gas Trading Ltd,2021,total_liabilities,12810.8
British Gas Trading Ltd,2022,total_liabilities,12152.3
British Gas Trading Ltd,2023,total_liabilities,8008.3
British Gas Trading Ltd,2024,total_liabilities,5161.8
,,,
company,year,item,value
British Gas Trading Ltd,2013,current_assets_total,5191.5
British Gas Trading Ltd,2014,current_assets_total,4842.8
British Gas Trading Ltd,2015,current_assets_total,6479.2
British Gas Trading Ltd,2016,current_assets_total,6434.2
British Gas Trading Ltd,2017,current_assets_total,7507.2
British Gas Trading Ltd,2018,current_assets_total,7507.2
British Gas Trading Ltd,2019,current_assets_total,7651.1
British Gas Trading Ltd,2020,current_assets_total,4932.5
British Gas Trading Ltd,2021,current_assets_total,12477.1
British Gas Trading Ltd,2022,current_assets_total,11695.9
British Gas Trading Ltd,2023,current_assets_total,10099.1
British Gas Trading Ltd,2024,current_assets_total,4066.4
,,,
company,year,item,value
British Gas Trading Ltd,2013,current_liabilities_total,2799.3
British Gas Trading Ltd,2014,current_liabilities_total,2567.7
British Gas Trading Ltd,2015,current_liabilities_total,4553.6
British Gas Trading Ltd,2016,current_liabilities_total,4084.8
British Gas Trading Ltd,2017,current_liabilities_total,3748.2
British Gas Trading Ltd,2018,current_liabilities_total,3748.2
British Gas Trading Ltd,2019,current_liabilities_total,4302.2
British Gas Trading Ltd,2020,current_liabilities_total,3594.9
British Gas Trading Ltd,2021,current_liabilities_total,11097.8
British Gas Trading Ltd,2022,current_liabilities_total,9824.7
British Gas Trading Ltd,2023,current_liabilities_total,7543.2
British Gas Trading Ltd,2024,current_liabilities_total,4941
,,,
company,year,item,value
British Gas Trading Ltd,2013,fixed_assets_total,1909.6
British Gas Trading Ltd,2014,fixed_assets_total,1953.8
British Gas Trading Ltd,2015,fixed_assets_total,3552
British Gas Trading Ltd,2016,fixed_assets_total,2962.1
British Gas Trading Ltd,2017,fixed_assets_total,1357
British Gas Trading Ltd,2018,fixed_assets_total,1415.9
British Gas Trading Ltd,2019,fixed_assets_total,1340.5
British Gas Trading Ltd,2020,fixed_assets_total,1030.2
British Gas Trading Ltd,2021,fixed_assets_total,2295.2
British Gas Trading Ltd,2022,fixed_assets_total,2607.5
British Gas Trading Ltd,2023,fixed_assets_total,841.9
British Gas Trading Ltd,2024,fixed_assets_total,4378
,,,
company,year,item,value
British Gas Trading Ltd,2013,noncurrent_liabilities_total,114.3
British Gas Trading Ltd,2014,noncurrent_liabilities_total,84.7
British Gas Trading Ltd,2015,noncurrent_liabilities_total,1301.4
British Gas Trading Ltd,2016,noncurrent_liabilities_total,1174.2
British Gas Trading Ltd,2017,noncurrent_liabilities_total,675.9
British Gas Trading Ltd,2018,noncurrent_liabilities_total,675.9
British Gas Trading Ltd,2019,noncurrent_liabilities_total,667.6
British Gas Trading Ltd,2020,noncurrent_liabilities_total,568.8
British Gas Trading Ltd,2021,noncurrent_liabilities_total,1713
British Gas Trading Ltd,2022,noncurrent_liabilities_total,2327.6
British Gas Trading Ltd,2023,noncurrent_liabilities_total,465.1
British Gas Trading Ltd,2024,noncurrent_liabilities_total,220.8
,,,
company,year,item,value
British Gas Trading Ltd,1997,share_capital,800000
British Gas Trading Ltd,1998,share_capital,800000
British Gas Trading Ltd,1999,share_capital,800000
British Gas Trading Ltd,2000,share_capital,800000
British Gas Trading Ltd,2001,share_capital,800000
British Gas Trading Ltd,2002,share_capital,800000
British Gas Trading Ltd,2003,share_capital,800000
British Gas Trading Ltd,2004,share_capital,800000
British Gas Trading Ltd,2005,share_capital,800000
British Gas Trading Ltd,2006,share_capital,800000
British Gas Trading Ltd,2007,share_capital,800000
British Gas Trading Ltd,2008,share_capital,800000
British Gas Trading Ltd,2009,share_capital,800000
British Gas Trading Ltd,2010,share_capital,800000
British Gas Trading Ltd,2011,share_capital,800000
British Gas Trading Ltd,2012,share_capital,800000
British Gas Trading Ltd,2013,share_capital,800
British Gas Trading Ltd,2014,share_capital,800
British Gas Trading Ltd,2015,share_capital,800
British Gas Trading Ltd,2016,share_capital,800
British Gas Trading Ltd,2017,share_capital,800
British Gas Trading Ltd,2018,share_capital,800
British Gas Trading Ltd,2019,share_capital,800
British Gas Trading Ltd,2020,share_capital,800
British Gas Trading Ltd,2021,share_capital,800
British Gas Trading Ltd,2022,share_capital,800
British Gas Trading Ltd,2023,share_capital,800
British Gas Trading Ltd,2024,share_capital,800
,,,
company,year,item,value
British Gas Trading Ltd,1997,share_premium,447162
British Gas Trading Ltd,1998,share_premium,447162
British Gas Trading Ltd,1999,share_premium,447162
British Gas Trading Ltd,2000,share_premium,447162
British Gas Trading Ltd,2001,share_premium,447162
British Gas Trading Ltd,2002,share_premium,447162
British Gas Trading Ltd,2003,share_premium,447162
British Gas Trading Ltd,2004,share_premium,447162
British Gas Trading Ltd,2005,share_premium,447162
British Gas Trading Ltd,2006,share_premium,447162
British Gas Trading Ltd,2007,share_premium,447162
British Gas Trading Ltd,2008,share_premium,447162
British Gas Trading Ltd,2009,share_premium,447162
British Gas Trading Ltd,2010,share_premium,447162
British Gas Trading Ltd,2011,share_premium,447162
British Gas Trading Ltd,2012,share_premium,447162
British Gas Trading Ltd,2013,share_premium,447.2
British Gas Trading Ltd,2014,share_premium,447.2
British Gas Trading Ltd,2015,share_premium,447.2
British Gas Trading Ltd,2016,share_premium,447.2
British Gas Trading Ltd,2017,share_premium,447.2
British Gas Trading Ltd,2018,share_premium,447.2
British Gas Trading Ltd,2019,share_premium,447.2
British Gas Trading Ltd,2020,share_premium,447.2
British Gas Trading Ltd,2021,share_premium,447.2
British Gas Trading Ltd,2022,share_premium,447.2
British Gas Trading Ltd,2023,share_premium,447.2
British Gas Trading Ltd,2024,share_premium,447.2
,,,
company,year,item,value
British Gas Trading Ltd,2013,retained_earnings,3092.8
British Gas Trading Ltd,2014,retained_earnings,3051.7
British Gas Trading Ltd,2015,retained_earnings,3224.5
British Gas Trading Ltd,2016,retained_earnings,3199.8
British Gas Trading Ltd,2017,retained_earnings,3438
British Gas Trading Ltd,2018,retained_earnings,3438
British Gas Trading Ltd,2019,retained_earnings,3014.6
British Gas Trading Ltd,2020,retained_earnings,881.2
British Gas Trading Ltd,2021,retained_earnings,1002.7
British Gas Trading Ltd,2022,retained_earnings,1286.6
British Gas Trading Ltd,2023,retained_earnings,2140.1
British Gas Trading Ltd,2024,retained_earnings,2486.5
,,,
company,year,item,value
British Gas Trading Ltd,2013,net_assets,4340
British Gas Trading Ltd,2014,net_assets,4298.9
British Gas Trading Ltd,2015,net_assets,4373.2
British Gas Trading Ltd,2016,net_assets,4137.3
British Gas Trading Ltd,2017,net_assets,4440.1
British Gas Trading Ltd,2018,net_assets,4440.1
British Gas Trading Ltd,2019,net_assets,4021.8
British Gas Trading Ltd,2020,net_assets,1799
British Gas Trading Ltd,2021,net_assets,1961.5
British Gas Trading Ltd,2022,net_assets,2151.1
British Gas Trading Ltd,2023,net_assets,2932.7
British Gas Trading Ltd,2024,net_assets,3282.6
,,,
company,year,item,value
British Gas Trading Ltd,2013,trade_receivables_current,5110.1
British Gas Trading Ltd,2014,trade_receivables_current,4768
British Gas Trading Ltd,2015,trade_receivables_current,4723.1
British Gas Trading Ltd,2016,trade_receivables_current,5236.5
British Gas Trading Ltd,2017,trade_receivables_current,6635.4
British Gas Trading Ltd,2018,trade_receivables_current,6436.4
British Gas Trading Ltd,2019,trade_receivables_current,6175.5
British Gas Trading Ltd,2020,trade_receivables_current,3835.4
British Gas Trading Ltd,2021,trade_receivables_current,4922
British Gas Trading Ltd,2022,trade_receivables_current,6200.4
British Gas Trading Ltd,2023,trade_receivables_current,6498.2
British Gas Trading Ltd,2024,trade_receivables_current,3180.7
,,,
company,year,item,value
British Gas Trading Ltd,2013,trade_payables_current,2799.3
British Gas Trading Ltd,2014,trade_payables_current,2567.7
British Gas TradingTrading Ltd,2015,trade_payables_current,2561
British Gas Trading Ltd,2016,trade_payables_current,3026.5
British Gas Trading Ltd,2017,trade_payables_current,2950.7
British Gas Trading Ltd,2018,trade_payables_current,2754.6
British Gas Trading Ltd,2019,trade_payables_current,2799.3
British Gas Trading Ltd,2020,trade_payables_current,2420.8
British Gas Trading Ltd,2021,trade_payables_current,3453.8
British Gas Trading Ltd,2022,trade_payables_current,4673.9
British Gas Trading Ltd,2023,trade_payables_current,3972.1
British Gas Trading Ltd,2024,trade_payables_current,3963
,,,
EDF Energy Customers Ltd,2000,total_fixed_assets,0
EDF Energy Customers Ltd,2001,total_fixed_assets,244.9
EDF Energy Customers Ltd,2002,total_fixed_assets,235.6
EDF Energy Customers Ltd,2003,total_fixed_assets,219.7
EDF Energy Customers Ltd,2004,total_fixed_assets,213.7
EDF Energy Customers Ltd,2005,total_fixed_assets,605.6
EDF Energy Customers Ltd,2006,total_fixed_assets,597.6
EDF Energy Customers Ltd,2007,total_fixed_assets,549.9
EDF Energy Customers Ltd,2008,total_fixed_assets,553.6
EDF Energy Customers Ltd,2009,total_fixed_assets,533.3
EDF Energy Customers Ltd,2010,total_fixed_assets,516.2
EDF Energy Customers Ltd,2011,total_fixed_assets,490.2
EDF Energy Customers Ltd,2012,total_fixed_assets,482.7
EDF Energy Customers Ltd,2013,total_fixed_assets,519.6
EDF Energy Customers Ltd,2014,total_fixed_assets,523
EDF Energy Customers Ltd,2016,total_fixed_assets,545.9
EDF Energy Customers Ltd,2017,total_fixed_assets,609.2
EDF Energy Customers Ltd,2018,total_fixed_assets,423.9
EDF Energy Customers Ltd,2019,total_fixed_assets,353.6
EDF Energy Customers Ltd,2020,total_fixed_assets,316.2
EDF Energy Customers Ltd,2021,total_fixed_assets,289.1
EDF Energy Customers Ltd,2022,total_fixed_assets,263.2
EDF Energy Customers Ltd,2023,total_fixed_assets,247.3
EDF Energy Customers Ltd,2024,total_fixed_assets,229.5
EDF Energy Customers Ltd,2025,total_fixed_assets,211.3
,,,
company,year,item,value
EDF Energy Customers Ltd,2000,total_current_assets,2
EDF Energy Customers Ltd,2001,total_current_assets,431.4
EDF Energy Customers Ltd,2002,total_current_assets,443
EDF Energy Customers Ltd,2003,total_current_assets,465.3
EDF Energy Customers Ltd,2004,total_current_assets,863.4
EDF Energy Customers Ltd,2005,total_current_assets,1385.5
EDF Energy Customers Ltd,2006,total_current_assets,2164.9
EDF Energy Customers Ltd,2007,total_current_assets,1270.3
EDF Energy Customers Ltd,2008,total_current_assets,1732.1
EDF Energy Customers Ltd,2009,total_current_assets,1484.2
EDF Energy Customers Ltd,2010,total_current_assets,2980.5
EDF Energy Customers Ltd,2011,total_current_assets,1096.1
EDF Energy Customers Ltd,2012,total_current_assets,5140.2
EDF Energy Customers Ltd,2013,total_current_assets,9393.1
EDF Energy Customers Ltd,2014,total_current_assets,2167.8
EDF Energy Customers Ltd,2016,total_current_assets,1440.2
EDF Energy Customers Ltd,2017,total_current_assets,2064.4
EDF Energy Customers Ltd,2018,total_current_assets,2337.3
EDF Energy Customers Ltd,2019,total_current_assets,2170.3
EDF Energy Customers Ltd,2020,total_current_assets,2333.3
EDF Energy Customers Ltd,2021,total_current_assets,2476
EDF Energy Customers Ltd,2022,total_current_assets,2604.5
EDF Energy Customers Ltd,2023,total_current_assets,2726.8
EDF Energy Customers Ltd,2024,total_current_assets,2850.6
EDF Energy Customers Ltd,2025,total_current_assets,2991.5
,,,
company,year,item,value
EDF Energy Customers Ltd,2000,creditors_within_1y,-2
EDF Energy Customers Ltd,2001,creditors_within_1y,-412.9
EDF Energy Customers Ltd,2002,creditors_within_1y,-513.6
EDF Energy Customers Ltd,2003,creditors_within_1y,-542.2
EDF Energy Customers Ltd,2004,creditors_within_1y,-896.3
EDF Energy Customers Ltd,2005,creditors_within_1y,-2019.9
EDF Energy Customers Ltd,2006,creditors_within_1y,-2956.1
EDF Energy Customers Ltd,2007,creditors_within_1y,-2147.8
EDF Energy Customers Ltd,2008,creditors_within_1y,-2903.1
EDF Energy Customers Ltd,2009,creditors_within_1y,-2576.8
EDF Energy Customers Ltd,2010,creditors_within_1y,-4075.3
EDF Energy Customers Ltd,2011,creditors_within_1y,-2334.3
EDF Energy Customers Ltd,2012,creditors_within_1y,-6410.4
EDF Energy Customers Ltd,2013,creditors_within_1y,-10998.5
EDF Energy Customers Ltd,2014,creditors_within_1y,-3389.5
EDF Energy Customers Ltd,2016,creditors_within_1y,-2798.1
EDF Energy Customers Ltd,2017,creditors_within_1y,-2362.5
EDF Energy Customers Ltd,2018,creditors_within_1y,-2572.9
EDF Energy Customers Ltd,2019,creditors_within_1y,-3389.5
EDF Energy Customers Ltd,2020,creditors_within_1y,-2572.9
EDF Energy Customers Ltd,2021,creditors_within_1y,-2890.4
EDF Energy Customers Ltd,2022,creditors_within_1y,-3105.7
EDF Energy Customers Ltd,2023,creditors_within_1y,-2980.2
EDF Energy Customers Ltd,2024,creditors_within_1y,-2551.8
EDF Energy Customers Ltd,2025,creditors_within_1y,-2477.3
,,,
company,year,item,value
EDF Energy Customers Ltd,2001,creditors_after_1y,-105.6
EDF Energy Customers Ltd,2008,creditors_after_1y,-0.2
EDF Energy Customers Ltd,2009,creditors_after_1y,-5.1
EDF Energy Customers Ltd,2010,creditors_after_1y,-0.5
EDF Energy Customers Ltd,2011,creditors_after_1y,-1.9
EDF Energy Customers Ltd,2012,creditors_after_1y,-4
EDF Energy Customers Ltd,2013,creditors_after_1y,-19.9
EDF Energy Customers Ltd,2014,creditors_after_1y,-19.4
EDF Energy Customers Ltd,2016,creditors_after_1y,-239.9
EDF Energy Customers Ltd,2017,creditors_after_1y,-282.7
EDF Energy Customers Ltd,2018,creditors_after_1y,-55.9
EDF Energy Customers Ltd,2019,creditors_after_1y,-19.4
EDF Energy Customers Ltd,2020,creditors_after_1y,-55.9
EDF Energy Customers Ltd,2021,creditors_after_1y,-62.1
EDF Energy Customers Ltd,2022,creditors_after_1y,-71.4
EDF Energy Customers Ltd,2023,creditors_after_1y,-80.2
EDF Energy Customers Ltd,2024,creditors_after_1y,-89.1
EDF Energy Customers Ltd,2025,creditors_after_1y,-97.5
,,,
company,year,item,value
EDF Energy Customers Ltd,2000,net_assets,2
EDF Energy Customers Ltd,2001,net_assets,67
EDF Energy Customers Ltd,2002,net_assets,54.5
EDF Energy Customers Ltd,2003,net_assets,72.1
EDF Energy Customers Ltd,2004,net_assets,134.6
EDF Energy Customers Ltd,2005,net_assets,-94.5
EDF Energy Customers Ltd,2006,net_assets,-239
EDF Energy Customers Ltd,2007,net_assets,-355.8
EDF Energy Customers Ltd,2008,net_assets,-636
EDF Energy Customers Ltd,2009,net_assets,-654.8
EDF Energy Customers Ltd,2010,net_assets,-640.6
EDF Energy Customers Ltd,2011,net_assets,-846.8
EDF Energy Customers Ltd,2012,net_assets,-825.4
EDF Energy Customers Ltd,2013,net_assets,-1153.3
EDF Energy Customers Ltd,2014,net_assets,-793.8
EDF Energy Customers Ltd,2016,net_assets,-1060.7
EDF Energy Customers Ltd,2017,net_assets,18.8
EDF Energy Customers Ltd,2018,net_assets,-20
EDF Energy Customers Ltd,2019,net_assets,-793.8
EDF Energy Customers Ltd,2020,net_assets,-393
EDF Energy Customers Ltd,2021,net_assets,-472
EDF Energy Customers Ltd,2022,net_assets,-730
EDF Energy Customers Ltd,2023,net_assets,178
EDF Energy Customers Ltd,2024,net_assets,514
EDF Energy Customers Ltd,2025,net_assets,737
,,,
company,year,item,value
EDF Energy Customers Ltd,2000,share_capital,2
EDF Energy Customers Ltd,2001,share_capital,10
EDF Energy Customers Ltd,2002,share_capital,10
EDF Energy Customers Ltd,2003,share_capital,10
EDF Energy Customers Ltd,2004,share_capital,10
EDF Energy Customers Ltd,2005,share_capital,10
EDF Energy Customers Ltd,2006,share_capital,10
EDF Energy Customers Ltd,2007,share_capital,10
EDF Energy Customers Ltd,2008,share_capital,10
EDF Energy Customers Ltd,2009,share_capital,10
EDF Energy Customers Ltd,2010,share_capital,10
EDF Energy Customers Ltd,2011,share_capital,10
EDF Energy Customers Ltd,2012,share_capital,10
EDF Energy Customers Ltd,2013,share_capital,10
EDF Energy Customers Ltd,2014,share_capital,10
EDF Energy Customers Ltd,2017,share_capital,1000
EDF Energy Customers Ltd,2018,share_capital,10
EDF Energy Customers Ltd,2019,share_capital,10
EDF Energy Customers Ltd,2020,share_capital,10
EDF Energy Customers Ltd,2021,share_capital,10
EDF Energy Customers Ltd,2022,share_capital,10
EDF Energy Customers Ltd,2023,share_capital,10
EDF Energy Customers Ltd,2024,share_capital,10
EDF Energy Customers Ltd,2025,share_capital,10
E.ON UK Ltd,1998,Fixed_assets_total,2539
E.ON UK Ltd,2000,Fixed_assets_total,5011
E.ON UK Ltd,2001,Fixed_assets_total,4736
E.ON UK Ltd,2002,Fixed_assets_total,3942
E.ON UK Ltd,2003,Fixed_assets_total,5535
E.ON UK Ltd,2004,Fixed_assets_total,5426
E.ON UK Ltd,2005,Fixed_assets_total,4973
E.ON UK Ltd,2006,Fixed_assets_total,4973
E.ON UK Ltd,2007,Fixed_assets_total,5024
E.ON UK Ltd,2008,Fixed_assets_total,5146
E.ON UK Ltd,2009,Fixed_assets_total,5645
E.ON UK Ltd,2010,Fixed_assets_total,5662
E.ON UK Ltd,2011,Fixed_assets_total,6052
E.ON UK Ltd,2012,Fixed_assets_total,5914
E.ON UK Ltd,2013,Fixed_assets_total,4887
E.ON UK Ltd,2014,Fixed_assets_total,3708
E.ON UK Ltd,2015,Fixed_assets_total,2410
E.ON UK Ltd,2016,Fixed_assets_total,2457
E.ON UK Ltd,2017,Fixed_assets_total,2458
E.ON UK Ltd,2018,Fixed_assets_total,2467
E.ON UK Ltd,2019,Fixed_assets_total,2591
E.ON UK Ltd,2020,Fixed_assets_total,2028
E.ON UK Ltd,2021,Fixed_assets_total,1952
E.ON UK Ltd,2022,Fixed_assets_total,1254
E.ON UK Ltd,2023,Fixed_assets_total,1246
E.ON UK Ltd,2024,Fixed_assets_total,1257
E.ON UK Ltd,2025,Fixed_assets_total,1267
,,,
company,year,item,value
E.ON UK Ltd,1998,Current_assets_total,808
E.ON UK Ltd,2000,Current_assets_total,1506
E.ON UK Ltd,2001,Current_assets_total,2051
E.ON UK Ltd,2002,Current_assets_total,3219
E.ON UK Ltd,2003,Current_assets_total,1375
E.ON UK Ltd,2004,Current_assets_total,1645
E.ON UK Ltd,2005,Current_assets_total,5488
E.ON UK Ltd,2006,Current_assets_total,3621
E.ON UK Ltd,2007,Current_assets_total,3497
E.ON UK Ltd,2008,Current_assets_total,3499
E.ON UK Ltd,2009,Current_assets_total,3499
E.ON UK Ltd,2010,Current_assets_total,3513
E.ON UK Ltd,2011,Current_assets_total,3289
E.ON UK Ltd,2012,Current_assets_total,3199
E.ON UK Ltd,2013,Current_assets_total,2296
E.ON UK Ltd,2014,Current_assets_total,2301
E.ON UK Ltd,2015,Current_assets_total,2269
E.ON UK Ltd,2016,Current_assets_total,2294
E.ON UK Ltd,2017,Current_assets_total,2299
E.ON UK Ltd,2018,Current_assets_total,2306
E.ON UK Ltd,2019,Current_assets_total,2504
E.ON UK Ltd,2020,Current_assets_total,1711
E.ON UK Ltd,2021,Current_assets_total,1882
E.ON UK Ltd,2022,Current_assets_total,1192
E.ON UK Ltd,2023,Current_assets_total,1190
E.ON UK Ltd,2024,Current_assets_total,1200
E.ON UK Ltd,2025,Current_assets_total,1220
,,,
company,year,item,value
E.ON UK Ltd,1998,creditors_within_1y,-969
E.ON UK Ltd,2000,creditors_within_1y,-1209
E.ON UK Ltd,2001,creditors_within_1y,-1533
E.ON UK Ltd,2002,creditors_within_1y,-1714
E.ON UK Ltd,2003,creditors_within_1y,-4732
E.ON UK Ltd,2004,creditors_within_1y,-2717
E.ON UK Ltd,2005,creditors_within_1y,-6742
E.ON UK Ltd,2006,creditors_within_1y,3869
E.ON UK Ltd,2007,creditors_within_1y,3811
E.ON UK Ltd,2008,creditors_within_1y,3965
E.ON UK Ltd,2009,creditors_within_1y,4423
E.ON UK Ltd,2010,creditors_within_1y,4303
E.ON UK Ltd,2011,creditors_within_1y,4727
E.ON UK Ltd,2012,creditors_within_1y,5421
E.ON UK Ltd,2013,creditors_within_1y,4981
E.ON UK Ltd,2014,creditors_within_1y,4088
E.ON UK Ltd,2015,creditors_within_1y,5083
E.ON UK Ltd,2016,creditors_within_1y,4419
E.ON UK Ltd,2017,creditors_within_1y,3932
E.ON UK Ltd,2018,creditors_within_1y,3534
E.ON UK Ltd,2019,creditors_within_1y,5072
E.ON UK Ltd,2020,creditors_within_1y,4903
E.ON UK Ltd,2021,creditors_within_1y,1282
E.ON UK Ltd,2022,creditors_within_1y,1598
E.ON UK Ltd,2023,creditors_within_1y,2177
E.ON UK Ltd,2024,creditors_within_1y,1934
E.ON UK Ltd,2025,creditors_within_1y,2345
,,,
company,year,item,value
E.ON UK Ltd,1998,creditors_after_1y,-692
E.ON UK Ltd,2000,creditors_after_1y,-2987
E.ON UK Ltd,2001,creditors_after_1y,-2060
E.ON UK Ltd,2002,creditors_after_1y,-1865
E.ON UK Ltd,2003,creditors_after_1y,-1780
E.ON UK Ltd,2004,creditors_after_1y,-2385
E.ON UK Ltd,2005,creditors_after_1y,-1640
E.ON UK Ltd,2006,creditors_after_1y,3719
E.ON UK Ltd,2007,creditors_after_1y,3733
E.ON UK Ltd,2008,creditors_after_1y,5167
E.ON UK Ltd,2009,creditors_after_1y,4665
E.ON UK Ltd,2010,creditors_after_1y,5388
E.ON UK Ltd,2011,creditors_after_1y,4628
E.ON UK Ltd,2012,creditors_after_1y,4340
E.ON UK Ltd,2013,creditors_after_1y,4834
E.ON UK Ltd,2014,creditors_after_1y,3615
E.ON UK Ltd,2015,creditors_after_1y,4004
E.ON UK Ltd,2016,creditors_after_1y,3865
E.ON UK Ltd,2017,creditors_after_1y,4166
E.ON UK Ltd,2018,creditors_after_1y,3991
E.ON UK Ltd,2019,creditors_after_1y,5828
E.ON UK Ltd,2020,creditors_after_1y,6159
E.ON UK Ltd,2021,creditors_after_1y,5565
E.ON UK Ltd,2022,creditors_after_1y,4454
E.ON UK Ltd,2023,creditors_after_1y,4439
E.ON UK Ltd,2024,creditors_after_1y,4444
E.ON UK Ltd,2025,creditors_after_1y,4250
,,,
company,year,item,value
E.ON UK Ltd,1998,Net_assets,1560
E.ON UK Ltd,2000,Net_assets,1979
E.ON UK Ltd,2001,Net_assets,1844
E.ON UK Ltd,2002,Net_assets,2270
E.ON UK Ltd,2003,Net_assets,2454
E.ON UK Ltd,2004,Net_assets,2740
E.ON UK Ltd,2005,Net_assets,2082
E.ON UK Ltd,2006,Net_assets,-101
E.ON UK Ltd,2007,Net_assets,-120
E.ON UK Ltd,2008,Net_assets,-155
E.ON UK Ltd,2009,Net_assets,-320
E.ON UK Ltd,2010,Net_assets,-115
E.ON UK Ltd,2011,Net_assets,-335
E.ON UK Ltd,2012,Net_assets,-318
E.ON UK Ltd,2013,Net_assets,-254
E.ON UK Ltd,2014,Net_assets,-185
E.ON UK Ltd,2015,Net_assets,-568
E.ON UK Ltd,2016,Net_assets,-555
E.ON UK Ltd,2017,Net_assets,-522
E.ON UK Ltd,2018,Net_assets,-225
E.ON UK Ltd,2019,Net_assets,-73
E.ON UK Ltd,2020,Net_assets,-33
E.ON UK Ltd,2021,Net_assets,-183
E.ON UK Ltd,2022,Net_assets,-146
E.ON UK Ltd,2023,Net_assets,-115
E.ON UK Ltd,2024,Net_assets,-100
E.ON UK Ltd,2025,Net_assets,-100
,,,
company,year,item,value
E.ON UK Ltd,1998,share_capital,322
E.ON UK Ltd,2000,share_capital,325
E.ON UK Ltd,2001,share_capital,325
E.ON UK Ltd,2002,share_capital,325
E.ON UK Ltd,2003,share_capital,325
E.ON UK Ltd,2004,share_capital,325
E.ON UK Ltd,2005,share_capital,325
E.ON UK Ltd,2006,share_capital,325
Scottish Power Energy Retail Ltd,2002,TangibleAssets,114.8
Scottish Power Energy Retail Ltd,2003,TangibleAssets,98
Scottish Power Energy Retail Ltd,2004,TangibleAssets,92.5
Scottish Power Energy Retail Ltd,2005,TangibleAssets,91.5
Scottish Power Energy Retail Ltd,2006,TangibleAssets,99.9
Scottish Power Energy Retail Ltd,2007,TangibleAssets,95.2
Scottish Power Energy Retail Ltd,2007,TangibleAssets,23
Scottish Power Energy Retail Ltd,2008,TangibleAssets,21.3
Scottish Power Energy Retail Ltd,2009,TangibleAssets,19.7
Scottish Power Energy Retail Ltd,2010,TangibleAssets,26.7
Scottish Power Energy Retail Ltd,2011,TangibleAssets,28.2
Scottish Power Energy Retail Ltd,2012,TangibleAssets,28.6
Scottish Power Energy Retail Ltd,2013,TangibleAssets,32.6
Scottish Power Energy Retail Ltd,2014,TangibleAssets,41.2
Scottish Power Energy Retail Ltd,2016,TangibleAssets,115.5
Scottish Power Energy Retail Ltd,2017,TangibleAssets,137.3
Scottish Power Energy Retail Ltd,2018,TangibleAssets,138.5
Scottish Power Energy Retail Ltd,2019,TangibleAssets,151.5
Scottish Power Energy Retail Ltd,2020,TangibleAssets,151.6
Scottish Power Energy Retail Ltd,2021,TangibleAssets,151.2
Scottish Power Energy Retail Ltd,2022,TangibleAssets,141.6
Scottish Power Energy Retail Ltd,2023,TangibleAssets,130.4
Scottish Power Energy Retail Ltd,2024,TangibleAssets,119.4
,,,
company,year,item,value
Scottish Power Energy Retail Ltd,2013,IntangibleAssets,138.5
Scottish Power Energy Retail Ltd,2014,IntangibleAssets,178.5
Scottish Power Energy Retail Ltd,2016,IntangibleAssets,170.6
Scottish Power Energy Retail Ltd,2017,IntangibleAssets,131.7
Scottish Power Energy Retail Ltd,2018,IntangibleAssets,107.6
Scottish Power Energy Retail Ltd,2019,IntangibleAssets,186.9
Scottish Power Energy Retail Ltd,2020,IntangibleAssets,204.8
Scottish Power Energy Retail Ltd,2021,IntangibleAssets,191.6
Scottish Power Energy Retail Ltd,2022,IntangibleAssets,178.9
Scottish Power Energy Retail Ltd,2023,IntangibleAssets,115.2
Scottish Power Energy Retail Ltd,2024,IntangibleAssets,88.3
Scottish Power Energy Retail Ltd,2025,IntangibleAssets,114.1
,,,
company,year,item,value
Scottish Power Energy Retail Ltd,2002,Stocks,0.2
Scottish Power Energy Retail Ltd,2003,Stocks,0.2
Scottish Power Energy Retail Ltd,2004,Stocks,0
Scottish Power Energy Retail Ltd,2005,Stocks,0.2
Scottish Power Energy Retail Ltd,2006,Stocks,0.39
Scottish Power Energy Retail Ltd,2007,Stocks,0.39
Scottish Power Energy Retail Ltd,2007,Stocks,0.4
Scottish Power Energy Retail Ltd,2008,Stocks,1.2
Scottish Power Energy Retail Ltd,2016,Stocks,234.3
Scottish Power Energy Retail Ltd,2017,Stocks,223.8
Scottish Power Energy Retail Ltd,2018,Stocks,240.9
Scottish Power Energy Retail Ltd,2019,Stocks,190.5
Scottish Power Energy Retail Ltd,2020,Stocks,190.4
Scottish Power Energy Retail Ltd,2021,Stocks,257.4
Scottish Power Energy Retail Ltd,2022,Stocks,237.8
Scottish Power Energy Retail Ltd,2023,Stocks,267.3
,,,
company,year,item,value
Scottish Power Energy Retail Ltd,2000,Debtors,2
Scottish Power Energy Retail Ltd,2001,Debtors,2
Scottish Power Energy Retail Ltd,2002,Debtors,344.4
Scottish Power Energy Retail Ltd,2003,Debtors,359.8
Scottish Power Energy Retail Ltd,2004,Debtors,417.3
Scottish Power Energy Retail Ltd,2005,Debtors,562.3
Scottish Power Energy Retail Ltd,2006,Debtors,680.5
Scottish Power Energy Retail Ltd,2007,Debtors,640.1
Scottish Power Energy Retail Ltd,2007,Debtors,580.4
Scottish Power Energy Retail Ltd,2008,Debtors,724.5
Scottish Power Energy Retail Ltd,2009,Debtors,729.8
Scottish Power Energy Retail Ltd,2010,Debtors,839.5
Scottish Power Energy Retail Ltd,2011,Debtors,630.2
Scottish Power Energy Retail Ltd,2012,Debtors,548.5
Scottish Power Energy Retail Ltd,2013,Debtors,626.3
Scottish Power Energy Retail Ltd,2014,Debtors,1117.1
Scottish Power Energy Retail Ltd,2016,Debtors,799.5
Scottish Power Energy Retail Ltd,2017,Debtors,855.7
Scottish Power Energy Retail Ltd,2018,Debtors,854.6
Scottish Power Energy Retail Ltd,2019,Debtors,769.2
Scottish Power Energy Retail Ltd,2020,Debtors,743.6
Scottish Power Energy Retail Ltd,2021,Debtors,849.6
Scottish Power Energy Retail Ltd,2022,Debtors,1736
Scottish Power Energy Retail Ltd,2023,Debtors,1471.9
Scottish Power Energy Retail Ltd,2024,Debtors,1077.3
,,,
company,year,item,value
Scottish Power Energy Retail Ltd,2000,NetCurrentAssets,2
Scottish Power Energy Retail Ltd,2001,NetCurrentAssets,2
Scottish Power Energy Retail Ltd,2002,NetCurrentAssets,-26.2
Scottish Power Energy Retail Ltd,2003,NetCurrentAssets,-27.3
Scottish Power Energy Retail Ltd,2004,NetCurrentAssets,-23.8
Scottish Power Energy Retail Ltd,2005,NetCurrentAssets,49.6
Scottish Power Energy Retail Ltd,2006,NetCurrentAssets,-25
Scottish Power Energy Retail Ltd,2007,NetCurrentAssets,-3.2
Scottish Power Energy Retail Ltd,2007,NetCurrentAssets,86.4
Scottish Power Energy Retail Ltd,2008,NetCurrentAssets,78.6
Scottish Power Energy Retail Ltd,2009,NetCurrentAssets,84.5
Scottish Power Energy Retail Ltd,2010,NetCurrentAssets,839.6
Scottish Power Energy Retail Ltd,2011,NetCurrentAssets,633.3
Scottish Power Energy Retail Ltd,2012,NetCurrentAssets,549.3
Scottish Power Energy Retail Ltd,2013,NetCurrentAssets,626.8
Scottish Power Energy Retail Ltd,2014,NetCurrentAssets,1117.8
Scottish Power Energy Retail Ltd,2016,NetCurrentAssets,800.4
Scottish Power Energy Retail Ltd,2017,NetCurrentAssets,1092.6
Scottish Power Energy Retail Ltd,2018,NetCurrentAssets,1081.6
Scottish Power Energy Retail Ltd,2019,NetCurrentAssets,1020.3
Scottish Power Energy Retail Ltd,2020,NetCurrentAssets,946.3
Scottish Power Energy Retail Ltd,2021,NetCurrentAssets,1108.9
Scottish Power Energy Retail Ltd,2022,NetCurrentAssets,2065.1
Scottish Power Energy Retail Ltd,2023,NetCurrentAssets,1713
Scottish Power Energy Retail Ltd,2024,NetCurrentAssets,1352.1
,,,
company,year,item,value
Scottish Power Energy Retail Ltd,2000,TotalAssetsLessCurrentLiabilities,2
Scottish Power Energy Retail Ltd,2001,TotalAssetsLessCurrentLiabilities,2
Scottish Power Energy Retail Ltd,2002,TotalAssetsLessCurrentLiabilities,88.7
Scottish Power Energy Retail Ltd,2003,TotalAssetsLessCurrentLiabilities,70.8
Scottish Power Energy Retail Ltd,2004,TotalAssetsLessCurrentLiabilities,68.8
Scottish Power Energy Retail Ltd,2005,TotalAssetsLessCurrentLiabilities,141.2
Scottish Power Energy Retail Ltd,2006,TotalAssetsLessCurrentLiabilities,75
Scottish Power Energy Retail Ltd,2007,TotalAssetsLessCurrentLiabilities,92.1
Scottish Power Energy Retail Ltd,2007,TotalAssetsLessCurrentLiabilities,109.5
Scottish Power Energy Retail Ltd,2008,TotalAssetsLessCurrentLiabilities,100
Scottish Power Energy Retail Ltd,2009,TotalAssetsLessCurrentLiabilities,104.3
Scottish Power Energy Retail Ltd,2010,TotalAssetsLessCurrentLiabilities,869.6
Scottish Power Energy Retail Ltd,2011,TotalAssetsLessCurrentLiabilities,675.3
Scottish Power Energy Retail Ltd,2012,TotalAssetsLessCurrentLiabilities,752.8
Scottish Power Energy Retail Ltd,2013,TotalAssetsLessCurrentLiabilities,866.9
Scottish Power Energy Retail Ltd,2014,TotalAssetsLessCurrentLiabilities,1349.1
Scottish Power Energy Retail Ltd,2016,TotalAssetsLessCurrentLiabilities,285.1
Scottish Power Energy Retail Ltd,2017,TotalAssetsLessCurrentLiabilities,284
Scottish Power Energy Retail Ltd,2018,TotalAssetsLessCurrentLiabilities,381.2
Scottish Power Energy Retail Ltd,2019,TotalAssetsLessCurrentLiabilities,437.9
Scottish Power Energy Retail Ltd,2020,TotalAssetsLessCurrentLiabilities,352.3
Scottish Power Energy Retail Ltd,2021,TotalAssetsLessCurrentLiabilities,350.4
Scottish Power Energy Retail Ltd,2022,TotalAssetsLessCurrentLiabilities,282.6
Scottish Power Energy Retail Ltd,2023,TotalAssetsLessCurrentLiabilities,218.9
Scottish Power Energy Retail Ltd,2024,TotalAssetsLessCurrentLiabilities,233.6
,,,
company,year,item,value
Scottish Power Energy Retail Ltd,2000,NetAssets,2
Scottish Power Energy Retail Ltd,2001,NetAssets,2
Scottish Power Energy Retail Ltd,2002,NetAssets,64.3
Scottish Power Energy Retail Ltd,2003,NetAssets,57.8
Scottish Power Energy Retail Ltd,2004,NetAssets,58.3
Scottish Power Energy Retail Ltd,2005,NetAssets,132.4
Scottish Power Energy Retail Ltd,2006,NetAssets,61.6
Scottish Power Energy Retail Ltd,2007,NetAssets,80.9
Scottish Power Energy Retail Ltd,2007,NetAssets,108.3
Scottish Power Energy Retail Ltd,2008,NetAssets,98.8
Scottish Power Energy Retail Ltd,2009,NetAssets,103.7
Scottish Power Energy Retail Ltd,2010,NetAssets,94.8
Scottish Power Energy Retail Ltd,2011,NetAssets,79.5
Scottish Power Energy Retail Ltd,2012,NetAssets,168.3
Scottish Power Energy Retail Ltd,2013,NetAssets,132.6
Scottish Power Energy Retail Ltd,2014,NetAssets,187.8
Scottish Power Energy Retail Ltd,2016,NetAssets,157.6
Scottish Power Energy Retail Ltd,2017,NetAssets,102.8
Scottish Power Energy Retail Ltd,2018,NetAssets,179.8
Scottish Power Energy Retail Ltd,2019,NetAssets,117.7
Scottish Power Energy Retail Ltd,2020,NetAssets,67.4
Scottish Power Energy Retail Ltd,2021,NetAssets,-181.8
Scottish Power Energy Retail Ltd,2022,NetAssets,-488.4
Scottish Power Energy Retail Ltd,2023,NetAssets,-54.2
Scottish Power Energy Retail Ltd,2024,NetAssets,127.6
,,,
company,year,item,value
Scottish Power Energy Retail Ltd,2000,ShareCapital,2
Scottish Power Energy Retail Ltd,2001,ShareCapital,2
Scottish Power Energy Retail Ltd,2002,ShareCapital,55.4
Scottish Power Energy Retail Ltd,2003,ShareCapital,55.4
Scottish Power Energy Retail Ltd,2004,ShareCapital,55.4
Scottish Power Energy Retail Ltd,2005,ShareCapital,55.4
Scottish Power Energy Retail Ltd,2006,ShareCapital,55.4
Scottish Power Energy Retail Ltd,2007,ShareCapital,55.4
Scottish Power Energy Retail Ltd,2008,ShareCapital,55.4
Scottish Power Energy Retail Ltd,2009,ShareCapital,55.4
Scottish Power Energy Retail Ltd,2010,ShareCapital,55.4
Scottish Power Energy Retail Ltd,2011,ShareCapital,55.4
Scottish Power Energy Retail Ltd,2012,ShareCapital,55.4
Scottish Power Energy Retail Ltd,2013,ShareCapital,55.4
Scottish Power Energy Retail Ltd,2014,ShareCapital,55.4
Scottish Power Energy Retail Ltd,2016,ShareCapital,55.4
Scottish Power Energy Retail Ltd,2017,ShareCapital,55.4
Scottish Power Energy Retail Ltd,2018,ShareCapital,55.4
Scottish Power Energy Retail Ltd,2019,ShareCapital,55.4
Scottish Power Energy Retail Ltd,2020,ShareCapital,55.4
Scottish Power Energy Retail Ltd,2021,ShareCapital,55.4
Scottish Power Energy Retail Ltd,2022,ShareCapital,55.4
Scottish Power Energy Retail Ltd,2023,ShareCapital,55.4
Scottish Power Energy Retail Ltd,2024,ShareCapital,55.4
Octopus Energy Ltd,2015,TangibleAssets,0.002892
Octopus Energy Ltd,2016,TangibleAssets,0.015
Octopus Energy Ltd,2017,TangibleAssets,0.05
Octopus Energy Ltd,2018,TangibleAssets,0.186
Octopus Energy Ltd,2019,TangibleAssets,0.422
Octopus Energy Ltd,2020,TangibleAssets,0.735
Octopus Energy Ltd,2021,TangibleAssets,1.044
Octopus Energy Ltd,2022,TangibleAssets,3.6
Octopus Energy Ltd,2023,TangibleAssets,7.8
Octopus Energy Ltd,2024,TangibleAssets,11.8
Octopus Energy Ltd,2025,TangibleAssets,14.6
,,,
company,year,item,value
Octopus Energy Ltd,2015,IntangibleAssets,0.103137
Octopus Energy Ltd,2016,IntangibleAssets,0.439
Octopus Energy Ltd,2017,IntangibleAssets,3.956
Octopus Energy Ltd,2018,IntangibleAssets,11.896
Octopus Energy Ltd,2019,IntangibleAssets,33.227
Octopus Energy Ltd,2020,IntangibleAssets,82.472
Octopus Energy Ltd,2021,IntangibleAssets,122.11
Octopus Energy Ltd,2022,IntangibleAssets,139.6
Octopus Energy Ltd,2023,IntangibleAssets,67.8
Octopus Energy Ltd,2024,IntangibleAssets,198.2
Octopus Energy Ltd,2025,IntangibleAssets,195.3
,,,
company,year,item,value
Octopus Energy Ltd,2015,Debtors,0.000001
Octopus Energy Ltd,2016,Debtors,0.626
Octopus Energy Ltd,2017,Debtors,13.985
Octopus Energy Ltd,2018,Debtors,46.526
Octopus Energy Ltd,2019,Debtors,100.833
Octopus Energy Ltd,2020,Debtors,365.314
Octopus Energy Ltd,2021,Debtors,325.802
Octopus Energy Ltd,2022,Debtors,1486.6
Octopus Energy Ltd,2023,Debtors,1529.1
Octopus Energy Ltd,2024,Debtors,1720.2
Octopus Energy Ltd,2025,Debtors,2497.7
,,,
company,year,item,value
Octopus Energy Ltd,2015,NetCurrentAssets,-0.189375
Octopus Energy Ltd,2016,NetCurrentAssets,0.418
Octopus Energy Ltd,2017,NetCurrentAssets,6.087
Octopus Energy Ltd,2018,NetCurrentAssets,-4.143
Octopus Energy Ltd,2019,NetCurrentAssets,-18.545
Octopus Energy Ltd,2020,NetCurrentAssets,-62.535
Octopus Energy Ltd,2021,NetCurrentAssets,-187.207
Octopus Energy Ltd,2022,NetCurrentAssets,-393.1
Octopus Energy Ltd,2023,NetCurrentAssets,-150.6
Octopus Energy Ltd,2024,NetCurrentAssets,-527.3
Octopus Energy Ltd,2025,NetCurrentAssets,-309
,,,
company,year,item,value
Octopus Energy Ltd,2016,TotalAssetsLessCurrentLiabilities,0.872
Octopus Energy Ltd,2017,TotalAssetsLessCurrentLiabilities,10.093
Octopus Energy Ltd,2018,TotalAssetsLessCurrentLiabilities,7.939
Octopus Energy Ltd,2019,TotalAssetsLessCurrentLiabilities,15.127
Octopus Energy Ltd,2020,TotalAssetsLessCurrentLiabilities,20.695
Octopus Energy Ltd,2021,TotalAssetsLessCurrentLiabilities,-64.03
Octopus Energy Ltd,2022,TotalAssetsLessCurrentLiabilities,-249.9
Octopus Energy Ltd,2023,TotalAssetsLessCurrentLiabilities,-64.3
Octopus Energy Ltd,2024,TotalAssetsLessCurrentLiabilities,149.2
,,,
company,year,item,value
Octopus Energy Ltd,2016,LoansAndBorrowings,1.67
Octopus Energy Ltd,2017,LoansAndBorrowings,16.758
Octopus Energy Ltd,2018,LoansAndBorrowings,20.534
Octopus Energy Ltd,2019,LoansAndBorrowings,58.103
Octopus Energy Ltd,2020,LoansAndBorrowings,110.656
Octopus Energy Ltd,2024,LoansAndBorrowings,29
Octopus Energy Ltd,2025,LoansAndBorrowings,2.6
,,,
company,year,item,value
Octopus Energy Ltd,2015,OtherCreditors,0.189376
Octopus Energy Ltd,2016,OtherCreditors,0.243
Octopus Energy Ltd,2017,OtherCreditors,15.424
Octopus Energy Ltd,2018,OtherCreditors,55.622
Octopus Energy Ltd,2019,OtherCreditors,143.229
Octopus Energy Ltd,2020,OtherCreditors,452.843
Octopus Energy Ltd,2021,OtherCreditors,556.276
Octopus Energy Ltd,2022,OtherCreditors,2049.5
Octopus Energy Ltd,2023,OtherCreditors,1909.9
Octopus Energy Ltd,2024,OtherCreditors,2575.6
Octopus Energy Ltd,2025,OtherCreditors,3480.2
,,,
company,year,item,value
Octopus Energy Ltd,2016,DeferredTax,0.048
Octopus Energy Ltd,2017,DeferredTax,0.046
Octopus Energy Ltd,2018,DeferredTax,0.032
Octopus Energy Ltd,2020,DeferredTax,8.739
Octopus Energy Ltd,2021,DeferredTax,5.945
Octopus Energy Ltd,2022,DeferredTax,31.3
Octopus Energy Ltd,2023,DeferredTax,10.7
Octopus Energy Ltd,2024,DeferredTax,-20.9
Octopus Energy Ltd,2025,DeferredTax,-33.1
,,,
company,year,item,value
Octopus Energy Ltd,2015,NetAssets,-0.083346
Octopus Energy Ltd,2016,NetAssets,-0.846
Octopus Energy Ltd,2017,NetAssets,-6.711
Octopus Energy Ltd,2018,NetAssets,-12.627
Octopus Energy Ltd,2019,NetAssets,-42.976
Octopus Energy Ltd,2020,NetAssets,-89.961
Octopus Energy Ltd,2021,NetAssets,-64.03
Octopus Energy Ltd,2022,NetAssets,-249.9
Octopus Energy Ltd,2023,NetAssets,-64.3
Octopus Energy Ltd,2024,NetAssets,99.3
Octopus Energy Ltd,2025,NetAssets,681.3
,,,
company,year,item,value
Octopus Energy Ltd,2015,ShareCapital,0.000001
Octopus Energy Ltd,2016,ShareCapital,0
Octopus Energy Ltd,2017,ShareCapital,0
Octopus Energy Ltd,2018,ShareCapital,0
Octopus Energy Ltd,2019,ShareCapital,0
Octopus Energy Ltd,2020,ShareCapital,0
Octopus Energy Ltd,2021,ShareCapital,0
Octopus Energy Ltd,2022,ShareCapital,0
Octopus Energy Ltd,2023,ShareCapital,0
Octopus Energy Ltd,2024,ShareCapital,0
Octopus Energy Ltd,2025,ShareCapital,0
,,,
company,year,item,value
Octopus Energy Ltd,2015,RetainedEarnings,-0.083347
Octopus Energy Ltd,2016,RetainedEarnings,-0.846
Octopus Energy Ltd,2017,RetainedEarnings,-6.711
Octopus Energy Ltd,2018,RetainedEarnings,-12.627
Octopus Energy Ltd,2019,RetainedEarnings,-42.976
Octopus Energy Ltd,2020,RetainedEarnings,-89.961
Octopus Energy Ltd,2021,RetainedEarnings,64.999
Octopus Energy Ltd,2022,RetainedEarnings,253.1
Octopus Energy Ltd,2023,RetainedEarnings,-71.3
Octopus Energy Ltd,2024,RetainedEarnings,88.1
Octopus Energy Ltd,2025,RetainedEarnings,158.9
OVO Energy Ltd,2010,TangibleAssets,0.063
OVO Energy Ltd,2011,TangibleAssets,0.265
OVO Energy Ltd,2011,TangibleAssets,0.255
OVO Energy Ltd,2013,TangibleAssets,0.778
OVO Energy Ltd,2014,TangibleAssets,5.109
OVO Energy Ltd,2015,TangibleAssets,4.455
OVO Energy Ltd,2016,TangibleAssets,4.199
OVO Energy Ltd,2017,TangibleAssets,2.738
OVO Energy Ltd,2018,TangibleAssets,1.45
OVO Energy Ltd,2019,TangibleAssets,3.44
OVO Energy Ltd,2020,TangibleAssets,3
OVO Energy Ltd,2021,TangibleAssets,4
OVO Energy Ltd,2022,TangibleAssets,8
OVO Energy Ltd,2023,TangibleAssets,17
OVO Energy Ltd,2024,TangibleAssets,8
OVO Energy Ltd,2025,TangibleAssets,14
,,,
company,year,item,value
OVO Energy Ltd,2010,IntangibleAssets,0.218
OVO Energy Ltd,2011,IntangibleAssets,0.57
OVO Energy Ltd,2011,IntangibleAssets,0.945
OVO Energy Ltd,2013,IntangibleAssets,1.854
OVO Energy Ltd,2014,IntangibleAssets,5.552
OVO Energy Ltd,2015,IntangibleAssets,8.063
OVO Energy Ltd,2016,IntangibleAssets,8.269
OVO Energy Ltd,2017,IntangibleAssets,6.811
OVO Energy Ltd,2018,IntangibleAssets,3.633
OVO Energy Ltd,2019,IntangibleAssets,20.507
OVO Energy Ltd,2020,IntangibleAssets,16
OVO Energy Ltd,2021,IntangibleAssets,20
OVO Energy Ltd,2022,IntangibleAssets,69
OVO Energy Ltd,2023,IntangibleAssets,288
OVO Energy Ltd,2024,IntangibleAssets,244
OVO Energy Ltd,2025,IntangibleAssets,368
,,,
company,year,item,value
OVO Energy Ltd,2010,Debtors,5.135
OVO Energy Ltd,2011,Debtors,20.925
OVO Energy Ltd,2011,Debtors,4.646
OVO Energy Ltd,2013,Debtors,18.866
OVO Energy Ltd,2014,Debtors,42.86
OVO Energy Ltd,2015,Debtors,35.302
OVO Energy Ltd,2016,Debtors,53.814
OVO Energy Ltd,2017,Debtors,86.907
OVO Energy Ltd,2018,Debtors,83.803
OVO Energy Ltd,2019,Debtors,151.154
OVO Energy Ltd,2020,Debtors,798
OVO Energy Ltd,2021,Debtors,897
OVO Energy Ltd,2022,Debtors,1414
OVO Energy Ltd,2023,Debtors,1016
OVO Energy Ltd,2024,Debtors,723
OVO Energy Ltd,2025,Debtors,889
,,,
company,year,item,value
OVO Energy Ltd,2010,NetCurrentAssets,-0.971
OVO Energy Ltd,2011,NetCurrentAssets,-2.765
OVO Energy Ltd,2011,NetCurrentAssets,-6.844
OVO Energy Ltd,2013,NetCurrentAssets,-20.37
OVO Energy Ltd,2014,NetCurrentAssets,-55.77
OVO Energy Ltd,2015,NetCurrentAssets,-91.032
OVO Energy Ltd,2016,NetCurrentAssets,-109.223
OVO Energy Ltd,2017,NetCurrentAssets,-51.432
OVO Energy Ltd,2018,NetCurrentAssets,-60.244
OVO Energy Ltd,2019,NetCurrentAssets,-224.946
OVO Energy Ltd,2020,NetCurrentAssets,-885
OVO Energy Ltd,2021,NetCurrentAssets,-490
OVO Energy Ltd,2022,NetCurrentAssets,-2044
OVO Energy Ltd,2023,NetCurrentAssets,-1230
OVO Energy Ltd,2024,NetCurrentAssets,-2110
OVO Energy Ltd,2025,NetCurrentAssets,-309
,,,
company,year,item,value
OVO Energy Ltd,2020,TotalAssetsLessCurrentLiabilities,-424
OVO Energy Ltd,2021,TotalAssetsLessCurrentLiabilities,-26
OVO Energy Ltd,2022,TotalAssetsLessCurrentLiabilities,-1501
OVO Energy Ltd,2023,TotalAssetsLessCurrentLiabilities,-470
OVO Energy Ltd,2024,TotalAssetsLessCurrentLiabilities,-624
OVO Energy Ltd,2025,TotalAssetsLessCurrentLiabilities,-82
,,,
company,year,item,value
OVO Energy Ltd,2019,LoansAndBorrowings,15.693
OVO Energy Ltd,2020,LoansAndBorrowings,16
OVO Energy Ltd,2021,LoansAndBorrowings,52
OVO Energy Ltd,2022,LoansAndBorrowings,52
OVO Energy Ltd,2023,LoansAndBorrowings,75
OVO Energy Ltd,2024,LoansAndBorrowings,55
OVO Energy Ltd,2025,LoansAndBorrowings,50
,,,
company,year,item,value
OVO Energy Ltd,2010,OtherCreditors,6.931
OVO Energy Ltd,2011,OtherCreditors,25.598
OVO Energy Ltd,2011,OtherCreditors,13.615
OVO Energy Ltd,2013,OtherCreditors,39.418
OVO Energy Ltd,2014,OtherCreditors,46.678
OVO Energy Ltd,2015,OtherCreditors,83.563
OVO Energy Ltd,2016,OtherCreditors,113.48
OVO Energy Ltd,2017,OtherCreditors,167.839
OVO Energy Ltd,2018,OtherCreditors,221.927
OVO Energy Ltd,2019,OtherCreditors,315.222
OVO Energy Ltd,2020,OtherCreditors,1718
OVO Energy Ltd,2021,OtherCreditors,1427
OVO Energy Ltd,2022,OtherCreditors,4425
OVO Energy Ltd,2023,OtherCreditors,2914
OVO Energy Ltd,2024,OtherCreditors,3097
OVO Energy Ltd,2025,OtherCreditors,1032
,,,
company,year,item,value
OVO Energy Ltd,2011,DeferredTax,1.516
OVO Energy Ltd,2013,DeferredTax,1.553
OVO Energy Ltd,2014,DeferredTax,8.861
OVO Energy Ltd,2015,DeferredTax,12.479
OVO Energy Ltd,2016,DeferredTax,14.355
OVO Energy Ltd,2017,DeferredTax,13.309
OVO Energy Ltd,2018,DeferredTax,22.161
OVO Energy Ltd,2019,DeferredTax,14.301
OVO Energy Ltd,2025,DeferredTax,244
,,,
company,year,item,value
OVO Energy Ltd,2013,OtherProvisions,0.225
OVO Energy Ltd,2014,OtherProvisions,0.219
OVO Energy Ltd,2015,OtherProvisions,0.373
OVO Energy Ltd,2016,OtherProvisions,0.551
OVO Energy Ltd,2017,OtherProvisions,0.74
OVO Energy Ltd,2018,OtherProvisions,2.923
OVO Energy Ltd,2019,OtherProvisions,2.541
OVO Energy Ltd,2020,OtherProvisions,3
OVO Energy Ltd,2021,OtherProvisions,86
OVO Energy Ltd,2022,OtherProvisions,43
OVO Energy Ltd,2023,OtherProvisions,72
OVO Energy Ltd,2024,OtherProvisions,47
OVO Energy Ltd,2025,OtherProvisions,28
,,,
company,year,item,value
OVO Energy Ltd,2013,DeferredIncome,24.414
OVO Energy Ltd,2014,DeferredIncome,81.83
OVO Energy Ltd,2015,DeferredIncome,88.145
OVO Energy Ltd,2016,DeferredIncome,74.95
OVO Energy Ltd,2017,DeferredIncome,70.027
OVO Energy Ltd,2018,DeferredIncome,88.05
OVO Energy Ltd,2019,DeferredIncome,80.867
OVO Energy Ltd,2025,DeferredIncome,788
,,,
company,year,item,value
OVO Energy Ltd,2010,NetAssets,-0.69
OVO Energy Ltd,2011,NetAssets,-1.93
OVO Energy Ltd,2011,NetAssets,-5.644
OVO Energy Ltd,2013,NetAssets,-7.974
OVO Energy Ltd,2014,NetAssets,-36.248
OVO Energy Ltd,2015,NetAssets,-66.035
OVO Energy Ltd,2016,NetAssets,-82.4
OVO Energy Ltd,2017,NetAssets,-78.543
OVO Energy Ltd,2018,NetAssets,-123.973
OVO Energy Ltd,2019,NetAssets,-187.617
OVO Energy Ltd,2020,NetAssets,-443
OVO Energy Ltd,2021,NetAssets,-164
OVO Energy Ltd,2022,NetAssets,-1596
OVO Energy Ltd,2023,NetAssets,-617
OVO Energy Ltd,2024,NetAssets,-726
OVO Energy Ltd,2025,NetAssets,-82
,,,
company,year,item,value
OVO Energy Ltd,2010,ShareCapital,0
OVO Energy Ltd,2011,ShareCapital,0
OVO Energy Ltd,2013,ShareCapital,0
OVO Energy Ltd,2014,ShareCapital,0
OVO Energy Ltd,2015,ShareCapital,0
OVO Energy Ltd,2016,ShareCapital,0
OVO Energy Ltd,2017,ShareCapital,0
OVO Energy Ltd,2018,ShareCapital,0
OVO Energy Ltd,2019,ShareCapital,0
OVO Energy Ltd,2020,ShareCapital,0
OVO Energy Ltd,2021,ShareCapital,0
OVO Energy Ltd,2022,ShareCapital,0
OVO Energy Ltd,2023,ShareCapital,0
OVO Energy Ltd,2024,ShareCapital,0
OVO Energy Ltd,2025,ShareCapital,235
,,,
company,year,item,value
OVO Energy Ltd,2010,RetainedEarnings,-0.74
OVO Energy Ltd,2011,RetainedEarnings,-1.98
OVO Energy Ltd,2011,RetainedEarnings,-5.694
OVO Energy Ltd,2013,RetainedEarnings,-8.024
OVO Energy Ltd,2014,RetainedEarnings,-36.45
OVO Energy Ltd,2015,RetainedEarnings,-66.575
OVO Energy Ltd,2016,RetainedEarnings,-83.458
OVO Energy Ltd,2017,RetainedEarnings,-80.222
OVO Energy Ltd,2018,RetainedEarnings,-125.854
OVO Energy Ltd,2019,RetainedEarnings,-189.713
OVO Energy Ltd,2020,RetainedEarnings,-445
OVO Energy Ltd,2021,RetainedEarnings,-166
OVO Energy Ltd,2022,RetainedEarnings,-1432
OVO Energy Ltd,2023,RetainedEarnings,-620
OVO Energy Ltd,2024,RetainedEarnings,-729
OVO Energy Ltd,2025,RetainedEarnings,-470
SHELL ENERGY UK LIMITED,2012,IntangibleAssets,0
SHELL ENERGY UK LIMITED,2013,IntangibleAssets,664687
SHELL ENERGY UK LIMITED,2014,IntangibleAssets,226846
SHELL ENERGY UK LIMITED,2015,IntangibleAssets,172000
SHELL ENERGY UK LIMITED,2016,IntangibleAssets,0
SHELL ENERGY UK LIMITED,2017,IntangibleAssets,34
SHELL ENERGY UK LIMITED,2018,IntangibleAssets,925
SHELL ENERGY UK LIMITED,2019,IntangibleAssets,2472
SHELL ENERGY UK LIMITED,2020,IntangibleAssets,216000
SHELL ENERGY UK LIMITED,2021,IntangibleAssets,758000
SHELL ENERGY UK LIMITED,2022,IntangibleAssets,863000
SHELL ENERGY UK LIMITED,2023,IntangibleAssets,4547000
SHELL ENERGY UK LIMITED,2024,IntangibleAssets,14968000
SHELL ENERGY UK LIMITED,2025,IntangibleAssets,19632000
,,,
company,year,item,value
SHELL ENERGY UK LIMITED,2012,TangibleAssets,50759
SHELL ENERGY UK LIMITED,2013,TangibleAssets,102055
SHELL ENERGY UK LIMITED,2014,TangibleAssets,175227
SHELL ENERGY UK LIMITED,2015,TangibleAssets,174000
SHELL ENERGY UK LIMITED,2016,TangibleAssets,495000
SHELL ENERGY UK LIMITED,2017,TangibleAssets,471000
SHELL ENERGY UK LIMITED,2018,TangibleAssets,533000
SHELL ENERGY UK LIMITED,2019,TangibleAssets,592000
SHELL ENERGY UK LIMITED,2020,TangibleAssets,1358000
SHELL ENERGY UK LIMITED,2021,TangibleAssets,1021000
SHELL ENERGY UK LIMITED,2022,TangibleAssets,2426000
SHELL ENERGY UK LIMITED,2023,TangibleAssets,681000
SHELL ENERGY UK LIMITED,2024,TangibleAssets,216000
SHELL ENERGY UK LIMITED,2025,TangibleAssets,983000
,,,
company,year,item,value
SHELL ENERGY UK LIMITED,2014,Inventories,1102
SHELL ENERGY UK LIMITED,2015,Inventories,78
,,,
company,year,item,value
SHELL ENERGY UK LIMITED,2012,DebtorsWithin1Y,52632
SHELL ENERGY UK LIMITED,2013,DebtorsWithin1Y,2417421
SHELL ENERGY UK LIMITED,2014,DebtorsWithin1Y,9607219
SHELL ENERGY UK LIMITED,2015,DebtorsWithin1Y,24144
SHELL ENERGY UK LIMITED,2016,DebtorsWithin1Y,53220
SHELL ENERGY UK LIMITED,2017,DebtorsWithin1Y,69470
SHELL ENERGY UK LIMITED,2018,DebtorsWithin1Y,155840
SHELL ENERGY UK LIMITED,2019,DebtorsWithin1Y,137261
SHELL ENERGY UK LIMITED,2020,DebtorsWithin1Y,66556
SHELL ENERGY UK LIMITED,2021,DebtorsWithin1Y,190562
SHELL ENERGY UK LIMITED,2022,DebtorsWithin1Y,230242
SHELL ENERGY UK LIMITED,2023,DebtorsWithin1Y,135215000
SHELL ENERGY UK LIMITED,2024,DebtorsWithin1Y,136485000
SHELL ENERGY UK LIMITED,2025,DebtorsWithin1Y,177703000
,,,
company,year,item,value
SHELL ENERGY UK LIMITED,2019,DebtorsAfter1Y,1700
SHELL ENERGY UK LIMITED,2022,DebtorsAfter1Y,42359
SHELL ENERGY UK LIMITED,2023,DebtorsAfter1Y,1917000
,,,
company,year,item,value
SHELL ENERGY UK LIMITED,2012,Cash,0
SHELL ENERGY UK LIMITED,2013,Cash,724661
SHELL ENERGY UK LIMITED,2014,Cash,3484039
SHELL ENERGY UK LIMITED,2015,Cash,7388
SHELL ENERGY UK LIMITED,2016,Cash,34868
SHELL ENERGY UK LIMITED,2017,Cash,15172
SHELL ENERGY UK LIMITED,2018,Cash,13357
SHELL ENERGY UK LIMITED,2019,Cash,1498
SHELL ENERGY UK LIMITED,2020,Cash,10195
SHELL ENERGY UK LIMITED,2021,Cash,14956
SHELL ENERGY UK LIMITED,2022,Cash,28086
SHELL ENERGY UK LIMITED,2023,Cash,53871000
SHELL ENERGY UK LIMITED,2024,Cash,68351000
SHELL ENERGY UK LIMITED,2025,Cash,35648000
,,,
company,year,item,value
SHELL ENERGY UK LIMITED,2012,CreditorsWithin1Y,325346
SHELL ENERGY UK LIMITED,2013,CreditorsWithin1Y,1126550
SHELL ENERGY UK LIMITED,2014,CreditorsWithin1Y,11697395
SHELL ENERGY UK LIMITED,2015,CreditorsWithin1Y,27169
SHELL ENERGY UK LIMITED,2016,CreditorsWithin1Y,89259
SHELL ENERGY UK LIMITED,2017,CreditorsWithin1Y,74773
SHELL ENERGY UK LIMITED,2018,CreditorsWithin1Y,154325
SHELL ENERGY UK LIMITED,2019,CreditorsWithin1Y,180619
SHELL ENERGY UK LIMITED,2020,CreditorsWithin1Y,125794
SHELL ENERGY UK LIMITED,2021,CreditorsWithin1Y,175707
SHELL ENERGY UK LIMITED,2022,CreditorsWithin1Y,384279
SHELL ENERGY UK LIMITED,2023,CreditorsWithin1Y,293079000
SHELL ENERGY UK LIMITED,2024,CreditorsWithin1Y,241901000
SHELL ENERGY UK LIMITED,2025,CreditorsWithin1Y,228126000
,,,
company,year,item,value
SHELL ENERGY UK LIMITED,2016,CreditorsAfter1Y,2533000
SHELL ENERGY UK LIMITED,2018,CreditorsAfter1Y,4923
SHELL ENERGY UK LIMITED,2019,CreditorsAfter1Y,4330
SHELL ENERGY UK LIMITED,2020,CreditorsAfter1Y,3076
SHELL ENERGY UK LIMITED,2022,CreditorsAfter1Y,17315
SHELL ENERGY UK LIMITED,2023,CreditorsAfter1Y,62519000
SHELL ENERGY UK LIMITED,2024,CreditorsAfter1Y,46000
,,,
company,year,item,value
SHELL ENERGY UK LIMITED,2012,NetCurrentAssets,-272714
SHELL ENERGY UK LIMITED,2013,NetCurrentAssets,2015532
SHELL ENERGY UK LIMITED,2014,NetCurrentAssets,1393863
SHELL ENERGY UK LIMITED,2015,NetCurrentAssets,4363
SHELL ENERGY UK LIMITED,2016,NetCurrentAssets,-1071
SHELL ENERGY UK LIMITED,2017,NetCurrentAssets,9869
SHELL ENERGY UK LIMITED,2018,NetCurrentAssets,14872
SHELL ENERGY UK LIMITED,2019,NetCurrentAssets,-61744
SHELL ENERGY UK LIMITED,2020,NetCurrentAssets,-49043
SHELL ENERGY UK LIMITED,2021,NetCurrentAssets,29811
SHELL ENERGY UK LIMITED,2022,NetCurrentAssets,-83592
SHELL ENERGY UK LIMITED,2023,NetCurrentAssets,-102075000
SHELL ENERGY UK LIMITED,2024,NetCurrentAssets,-37066000
SHELL ENERGY UK LIMITED,2025,NetCurrentAssets,-14775000
,,,
company,year,item,value
SHELL ENERGY UK LIMITED,2012,TotalAssetsLessCurrentLiabilities,-221955
SHELL ENERGY UK LIMITED,2013,TotalAssetsLessCurrentLiabilities,2782274
SHELL ENERGY UK LIMITED,2014,TotalAssetsLessCurrentLiabilities,1795936
SHELL ENERGY UK LIMITED,2015,TotalAssetsLessCurrentLiabilities,4709
SHELL ENERGY UK LIMITED,2016,TotalAssetsLessCurrentLiabilities,-576
SHELL ENERGY UK LIMITED,2017,TotalAssetsLessCurrentLiabilities,10374
SHELL ENERGY UK LIMITED,2018,TotalAssetsLessCurrentLiabilities,16345
SHELL ENERGY UK LIMITED,2019,TotalAssetsLessCurrentLiabilities,-58665
SHELL ENERGY UK LIMITED,2020,TotalAssetsLessCurrentLiabilities,-47469
SHELL ENERGY UK LIMITED,2021,TotalAssetsLessCurrentLiabilities,31590
SHELL ENERGY UK LIMITED,2022,TotalAssetsLessCurrentLiabilities,-67680
SHELL ENERGY UK LIMITED,2023,TotalAssetsLessCurrentLiabilities,-66701000
SHELL ENERGY UK LIMITED,2024,TotalAssetsLessCurrentLiabilities,-21572000
SHELL ENERGY UK LIMITED,2025,TotalAssetsLessCurrentLiabilities,5840000
,,,
company,year,item,value
SHELL ENERGY UK LIMITED,2012,NetAssets,-221955
SHELL ENERGY UK LIMITED,2013,NetAssets,2782274
SHELL ENERGY UK LIMITED,2014,NetAssets,1795936
SHELL ENERGY UK LIMITED,2015,NetAssets,4709
SHELL ENERGY UK LIMITED,2016,NetAssets,-3109
SHELL ENERGY UK LIMITED,2017,NetAssets,10374
SHELL ENERGY UK LIMITED,2018,NetAssets,14186
SHELL ENERGY UK LIMITED,2019,NetAssets,-63588
SHELL ENERGY UK LIMITED,2020,NetAssets,-51917
SHELL ENERGY UK LIMITED,2021,NetAssets,9818
SHELL ENERGY UK LIMITED,2022,NetAssets,-84995
SHELL ENERGY UK LIMITED,2023,NetAssets,-129220000
SHELL ENERGY UK LIMITED,2024,NetAssets,-21618000
SHELL ENERGY UK LIMITED,2025,NetAssets,4188000
,,,
company,year,item,value
SHELL ENERGY UK LIMITED,2012,ShareCapital,1
SHELL ENERGY UK LIMITED,2013,ShareCapital,5200001
SHELL ENERGY UK LIMITED,2014,ShareCapital,5200001
SHELL ENERGY UK LIMITED,2015,ShareCapital,5200
SHELL ENERGY UK LIMITED,2016,ShareCapital,5200
SHELL ENERGY UK LIMITED,2017,ShareCapital,5200
SHELL ENERGY UK LIMITED,2018,ShareCapital,5
SHELL ENERGY UK LIMITED,2019,ShareCapital,5
SHELL ENERGY UK LIMITED,2020,ShareCapital,5
SHELL ENERGY UK LIMITED,2021,ShareCapital,5
SHELL ENERGY UK LIMITED,2022,ShareCapital,5
SHELL ENERGY UK LIMITED,2023,ShareCapital,5
SHELL ENERGY UK LIMITED,2024,ShareCapital,5
SHELL ENERGY UK LIMITED,2025,ShareCapital,5
,,,
company,year,item,value
SHELL ENERGY UK LIMITED,2019,SharePremium,2000
SHELL ENERGY UK LIMITED,2020,SharePremium,48000
SHELL ENERGY UK LIMITED,2021,SharePremium,88000
SHELL ENERGY UK LIMITED,2022,SharePremium,88000000
SHELL ENERGY UK LIMITED,2023,SharePremium,88000000
SHELL ENERGY UK LIMITED,2024,SharePremium,88000000
SHELL ENERGY UK LIMITED,2025,SharePremium,88000000
,,,
company,year,item,value
SHELL ENERGY UK LIMITED,2012,ProfitAndLossAccount,-221956
SHELL ENERGY UK LIMITED,2013,ProfitAndLossAccount,-2417727
SHELL ENERGY UK LIMITED,2014,ProfitAndLossAccount,-3404065
SHELL ENERGY UK LIMITED,2015,ProfitAndLossAccount,-491000
SHELL ENERGY UK LIMITED,2016,ProfitAndLossAccount,-8309
SHELL ENERGY UK LIMITED,2017,ProfitAndLossAccount,5174
SHELL ENERGY UK LIMITED,2018,ProfitAndLossAccount,14181
SHELL ENERGY UK LIMITED,2019,ProfitAndLossAccount,-63593
SHELL ENERGY UK LIMITED,2020,ProfitAndLossAccount,-102719
SHELL ENERGY UK LIMITED,2021,ProfitAndLossAccount,-38187
SHELL ENERGY UK LIMITED,2022,ProfitAndLossAccount,-173000
SHELL ENERGY UK LIMITED,2023,ProfitAndLossAccount,-217225000
SHELL ENERGY UK LIMITED,2024,ProfitAndLossAccount,-109623000
SHELL ENERGY UK LIMITED,2025,ProfitAndLossAccount,-83817000
SSE Energy Supply Ltd,2000,IntangibleAssets,169.771
SSE Energy Supply Ltd,2001,IntangibleAssets,0
SSE Energy Supply Ltd,2002,IntangibleAssets,0
SSE Energy Supply Ltd,2003,IntangibleAssets,0
SSE Energy Supply Ltd,2004,IntangibleAssets,0
SSE Energy Supply Ltd,2005,IntangibleAssets,8.2
SSE Energy Supply Ltd,2006,IntangibleAssets,292
SSE Energy Supply Ltd,2007,IntangibleAssets,6.4
SSE Energy Supply Ltd,2008,IntangibleAssets,5.5
SSE Energy Supply Ltd,2009,IntangibleAssets,4.6
SSE Energy Supply Ltd,2010,IntangibleAssets,3.7
SSE Energy Supply Ltd,2011,IntangibleAssets,2.8
SSE Energy Supply Ltd,2012,IntangibleAssets,1.8
SSE Energy Supply Ltd,2013,IntangibleAssets,0.9
SSE Energy Supply Ltd,2014,IntangibleAssets,0
SSE Energy Supply Ltd,2015,IntangibleAssets,473.5
SSE Energy Supply Ltd,2016,IntangibleAssets,265
SSE Energy Supply Ltd,2017,IntangibleAssets,339.8
SSE Energy Supply Ltd,2018,IntangibleAssets,2.6
SSE Energy Supply Ltd,2019,IntangibleAssets,3.1
SSE Energy Supply Ltd,2020,IntangibleAssets,1.5
SSE Energy Supply Ltd,2021,IntangibleAssets,21.7
SSE Energy Supply Ltd,2022,IntangibleAssets,20.2
SSE Energy Supply Ltd,2023,IntangibleAssets,23.3
SSE Energy Supply Ltd,2024,IntangibleAssets,155.6
SSE Energy Supply Ltd,2025,IntangibleAssets,149
,,,
company,year,item,value
SSE Energy Supply Ltd,2000,TangibleAssets,7.66
SSE Energy Supply Ltd,2001,TangibleAssets,7.154
SSE Energy Supply Ltd,2002,TangibleAssets,128.8
SSE Energy Supply Ltd,2003,TangibleAssets,110.5
SSE Energy Supply Ltd,2004,TangibleAssets,105.1
SSE Energy Supply Ltd,2005,TangibleAssets,89.4
SSE Energy Supply Ltd,2006,TangibleAssets,73
SSE Energy Supply Ltd,2007,TangibleAssets,52.5
SSE Energy Supply Ltd,2008,TangibleAssets,43.1
SSE Energy Supply Ltd,2009,TangibleAssets,31.4
SSE Energy Supply Ltd,2010,TangibleAssets,387.6
SSE Energy Supply Ltd,2011,TangibleAssets,364.6
SSE Energy Supply Ltd,2012,TangibleAssets,343.5
SSE Energy Supply Ltd,2013,TangibleAssets,359.3
SSE Energy Supply Ltd,2014,TangibleAssets,357.1
SSE Energy Supply Ltd,2015,TangibleAssets,394.8
SSE Energy Supply Ltd,2016,TangibleAssets,130
SSE Energy Supply Ltd,2017,TangibleAssets,2
SSE Energy Supply Ltd,2018,TangibleAssets,0
,,,
company,year,item,value
SSE Energy Supply Ltd,2000,DebtorsWithin1Y,117.7
SSE Energy Supply Ltd,2001,DebtorsWithin1Y,60.073
SSE Energy Supply Ltd,2002,DebtorsWithin1Y,1
SSE Energy Supply Ltd,2003,DebtorsWithin1Y,79.1
SSE Energy Supply Ltd,2004,DebtorsWithin1Y,1
SSE Energy Supply Ltd,2005,DebtorsWithin1Y,75.1
SSE Energy Supply Ltd,2006,DebtorsWithin1Y,1
SSE Energy Supply Ltd,2007,DebtorsWithin1Y,361.7
SSE Energy Supply Ltd,2008,DebtorsWithin1Y,1
SSE Energy Supply Ltd,2009,DebtorsWithin1Y,939.9
SSE Energy Supply Ltd,2010,DebtorsWithin1Y,2
SSE Energy Supply Ltd,2011,DebtorsWithin1Y,285.5
SSE Energy Supply Ltd,2012,DebtorsWithin1Y,2
SSE Energy Supply Ltd,2013,DebtorsWithin1Y,3
SSE Energy Supply Ltd,2014,DebtorsWithin1Y,380.4
SSE Energy Supply Ltd,2015,DebtorsWithin1Y,3
SSE Energy Supply Ltd,2016,DebtorsWithin1Y,87.6
SSE Energy Supply Ltd,2017,DebtorsWithin1Y,3
SSE Energy Supply Ltd,2018,DebtorsWithin1Y,384.3
SSE Energy Supply Ltd,2019,DebtorsWithin1Y,5
SSE Energy Supply Ltd,2020,DebtorsWithin1Y,538.7
SSE Energy Supply Ltd,2021,DebtorsWithin1Y,7
SSE Energy Supply Ltd,2022,DebtorsWithin1Y,576.9
SSE Energy Supply Ltd,2023,DebtorsWithin1Y,3
SSE Energy Supply Ltd,2024,DebtorsWithin1Y,149.4
SSE Energy Supply Ltd,2025,DebtorsWithin1Y,79.4
,,,
company,year,item,value
SSE Energy Supply Ltd,2003,DebtorsAfter1Y,60.3
SSE Energy Supply Ltd,2004,DebtorsAfter1Y,60.3
SSE Energy Supply Ltd,2005,DebtorsAfter1Y,60.3
SSE Energy Supply Ltd,2006,DebtorsAfter1Y,60.3
SSE Energy Supply Ltd,2007,DebtorsAfter1Y,60.3
SSE Energy Supply Ltd,2008,DebtorsAfter1Y,60.3
SSE Energy Supply Ltd,2009,DebtorsAfter1Y,60.3
SSE Energy Supply Ltd,2010,DebtorsAfter1Y,2.7
SSE Energy Supply Ltd,2011,DebtorsAfter1Y,1
SSE Energy Supply Ltd,2012,DebtorsAfter1Y,524.8
SSE Energy Supply Ltd,2013,DebtorsAfter1Y,625.6
SSE Energy Supply Ltd,2014,DebtorsAfter1Y,497.6
SSE Energy Supply Ltd,2015,DebtorsAfter1Y,841.1
SSE Energy Supply Ltd,2017,DebtorsAfter1Y,50.3
SSE Energy Supply Ltd,2019,DebtorsAfter1Y,464.6
SSE Energy Supply Ltd,2020,DebtorsAfter1Y,143.4
SSE Energy Supply Ltd,2022,DebtorsAfter1Y,729.2
,,,
company,year,item,value
SSE Energy Supply Ltd,2002,Stock,26.8
SSE Energy Supply Ltd,2003,Stock,24.6
SSE Energy Supply Ltd,2004,Stock,8.4
SSE Energy Supply Ltd,2005,Stock,97
SSE Energy Supply Ltd,2006,Stock,117.2
SSE Energy Supply Ltd,2007,Stock,159.8
SSE Energy Supply Ltd,2008,Stock,172.7
SSE Energy Supply Ltd,2009,Stock,288.7
SSE Energy Supply Ltd,2010,Stock,188.9
SSE Energy Supply Ltd,2011,Stock,120.7
SSE Energy Supply Ltd,2012,Stock,233.1
SSE Energy Supply Ltd,2013,Stock,177.8
SSE Energy Supply Ltd,2014,Stock,273.4
SSE Energy Supply Ltd,2015,Stock,231.4
,,,
company,year,item,value
SSE Energy Supply Ltd,2000,Cash,10.897
SSE Energy Supply Ltd,2001,Cash,1.425
SSE Energy Supply Ltd,2002,Cash,53.9
SSE Energy Supply Ltd,2003,Cash,15.8
SSE Energy Supply Ltd,2004,Cash,15.9
SSE Energy Supply Ltd,2005,Cash,22.4
SSE Energy Supply Ltd,2006,Cash,21.1
SSE Energy Supply Ltd,2007,Cash,27.1
SSE Energy Supply Ltd,2008,Cash,34.3
SSE Energy Supply Ltd,2009,Cash,45
SSE Energy Supply Ltd,2010,Cash,37.7
SSE Energy Supply Ltd,2011,Cash,26.9
SSE Energy Supply Ltd,2012,Cash,145.5
SSE Energy Supply Ltd,2013,Cash,183.7
SSE Energy Supply Ltd,2014,Cash,134.6
SSE Energy Supply Ltd,2015,Cash,118
SSE Energy Supply Ltd,2016,Cash,137.6
SSE Energy Supply Ltd,2017,Cash,119.3
SSE Energy Supply Ltd,2018,Cash,57.9
SSE Energy Supply Ltd,2019,Cash,15.1
SSE Energy Supply Ltd,2020,Cash,18.5
SSE Energy Supply Ltd,2021,Cash,16.8
SSE Energy Supply Ltd,2022,Cash,26.7
SSE Energy Supply Ltd,2023,Cash,29.9
SSE Energy Supply Ltd,2024,Cash,13.8
SSE Energy Supply Ltd,2025,Cash,0
,,,
company,year,item,value
SSE Energy Supply Ltd,2000,TotalCurrentAssets,128.597
SSE Energy Supply Ltd,2001,TotalCurrentAssets,61.498
SSE Energy Supply Ltd,2002,TotalCurrentAssets,1
SSE Energy Supply Ltd,2003,TotalCurrentAssets,159.8
SSE Energy Supply Ltd,2004,TotalCurrentAssets,1
SSE Energy Supply Ltd,2005,TotalCurrentAssets,175.8
SSE Energy Supply Ltd,2006,TotalCurrentAssets,1
SSE Energy Supply Ltd,2007,TotalCurrentAssets,446.3
SSE Energy Supply Ltd,2008,TotalCurrentAssets,2
SSE Energy Supply Ltd,2009,TotalCurrentAssets,122.2
SSE Energy Supply Ltd,2010,TotalCurrentAssets,2
SSE Energy Supply Ltd,2011,TotalCurrentAssets,486.3
SSE Energy Supply Ltd,2012,TotalCurrentAssets,3
SSE Energy Supply Ltd,2013,TotalCurrentAssets,4
SSE Energy Supply Ltd,2014,TotalCurrentAssets,761.8
SSE Energy Supply Ltd,2015,TotalCurrentAssets,4
SSE Energy Supply Ltd,2016,TotalCurrentAssets,440.3
SSE Energy Supply Ltd,2017,TotalCurrentAssets,5
SSE Energy Supply Ltd,2018,TotalCurrentAssets,50.1
SSE Energy Supply Ltd,2019,TotalCurrentAssets,6
SSE Energy Supply Ltd,2020,TotalCurrentAssets,726.6
SSE Energy Supply Ltd,2021,TotalCurrentAssets,9
SSE Energy Supply Ltd,2022,TotalCurrentAssets,160.8
SSE Energy Supply Ltd,2023,TotalCurrentAssets,5
SSE Energy Supply Ltd,2024,TotalCurrentAssets,413.2
SSE Energy Supply Ltd,2025,TotalCurrentAssets,2
,,,
company,year,item,value
SSE Energy Supply Ltd,2000,CreditorsWithin1Y,-155.358
SSE Energy Supply Ltd,2001,CreditorsWithin1Y,-68.451
SSE Energy Supply Ltd,2002,CreditorsWithin1Y,-769.6
SSE Energy Supply Ltd,2003,CreditorsWithin1Y,-827.1
SSE Energy Supply Ltd,2004,CreditorsWithin1Y,-977.4
SSE Energy Supply Ltd,2005,CreditorsWithin1Y,-1640.7
SSE Energy Supply Ltd,2006,CreditorsWithin1Y,-2182.2
SSE Energy Supply Ltd,2007,CreditorsWithin1Y,-2641.4
SSE Energy Supply Ltd,2008,CreditorsWithin1Y,-4052.8
SSE Energy Supply Ltd,2009,CreditorsWithin1Y,-4361.6
SSE Energy Supply Ltd,2010,CreditorsWithin1Y,-4043.2
SSE Energy Supply Ltd,2011,CreditorsWithin1Y,-4563.2
SSE Energy Supply Ltd,2012,CreditorsWithin1Y,-6071.1
SSE Energy Supply Ltd,2013,CreditorsWithin1Y,-4274.1
SSE Energy Supply Ltd,2014,CreditorsWithin1Y,-3923.3
SSE Energy Supply Ltd,2015,CreditorsWithin1Y,-2152.9
SSE Energy Supply Ltd,2016,CreditorsWithin1Y,-1664
SSE Energy Supply Ltd,2017,CreditorsWithin1Y,-1940.7
SSE Energy Supply Ltd,2018,CreditorsWithin1Y,-2436.7
SSE Energy Supply Ltd,2019,CreditorsWithin1Y,-2777.5
SSE Energy Supply Ltd,2020,CreditorsWithin1Y,-2550.8
SSE Energy Supply Ltd,2021,CreditorsWithin1Y,-2169.7
,,,
company,year,item,value
SSE Energy Supply Ltd,2002,CreditorsAfter1Y,189.1
SSE Energy Supply Ltd,2003,CreditorsAfter1Y,178.7
SSE Energy Supply Ltd,2004,CreditorsAfter1Y,217.9
SSE Energy Supply Ltd,2005,CreditorsAfter1Y,199.1
SSE Energy Supply Ltd,2006,CreditorsAfter1Y,163.5
SSE Energy Supply Ltd,2007,CreditorsAfter1Y,72.7
SSE Energy Supply Ltd,2008,CreditorsAfter1Y,221.2
SSE Energy Supply Ltd,2009,CreditorsAfter1Y,375.6
SSE Energy Supply Ltd,2010,CreditorsAfter1Y,661.6
SSE Energy Supply Ltd,2011,CreditorsAfter1Y,591.7
SSE Energy Supply Ltd,2012,CreditorsAfter1Y,580
SSE Energy Supply Ltd,2013,CreditorsAfter1Y,-564.8
SSE Energy Supply Ltd,2014,CreditorsAfter1Y,-549.2
SSE Energy Supply Ltd,2015,CreditorsAfter1Y,-534.1
SSE Energy Supply Ltd,2016,CreditorsAfter1Y,-269
SSE Energy Supply Ltd,2017,CreditorsAfter1Y,-4465
,,,
company,year,item,value
SSE Energy Supply Ltd,2000,NetCurrentAssets,-26.761
SSE Energy Supply Ltd,2001,NetCurrentAssets,-6.953
SSE Energy Supply Ltd,2002,NetCurrentAssets,390.2
SSE Energy Supply Ltd,2003,NetCurrentAssets,348.7
SSE Energy Supply Ltd,2004,NetCurrentAssets,468.9
SSE Energy Supply Ltd,2005,NetCurrentAssets,481.5
SSE Energy Supply Ltd,2006,NetCurrentAssets,304.1
SSE Energy Supply Ltd,2007,NetCurrentAssets,702.2
SSE Energy Supply Ltd,2008,NetCurrentAssets,879.9
SSE Energy Supply Ltd,2009,NetCurrentAssets,710.8
SSE Energy Supply Ltd,2010,NetCurrentAssets,634.1
SSE Energy Supply Ltd,2011,NetCurrentAssets,624.2
SSE Energy Supply Ltd,2012,NetCurrentAssets,619.8
SSE Energy Supply Ltd,2013,NetCurrentAssets,
Axpo UK Ltd,2013,Property_plant_equipment,53735
Axpo UK Ltd,2014,Property_plant_equipment,116203
Axpo UK Ltd,2015,Property_plant_equipment,70569
Axpo UK Ltd,2016,Property_plant_equipment,36463
Axpo UK Ltd,2017,Property_plant_equipment,44676
Axpo UK Ltd,2018,Property_plant_equipment,83
Axpo UK Ltd,2019,Property_plant_equipment,92
Axpo UK Ltd,2020,Property_plant_equipment,382
Axpo UK Ltd,2021,Property_plant_equipment,346
Axpo UK Ltd,2022,Property_plant_equipment,1043
Axpo UK Ltd,2023,Property_plant_equipment,774
Axpo UK Ltd,2024,Property_plant_equipment,495
Axpo UK Ltd,2025,Property_plant_equipment,959
,,,
company,year,item,value
Axpo UK Ltd,2013,Investments,102203
Axpo UK Ltd,2014,Investments,92132
Axpo UK Ltd,2015,Investments,87632
Axpo UK Ltd,2016,Investments,82618
Axpo UK Ltd,2017,Investments,77280
Axpo UK Ltd,2022,Investments,77
Axpo UK Ltd,2023,Investments,77
Axpo UK Ltd,2024,Investments,77
Axpo UK Ltd,2025,Investments,77
,,,
company,year,item,value
Axpo UK Ltd,2018,Deferred_tax_asset,1383
Axpo UK Ltd,2019,Deferred_tax_asset,1359
Axpo UK Ltd,2020,Deferred_tax_asset,5
Axpo UK Ltd,2021,Deferred_tax_asset,0
,,,
company,year,item,value
Axpo UK Ltd,2013,Derivative_assets_noncurrent,530680
Axpo UK Ltd,2014,Derivative_assets_noncurrent,6443513
Axpo UK Ltd,2015,Derivative_assets_noncurrent,21931013
Axpo UK Ltd,2016,Derivative_assets_noncurrent,21142396
Axpo UK Ltd,2017,Derivative_assets_noncurrent,30586387
Axpo UK Ltd,2018,Derivative_assets_noncurrent,27901
Axpo UK Ltd,2019,Derivative_assets_noncurrent,20146
Axpo UK Ltd,2020,Derivative_assets_noncurrent,25365
Axpo UK Ltd,2021,Derivative_assets_noncurrent,176720
Axpo UK Ltd,2022,Derivative_assets_noncurrent,586227
Axpo UK Ltd,2023,Derivative_assets_noncurrent,121514
Axpo UK Ltd,2024,Derivative_assets_noncurrent,49459
Axpo UK Ltd,2025,Derivative_assets_noncurrent,13645
,,,
company,year,item,value
Axpo UK Ltd,2013,Total_noncurrent_assets,155938
Axpo UK Ltd,2014,Total_noncurrent_assets,208335
Axpo UK Ltd,2015,Total_noncurrent_assets,158201
Axpo UK Ltd,2016,Total_noncurrent_assets,119081
Axpo UK Ltd,2017,Total_noncurrent_assets,121956
Axpo UK Ltd,2018,Total_noncurrent_assets,29367
Axpo UK Ltd,2019,Total_noncurrent_assets,21597
Axpo UK Ltd,2020,Total_noncurrent_assets,25752
Axpo UK Ltd,2021,Total_noncurrent_assets,177066
Axpo UK Ltd,2022,Total_noncurrent_assets,587347
Axpo UK Ltd,2023,Total_noncurrent_assets,122365
Axpo UK Ltd,2024,Total_noncurrent_assets,50031
Axpo UK Ltd,2025,Total_noncurrent_assets,14681
,,,
company,year,item,value
Axpo UK Ltd,2013,Cash,168534
Axpo UK Ltd,2014,Cash,500318
Axpo UK Ltd,2015,Cash,3270466
Axpo UK Ltd,2016,Cash,26901007
Axpo UK Ltd,2017,Cash,78539
Axpo UK Ltd,2018,Cash,5836
Axpo UK Ltd,2019,Cash,12498
Axpo UK Ltd,2020,Cash,7060
Axpo UK Ltd,2021,Cash,6617
Axpo UK Ltd,2022,Cash,36603
Axpo UK Ltd,2023,Cash,33719
Axpo UK Ltd,2024,Cash,1831
Axpo UK Ltd,2025,Cash,2092
,,,
company,year,item,value
Axpo UK Ltd,2013,Trade_receivables,31558066
Axpo UK Ltd,2014,Trade_receivables,32354031
Axpo UK Ltd,2015,Trade_receivables,20118772
Axpo UK Ltd,2016,Trade_receivables,29471072
Axpo UK Ltd,2017,Trade_receivables,50910929
Axpo UK Ltd,2018,Trade_receivables,44494
Axpo UK Ltd,2019,Trade_receivables,41389
Axpo UK Ltd,2020,Trade_receivables,63988
Axpo UK Ltd,2021,Trade_receivables,105377
Axpo UK Ltd,2022,Trade_receivables,223781
Axpo UK Ltd,2023,Trade_receivables,144784
Axpo UK Ltd,2024,Trade_receivables,158962
Axpo UK Ltd,2025,Trade_receivables,129752
,,,
company,year,item,value
Axpo UK Ltd,2016,Inventory,377435
Axpo UK Ltd,2018,Inventory,11379
Axpo UK Ltd,2019,Inventory,1573
Axpo UK Ltd,2020,Inventory,6057
Axpo UK Ltd,2021,Inventory,8887
Axpo UK Ltd,2022,Inventory,6830
Axpo UK Ltd,2023,Inventory,3375
Axpo UK Ltd,2024,Inventory,5565
Axpo UK Ltd,2025,Inventory,2491
,,,
company,year,item,value
Axpo UK Ltd,2013,Total_current_assets,32459376
Axpo UK Ltd,2014,Total_current_assets,39297862
Axpo UK Ltd,2015,Total_current_assets,48117331
Axpo UK Ltd,2016,Total_current_assets,79287207
Axpo UK Ltd,2017,Total_current_assets,83157030
Axpo UK Ltd,2018,Total_current_assets,78142
Axpo UK Ltd,2019,Total_current_assets,73470
Axpo UK Ltd,2020,Total_current_assets,107526
Axpo UK Ltd,2021,Total_current_assets,536077
Axpo UK Ltd,2022,Total_current_assets,1226589
Axpo UK Ltd,2023,Total_current_assets,353015
Axpo UK Ltd,2024,Total_current_assets,260303
Axpo UK Ltd,2025,Total_current_assets,194679
,,,
company,year,item,value
Axpo UK Ltd,2013,Total_assets,33050060
Axpo UK Ltd,2014,Total_assets,39910392
Axpo UK Ltd,2015,Total_assets,48275532
Axpo UK Ltd,2016,Total_assets,79406288
Axpo UK Ltd,2017,Total_assets,83278986
Axpo UK Ltd,2018,Total_assets,107509
Axpo UK Ltd,2019,Total_assets,95067
Axpo UK Ltd,2020,Total_assets,133278
Axpo UK Ltd,2021,Total_assets,713143
Axpo UK Ltd,2022,Total_assets,1813936
Axpo UK Ltd,2023,Total_assets,475380
Axpo UK Ltd,2024,Total_assets,310334
Axpo UK Ltd,2025,Total_assets,209360
,,,
company,year,item,value
Axpo UK Ltd,2013,Trade_payables,36459184
Axpo UK Ltd,2014,Trade_payables,33781383
Axpo UK Ltd,2015,Trade_payables,26741759
Axpo UK Ltd,2016,Trade_payables,55775031
Axpo UK Ltd,2017,Trade_payables,53123458
Axpo UK Ltd,2018,Trade_payables,65873
Axpo UK Ltd,2019,Trade_payables,63842
Axpo UK Ltd,2020,Trade_payables,80928
Axpo UK Ltd,2021,Trade_payables,128660
Axpo UK Ltd,2022,Trade_payables,262319
Axpo UK Ltd,2023,Trade_payables,164027
Axpo UK Ltd,2024,Trade_payables,152085
Axpo UK Ltd,2025,Trade_payables,126328
,,,
company,year,item,value
Axpo UK Ltd,2013,Total_current_liabilities,36739236
Axpo UK Ltd,2014,Total_current_liabilities,42339274
Axpo UK Ltd,2015,Total_current_liabilities,50367185
Axpo UK Ltd,2016,Total_current_liabilities,80491474
Axpo UK Ltd,2017,Total_current_liabilities,83709845
Axpo UK Ltd,2018,Total_current_liabilities,87137
Axpo UK Ltd,2019,Total_current_liabilities,74961
Axpo UK Ltd,2020,Total_current_liabilities,106025
Axpo UK Ltd,2021,Total_current_liabilities,548189
Axpo UK Ltd,2022,Total_current_liabilities,1220629
Axpo UK Ltd,2023,Total_current_liabilities,323541
Axpo UK Ltd,2024,Total_current_liabilities,230534
Axpo UK Ltd,2025,Total_current_liabilities,173646
,,,
company,year,item,value
Axpo UK Ltd,2013,Total_liabilities,36739236
Axpo UK Ltd,2014,Total_liabilities,42339274
Axpo UK Ltd,2015,Total_liabilities,50367185
Axpo UK Ltd,2016,Total_liabilities,80491474
Axpo UK Ltd,2017,Total_liabilities,83709845
Axpo UK Ltd,2018,Total_liabilities,106369
Axpo UK Ltd,2019,Total_liabilities,93192
Axpo UK Ltd,2020,Total_liabilities,119377
Axpo UK Ltd,2021,Total_liabilities,697107
Axpo UK Ltd,2022,Total_liabilities,1795007
Axpo UK Ltd,2023,Total_liabilities,434624
Axpo UK Ltd,2024,Total_liabilities,265324
Axpo UK Ltd,2025,Total_liabilities,189141
,,,
company,year,item,value
Axpo UK Ltd,2013,Net_assets,-3689176
Axpo UK Ltd,2014,Net_assets,-2428882
Axpo UK Ltd,2015,Net_assets,-2091653
Axpo UK Ltd,2016,Net_assets,-1085186
Axpo UK Ltd,2017,Net_assets,-430859
Axpo UK Ltd,2018,Net_assets,1140
Axpo UK Ltd,2019,Net_assets,1875
Axpo UK Ltd,2020,Net_assets,13901
Axpo UK Ltd,2021,Net_assets,16036
Axpo UK Ltd,2022,Net_assets,18929
Axpo UK Ltd,2023,Net_assets,40756
Axpo UK Ltd,2024,Net_assets,45010
Axpo UK Ltd,2025,Net_assets,20219
,,,
company,year,item,value
Axpo UK Ltd,2013,Share_capital,9500
Axpo UK Ltd,2014,Share_capital,9500
Axpo UK Ltd,2015,Share_capital,9500
Axpo UK Ltd,2016,Share_capital,9500
Axpo UK Ltd,2017,Share_capital,9500
Axpo UK Ltd,2018,Share_capital,9500
Axpo UK Ltd,2019,Share_capital,9500
Axpo UK Ltd,2020,Share_capital,9500
Axpo UK Ltd,2021,Share_capital,9500
Axpo UK Ltd,2022,Share_capital,9500
Axpo UK Ltd,2023,Share_capital,9500
Axpo UK Ltd,2024,Share_capital,9500
Axpo UK Ltd,2025,Share_capital,9500
,,,
company,year,item,value
Axpo UK Ltd,2013,Retained_earnings,-8360
Axpo UK Ltd,2014,Retained_earnings,-7625
Axpo UK Ltd,2015,Retained_earnings,4401
Axpo UK Ltd,2016,Retained_earnings,6536
Axpo UK Ltd,2017,Retained_earnings,9429
Axpo UK Ltd,2018,Retained_earnings,31256
Axpo UK Ltd,2019,Retained_earnings,36179
Axpo UK Ltd,2020,Retained_earnings,10329
Bryt Energy Ltd,2016,Intangible_assets,0
Bryt Energy Ltd,2017,Intangible_assets,180905
Bryt Energy Ltd,2018,Intangible_assets,513361
Bryt Energy Ltd,2019,Intangible_assets,772988
Bryt Energy Ltd,2024,Intangible_assets,2168286
,,,
company,year,item,value
Bryt Energy Ltd,2016,Deferred_tax_asset,0
Bryt Energy Ltd,2017,Deferred_tax_asset,75607
Bryt Energy Ltd,2018,Deferred_tax_asset,59892
Bryt Energy Ltd,2019,Deferred_tax_asset,29039
,,,
company,year,item,value
Bryt Energy Ltd,2016,Total_noncurrent_assets,0
Bryt Energy Ltd,2017,Total_noncurrent_assets,256511
Bryt Energy Ltd,2018,Total_noncurrent_assets,573253
Bryt Energy Ltd,2019,Total_noncurrent_assets,802028
Bryt Energy Ltd,2024,Total_noncurrent_assets,44314365
,,,
company,year,item,value
Bryt Energy Ltd,2016,Cash,0
Bryt Energy Ltd,2017,Cash,770845
Bryt Energy Ltd,2018,Cash,981915
Bryt Energy Ltd,2019,Cash,1110904
Bryt Energy Ltd,2024,Cash,52312070
,,,
company,year,item,value
Bryt Energy Ltd,2016,Trade_receivables,100
Bryt Energy Ltd,2017,Trade_receivables,1701402
Bryt Energy Ltd,2018,Trade_receivables,15493225
Bryt Energy Ltd,2019,Trade_receivables,44170236
Bryt Energy Ltd,2024,Trade_receivables,143865278
,,,
company,year,item,value
Bryt Energy Ltd,2016,Total_current_assets,100
Bryt Energy Ltd,2017,Total_current_assets,2472247
Bryt Energy Ltd,2018,Total_current_assets,16475140
Bryt Energy Ltd,2019,Total_current_assets,45281140
Bryt Energy Ltd,2024,Total_current_assets,196177348
,,,
company,year,item,value
Bryt Energy Ltd,2016,Total_assets,100
Bryt Energy Ltd,2017,Total_assets,2728758
Bryt Energy Ltd,2018,Total_assets,17048392
Bryt Energy Ltd,2019,Total_assets,46083168
Bryt Energy Ltd,2024,Total_assets,240491713
,,,
company,year,item,value
Bryt Energy Ltd,2016,Trade_payables,0
Bryt Energy Ltd,2017,Trade_payables,3097797
Bryt Energy Ltd,2018,Trade_payables,17751647
Bryt Energy Ltd,2019,Trade_payables,47368856
Bryt Energy Ltd,2024,Trade_payables,215991346
,,,
company,year,item,value
Bryt Energy Ltd,2016,Total_current_liabilities,0
Bryt Energy Ltd,2017,Total_current_liabilities,3097797
Bryt Energy Ltd,2018,Total_current_liabilities,17751647
Bryt Energy Ltd,2019,Total_current_liabilities,47368856
Bryt Energy Ltd,2024,Total_current_liabilities,215991346
,,,
company,year,item,value
Bryt Energy Ltd,2016,Total_liabilities,0
Bryt Energy Ltd,2017,Total_liabilities,3097797
Bryt Energy Ltd,2018,Total_liabilities,17751647
Bryt Energy Ltd,2019,Total_liabilities,47368856
Bryt Energy Ltd,2024,Total_liabilities,215991346
,,,
company,year,item,value
Bryt Energy Ltd,2016,Net_assets,100
Bryt Energy Ltd,2017,Net_assets,-369038
Bryt Energy Ltd,2018,Net_assets,-703255
Bryt Energy Ltd,2019,Net_assets,-1285689
Bryt Energy Ltd,2024,Net_assets,24500367
,,,
company,year,item,value
Bryt Energy Ltd,2016,Share_capital,100
Bryt Energy Ltd,2017,Share_capital,100
Bryt Energy Ltd,2018,Share_capital,100
Bryt Energy Ltd,2019,Share_capital,100
Bryt Energy Ltd,2024,Share_capital,2000100
,,,
company,year,item,value
Bryt Energy Ltd,2016,Retained_earnings,0
Bryt Energy Ltd,2017,Retained_earnings,-369138
Bryt Energy Ltd,2018,Retained_earnings,-703355
Bryt Energy Ltd,2019,Retained_earnings,-1285789
Bryt Energy Ltd,2024,Retained_earnings,22500267
,,,
company,year,item,value
Bryt Energy Ltd,2016,Equity,100
Bryt Energy Ltd,2017,Equity,-369038
Bryt Energy Ltd,2018,Equity,-703255
Bryt Energy Ltd,2019,Equity,-1285689
Bryt Energy Ltd,2024,Equity,24500367
Brook Green Supply Ltd,2017,Property_plant_equipment,
Brook Green Supply Ltd,2018,Property_plant_equipment,
Brook Green Supply Ltd,2019,Property_plant_equipment,7216
Brook Green Supply Ltd,2020,Property_plant_equipment,5852
Brook Green Supply Ltd,2021,Property_plant_equipment,2156
Brook Green Supply Ltd,2022,Property_plant_equipment,56596
Brook Green Supply Ltd,2023,Property_plant_equipment,58473
Brook Green Supply Ltd,2024,Property_plant_equipment,26488
Brook Green Supply Ltd,2025,Property_plant_equipment,7232
,,,
company,year,item,value
Brook Green Supply Ltd,2017,Investments,100000
Brook Green Supply Ltd,2018,Investments,100000
Brook Green Supply Ltd,2019,Investments,100000
Brook Green Supply Ltd,2020,Investments,100000
Brook Green Supply Ltd,2021,Investments,100000
Brook Green Supply Ltd,2022,Investments,100000
Brook Green Supply Ltd,2023,Investments,100000
Brook Green Supply Ltd,2024,Investments,100000
Brook Green Supply Ltd,2025,Investments,100000
,,,
company,year,item,value
Brook Green Supply Ltd,2017,Intangible_assets,77500
Brook Green Supply Ltd,2018,Intangible_assets,47500
Brook Green Supply Ltd,2019,Intangible_assets,17500
Brook Green Supply Ltd,2020,Intangible_assets,0
Brook Green Supply Ltd,2021,Intangible_assets,0
Brook Green Supply Ltd,2022,Intangible_assets,0
Brook Green Supply Ltd,2023,Intangible_assets,0
Brook Green Supply Ltd,2024,Intangible_assets,0
Brook Green Supply Ltd,2025,Intangible_assets,0
,,,
company,year,item,value
Brook Green Supply Ltd,2024,Derivative_assets_noncurrent,18784233
Brook Green Supply Ltd,2025,Derivative_assets_noncurrent,8385731
,,,
company,year,item,value
Brook Green Supply Ltd,2017,Total_noncurrent_assets,177500
Brook Green Supply Ltd,2018,Total_noncurrent_assets,147500
Brook Green Supply Ltd,2019,Total_noncurrent_assets,124716
Brook Green Supply Ltd,2020,Total_noncurrent_assets,105852
Brook Green Supply Ltd,2021,Total_noncurrent_assets,102156
Brook Green Supply Ltd,2022,Total_noncurrent_assets,156596
Brook Green Supply Ltd,2023,Total_noncurrent_assets,158473
Brook Green Supply Ltd,2024,Total_noncurrent_assets,18910721
Brook Green Supply Ltd,2025,Total_noncurrent_assets,8492963
,,,
company,year,item,value
Brook Green Supply Ltd,2017,Cash,10375
Brook Green Supply Ltd,2018,Cash,335360
Brook Green Supply Ltd,2019,Cash,2432773
Brook Green Supply Ltd,2020,Cash,9934831
Brook Green Supply Ltd,2021,Cash,11311726
Brook Green Supply Ltd,2022,Cash,18302370
Brook Green Supply Ltd,2023,Cash,16716367
Brook Green Supply Ltd,2024,Cash,93982281
Brook Green Supply Ltd,2025,Cash,103215861
,,,
company,year,item,value
Brook Green Supply Ltd,2017,Trade_receivables,236474
Brook Green Supply Ltd,2018,Trade_receivables,3677353
Brook Green Supply Ltd,2019,Trade_receivables,12260456
Brook Green Supply Ltd,2020,Trade_receivables,16167334
Brook Green Supply Ltd,2021,Trade_receivables,25338444
Brook Green Supply Ltd,2022,Trade_receivables,128557189
Brook Green Supply Ltd,2023,Trade_receivables,225539774
Brook Green Supply Ltd,2024,Trade_receivables,158123701
Brook Green Supply Ltd,2025,Trade_receivables,224524904
,,,
company,year,item,value
Brook Green Supply Ltd,2024,Tax_receivable,534108
Brook Green Supply Ltd,2025,Tax_receivable,-1307269
,,,
company,year,item,value
Brook Green Supply Ltd,2024,Derivative_assets_current,116406083
Brook Green Supply Ltd,2025,Derivative_assets_current,22194761
,,,
company,year,item,value
Brook Green Supply Ltd,2017,Total_current_assets,246849
Brook Green Supply Ltd,2018,Total_current_assets,4012713
Brook Green Supply Ltd,2019,Total_current_assets,14693229
Brook Green Supply Ltd,2020,Total_current_assets,26102165
Brook Green Supply Ltd,2021,Total_current_assets,36650170
Brook Green Supply Ltd,2022,Total_current_assets,146859559
Brook Green Supply Ltd,2023,Total_current_assets,242256141
Brook Green Supply Ltd,2024,Total_current_assets,368512065
Brook Green Supply Ltd,2025,Total_current_assets,349935526
,,,
company,year,item,value
Brook Green Supply Ltd,2017,Total_assets,424349
Brook Green Supply Ltd,2018,Total_assets,4160213
Brook Green Supply Ltd,2019,Total_assets,14817945
Brook Green Supply Ltd,2020,Total_assets,26208017
Brook Green Supply Ltd,2021,Total_assets,36752326
Brook Green Supply Ltd,2022,Total_assets,147016155
Brook Green Supply Ltd,2023,Total_assets,242414614
Brook Green Supply Ltd,2024,Total_assets,387422786
Brook Green Supply Ltd,2025,Total_assets,358428489
CORONA ENERGY RETAIL 1 LIMITED,1998,Intangible_assets,348406
CORONA ENERGY RETAIL 1 LIMITED,1999,Intangible_assets,330489
CORONA ENERGY RETAIL 1 LIMITED,2000,Intangible_assets,829361
CORONA ENERGY RETAIL 1 LIMITED,2001,Intangible_assets,294649
CORONA ENERGY RETAIL 1 LIMITED,2002,Intangible_assets,276729
CORONA ENERGY RETAIL 1 LIMITED,2003,Intangible_assets,270994
CORONA ENERGY RETAIL 1 LIMITED,2004,Intangible_assets,252012
CORONA ENERGY RETAIL 1 LIMITED,2005,Intangible_assets,233030
CORONA ENERGY RETAIL 1 LIMITED,2007,Intangible_assets,209304
CORONA ENERGY RETAIL 1 LIMITED,2008,Intangible_assets,190322
CORONA ENERGY RETAIL 1 LIMITED,2009,Intangible_assets,171340
CORONA ENERGY RETAIL 1 LIMITED,2010,Intangible_assets,152359
CORONA ENERGY RETAIL 1 LIMITED,2011,Intangible_assets,133377
CORONA ENERGY RETAIL 1 LIMITED,2012,Intangible_assets,114396
CORONA ENERGY RETAIL 1 LIMITED,2013,Intangible_assets,95414
CORONA ENERGY RETAIL 1 LIMITED,2014,Intangible_assets,76432
CORONA ENERGY RETAIL 1 LIMITED,2015,Intangible_assets,48250
CORONA ENERGY RETAIL 1 LIMITED,2016,Intangible_assets,30250
CORONA ENERGY RETAIL 1 LIMITED,2017,Intangible_assets,30330
CORONA ENERGY RETAIL 1 LIMITED,2018,Intangible_assets,12410
CORONA ENERGY RETAIL 1 LIMITED,2019,Intangible_assets,
CORONA ENERGY RETAIL 1 LIMITED,2020,Intangible_assets,
CORONA ENERGY RETAIL 1 LIMITED,2021,Intangible_assets,
CORONA ENERGY RETAIL 1 LIMITED,2022,Intangible_assets,
CORONA ENERGY RETAIL 1 LIMITED,2023,Intangible_assets,254883
CORONA ENERGY RETAIL 1 LIMITED,2024,Intangible_assets,883000
,,,
company,year,item,value
CORONA ENERGY RETAIL 1 LIMITED,1998,Tangible_assets,212426
CORONA ENERGY RETAIL 1 LIMITED,1999,Tangible_assets,356615
CORONA ENERGY RETAIL 1 LIMITED,2000,Tangible_assets,519342
CORONA ENERGY RETAIL 1 LIMITED,2001,Tangible_assets,790391
CORONA ENERGY RETAIL 1 LIMITED,2002,Tangible_assets,923552
CORONA ENERGY RETAIL 1 LIMITED,2003,Tangible_assets,992290
CORONA ENERGY RETAIL 1 LIMITED,2004,Tangible_assets,1107428
CORONA ENERGY RETAIL 1 LIMITED,2005,Tangible_assets,1686235
CORONA ENERGY RETAIL 1 LIMITED,2007,Tangible_assets,2303808
CORONA ENERGY RETAIL 1 LIMITED,2008,Tangible_assets,1977725
CORONA ENERGY RETAIL 1 LIMITED,2009,Tangible_assets,1336798
CORONA ENERGY RETAIL 1 LIMITED,2010,Tangible_assets,2437121
CORONA ENERGY RETAIL 1 LIMITED,2011,Tangible_assets,2605829
CORONA ENERGY RETAIL 1 LIMITED,2012,Tangible_assets,2159174
CORONA ENERGY RETAIL 1 LIMITED,2013,Tangible_assets,1471300
CORONA ENERGY RETAIL 1 LIMITED,2014,Tangible_assets,1044666
CORONA ENERGY RETAIL 1 LIMITED,2015,Tangible_assets,628145
CORONA ENERGY RETAIL 1 LIMITED,2016,Tangible_assets,365337
CORONA ENERGY RETAIL 1 LIMITED,2017,Tangible_assets,512846
CORONA ENERGY RETAIL 1 LIMITED,2018,Tangible_assets,458741
CORONA ENERGY RETAIL 1 LIMITED,2019,Tangible_assets,368568
CORONA ENERGY RETAIL 1 LIMITED,2020,Tangible_assets,144017
CORONA ENERGY RETAIL 1 LIMITED,2021,Tangible_assets,239818
CORONA ENERGY RETAIL 1 LIMITED,2022,Tangible_assets,181018
CORONA ENERGY RETAIL 1 LIMITED,2023,Tangible_assets,382340
CORONA ENERGY RETAIL 1 LIMITED,2024,Tangible_assets,495895
CORONA ENERGY RETAIL 1 LIMITED,2025,Tangible_assets,534201
,,,
company,year,item,value
CORONA ENERGY RETAIL 1 LIMITED,1998,Investments,664996
CORONA ENERGY RETAIL 1 LIMITED,1999,Investments,664996
CORONA ENERGY RETAIL 1 LIMITED,2000,Investments,16835
CORONA ENERGY RETAIL 1 LIMITED,2001,Investments,664996
CORONA ENERGY RETAIL 1 LIMITED,2002,Investments,664996
CORONA ENERGY RETAIL 1 LIMITED,2003,Investments,664996
CORONA ENERGY RETAIL 1 LIMITED,2004,Investments,664996
CORONA ENERGY RETAIL 1 LIMITED,2005,Investments,664996
CORONA ENERGY RETAIL 1 LIMITED,2007,Investments,664996
CORONA ENERGY RETAIL 1 LIMITED,2008,Investments,11164996
CORONA ENERGY RETAIL 1 LIMITED,2009,Investments,11164996
CORONA ENERGY RETAIL 1 LIMITED,2010,Investments,11164996
CORONA ENERGY RETAIL 1 LIMITED,2011,Investments,11164996
CORONA ENERGY RETAIL 1 LIMITED,2012,Investments,26164996
CORONA ENERGY RETAIL 1 LIMITED,2013,Investments,26164996
CORONA ENERGY RETAIL 1 LIMITED,2014,Investments,26164996
CORONA ENERGY RETAIL 1 LIMITED,2015,Investments,26164996
CORONA ENERGY RETAIL 1 LIMITED,2016,Investments,26164996
CORONA ENERGY RETAIL 1 LIMITED,2017,Investments,26164996
CORONA ENERGY RETAIL 1 LIMITED,2018,Investments,26164996
CORONA ENERGY RETAIL 1 LIMITED,2019,Investments,26164996
CORONA ENERGY RETAIL 1 LIMITED,2020,Investments,26164996
CORONA ENERGY RETAIL 1 LIMITED,2021,Investments,26164996
CORONA ENERGY RETAIL 1 LIMITED,2022,Investments,26164996
CORONA ENERGY RETAIL 1 LIMITED,2023,Investments,26164996
CORONA ENERGY RETAIL 1 LIMITED,2024,Investments,26164996
CORONA ENERGY RETAIL 1 LIMITED,2025,Investments,26164996
,,,
company,year,item,value
CORONA ENERGY RETAIL 1 LIMITED,1998,Total_noncurrent_assets,1225828
CORONA ENERGY RETAIL 1 LIMITED,1999,Total_noncurrent_assets,1352100
CORONA ENERGY RETAIL 1 LIMITED,2000,Total_noncurrent_assets,1348703
CORONA ENERGY RETAIL 1 LIMITED,2001,Total_noncurrent_assets,1750036
CORONA ENERGY RETAIL 1 LIMITED,2002,Total_noncurrent_assets,1865277
CORONA ENERGY RETAIL 1 LIMITED,2003,Total_noncurrent_assets,1928280
CORONA ENERGY RETAIL 1 LIMITED,2004,Total_noncurrent_assets,2024436
CORONA ENERGY RETAIL 1 LIMITED,2005,Total_noncurrent_assets,2584261
CORONA ENERGY RETAIL 1 LIMITED,2007,Total_noncurrent_assets,3178108
CORONA ENERGY RETAIL 1 LIMITED,2008,Total_noncurrent_assets,13333043
CORONA ENERGY RETAIL 1 LIMITED,2009,Total_noncurrent_assets,12673134
CORONA ENERGY RETAIL 1 LIMITED,2010,Total_noncurrent_assets,13754476
CORONA ENERGY RETAIL 1 LIMITED,2011,Total_noncurrent_assets,13904202
CORONA ENERGY RETAIL 1 LIMITED,2012,Total_noncurrent_assets,28438566
CORONA ENERGY RETAIL 1 LIMITED,2013,Total_noncurrent_assets,27731710
CORONA ENERGY RETAIL 1 LIMITED,2014,Total_noncurrent_assets,27286094
CORONA ENERGY RETAIL 1 LIMITED,2015,Total_noncurrent_assets,26841391
CORONA ENERGY RETAIL 1 LIMITED,2016,Total_noncurrent_assets,26560663
CORONA ENERGY RETAIL 1 LIMITED,2017,Total_noncurrent_assets,26690252
CORONA ENERGY RETAIL 1 LIMITED,2018,Total_noncurrent_assets,26623737
CORONA ENERGY RETAIL 1 LIMITED,2019,Total_noncurrent_assets,26533564
CORONA ENERGY RETAIL 1 LIMITED,2020,Total_noncurrent_assets,26309013
CORONA ENERGY RETAIL 1 LIMITED,2021,Total_noncurrent_assets,26693707
CORONA ENERGY RETAIL 1 LIMITED,2022,Total_noncurrent_assets,26657559
CORONA ENERGY RETAIL 1 LIMITED,2023,Total_noncurrent_assets,26802219
CORONA ENERGY RETAIL 1 LIMITED,2024,Total_noncurrent_assets,26660891
CORONA ENERGY RETAIL 1 LIMITED,2025,Total_noncurrent_assets,26699197
,,,
company,year,item,value
CORONA ENERGY RETAIL 1 LIMITED,1998,Trade_receivables,1931326
CORONA ENERGY RETAIL 1 LIMITED,1999,Trade_receivables,3751843
CORONA ENERGY RETAIL 1 LIMITED,2000,Trade_receivables,9914534
CORONA ENERGY RETAIL 1 LIMITED,2001,Trade_receivables,7781274
CORONA ENERGY RETAIL 1 LIMITED,2002,Trade_receivables,11253351
CORONA ENERGY RETAIL 1 LIMITED,2003,Trade_receivables,17878909
CORONA ENERGY RETAIL 1 LIMITED,2004,Trade_receivables,21853725
CORONA ENERGY RETAIL 1 LIMITED,2005,Trade_receivables,80331915
CORONA ENERGY RETAIL 1 LIMITED,2007,Trade_receivables,155172127
CORONA ENERGY RETAIL 1 LIMITED,2008,Trade_receivables,142047657
CORONA ENERGY RETAIL 1 LIMITED,2009,Trade_receivables,221292783
CORONA ENERGY RETAIL 1 LIMITED,2010,Trade_receivables,217237039
CORONA ENERGY RETAIL 1 LIMITED,2011,Trade_receivables,198770184
CORONA ENERGY RETAIL 1 LIMITED,2012,Trade_receivables,290442718
CORONA ENERGY RETAIL 1 LIMITED,2013,Trade_receivables,259196862
CORONA ENERGY RETAIL 1 LIMITED,2014,Trade_receivables,242923761
CORONA ENERGY RETAIL 1 LIMITED,2015,Trade_receivables,254465180
CORONA ENERGY RETAIL 1 LIMITED,2016,Trade_receivables,292214020
CORONA ENERGY RETAIL 1 LIMITED,2017,Trade_receivables,338029058
CORONA ENERGY RETAIL 1 LIMITED,2018,Trade_receivables,6959526
CORONA ENERGY RETAIL 1 LIMITED,2019,Trade_receivables,101600079
CORONA ENERGY RETAIL 1 LIMITED,2020,Trade_receivables,130632791
CORONA ENERGY RETAIL 1 LIMITED,2021,Trade_receivables,292440103
CORONA ENERGY RETAIL 1 LIMITED,2022,Trade_receivables,183127119
CORONA ENERGY RETAIL 1 LIMITED,2023,Trade_receivables,302762662
CORONA ENERGY RETAIL 1 LIMITED,2024,Trade_receivables,294226640
CORONA ENERGY RETAIL 1 LIMITED,2025,Trade_receivables,325796139
,,,
company,year,item,value
CORONA ENERGY RETAIL 1 LIMITED,1998,Cash,1462477
CORONA ENERGY RETAIL 1 LIMITED,1999,Cash,1067301
CORONA ENERGY RETAIL 1 LIMITED,2000,Cash,951099
CORONA ENERGY RETAIL 1 LIMITED,2001,Cash,26648
CORONA ENERGY RETAIL 1 LIMITED,2002,Cash,22037
CORONA ENERGY RETAIL 1 LIMITED,2003,Cash,0
CORONA ENERGY RETAIL 1 LIMITED,2004,Cash,20852
CORONA ENERGY RETAIL 1 LIMITED,2005,Cash,8117
CORONA ENERGY RETAIL 1 LIMITED,2007,Cash,13833
CORONA ENERGY RETAIL 1 LIMITED,2008,Cash,130442
CORONA ENERGY RETAIL 1 LIMITED,2009,Cash,117745
CORONA ENERGY RETAIL 1 LIMITED,2010,Cash,4155933
CORONA ENERGY RETAIL 1 LIMITED,2011,Cash,1144194
CORONA ENERGY RETAIL 1 LIMITED,2012,Cash,1884298
CORONA ENERGY RETAIL 1 LIMITED,2013,Cash,1573667
CORONA ENERGY RETAIL 1 LIMITED,2014,Cash,622630
CORONA ENERGY RETAIL 1 LIMITED,2015,Cash,447302
CORONA ENERGY RETAIL 1 LIMITED,2016,Cash,1695323
CORONA ENERGY RETAIL 1 LIMITED,2017,Cash,593179
CORONA ENERGY RETAIL 1 LIMITED,2018,Cash,665941
CORONA ENERGY RETAIL 1 LIMITED,2019,Cash,1821309
CORONA ENERGY RETAIL 1 LIMITED,2020,Cash,2735810
CORONA ENERGY RETAIL 1 LIMITED,2021,Cash,1106804
CORONA ENERGY RETAIL 1 LIMITED,2022,Cash,2151819
CORONA ENERGY RETAIL 1 LIMITED,2023,Cash,3613264
CORONA ENERGY RETAIL 1 LIMITED,2024,Cash,14371094
CORONA ENERGY RETAIL 1 LIMITED,2025,Cash,6708165
,,,
company,year,item,value
CORONA ENERGY RETAIL 1 LIMITED,1998,Total_current_assets,3393803
CORONA ENERGY RETAIL 1 LIMITED,1999,Total_current_assets,4819144
CORONA ENERGY RETAIL 1 LIMITED,2000,Total_current_assets,10992226
CORONA ENERGY RETAIL 1 LIMITED,2001,Total_current_assets,7807922
CORONA ENERGY RETAIL 1 LIMITED,2002,Total_current_assets,11275388
CORONA ENERGY RETAIL 1 LIMITED,2003,Total_current_assets,17878909
CORONA ENERGY RETAIL 1 LIMITED,2004,Total_current_assets,21874577
CORONA ENERGY RETAIL 1 LIMITED,2005,Total_current_assets,80340032
CORONA ENERGY RETAIL 1 LIMITED,2007,Total_current_assets,155185960
CORONA ENERGY RETAIL 1 LIMITED,2008,Total_current_assets,142178099
CORONA ENERGY RETAIL 1 LIMITED,2009,Total_current_assets,221410528
CORONA ENERGY RETAIL 1 LIMITED,2010,Total_current_assets,221392972
CORONA ENERGY RETAIL 1 LIMITED,2011,Total_current_assets,199914378
CORONA ENERGY RETAIL 1 LIMITED,2012,Total_current_assets,292327016
CORONA ENERGY RETAIL 1 LIMITED,2013,Total_current_assets,260770529
CORONA ENERGY RETAIL 1 LIMITED,2014,Total_current_assets,243546391
CORONA ENERGY RETAIL 1 LIMITED,2015,Total_current_assets,254912482
CORONA ENERGY RETAIL 1 LIMITED,2016,Total_current_assets,293909343
CORONA ENERGY RETAIL 1 LIMITED,2017,Total_current_assets,338622237
CORONA ENERGY RETAIL 1 LIMITED,2018,Total_current_assets,7625467
CORONA ENERGY RETAIL 1 LIMITED,2019,Total_current_assets,103421388
CORONA ENERGY RETAIL 1 LIMITED,2020,Total_current_assets,133368601
CORONA ENERGY RETAIL 1 LIMITED,2021,Total_current_assets,293546907
CORONA ENERGY RETAIL 1 LIMITED,2022,Total_current_assets,185278938
CORONA ENERGY RETAIL 1 LIMITED,2023,Total_current_assets,306375926
CORONA ENERGY RETAIL 1 LIMITED,2024,Total_current_assets,308597734
CORONA ENERGY RETAIL 1 LIMITED,2025,Total_current_assets,332504304
,,,
company,year,item,value
CORONA ENERGY RETAIL 1 LIMITED,1998,Trade_payables,3108508
CORONA ENERGY RETAIL 1 LIMITED,1999,Trade_payables,6086544
CORONA ENERGY RETAIL 1 LIMITED,2000,Trade_payables,7251912
CORONA ENERGY RETAIL 1 LIMITED,2001,Trade_payables,11261251
CORONA ENERGY RETAIL 1 LIMITED,2002,Trade_payables,14895778
CORONA ENERGY RETAIL 1 LIMITED,2003,Trade_payables,21909398
CORONA ENERGY RETAIL 1 LIMITED,2004,Trade_payables,26085803
CORONA ENERGY RETAIL 1 LIMITED,2005,Trade_payables,85114824
CORONA ENERGY RETAIL 1 LIMITED,2007,Trade_payables,161301996
CORONA ENERGY RETAIL 1 LIMITED,2008,Trade_payables,147312474
CORONA ENERGY RETAIL 1 LIMITED,2009,Trade_payables,225635101
CORONA ENERGY RETAIL 1 LIMITED,2010,Trade_payables,226840865
CORONA ENERGY RETAIL 1 LIMITED,2011,Trade_payables,202753307
CORONA ENERGY RETAIL 1 LIMITED,2012,Trade_payables,309542387
CORONA ENERGY RETAIL 1 LIMITED,2013,Trade_payables,277303465
CORONA ENERGY RETAIL 1 LIMITED,2014,Trade_payables,260215932
CORONA ENERGY RETAIL 1 LIMITED,2015,Trade_payables,270703890
CORONA ENERGY RETAIL 1 LIMITED,2016,Trade_payables,309257299
CORONA ENERGY RETAIL 1 LIMITED,2017,Trade_payables,354557474
CORONA ENERGY RETAIL 1 LIMITED,2018,Trade_payables,22888089
CORONA ENERGY RETAIL 1 LIMITED,2019,Trade_payables,118714235
CORONA ENERGY RETAIL 1 LIMITED,2020,Trade_payables,148031179
CORONA ENERGY RETAIL 1 LIMITED,2021,Trade_payables,308941704
CORONA ENERGY RETAIL 1 LIMITED,2022,Trade_payables,199134320
CORONA ENERGY RETAIL 1 LIMITED,2023,Trade_payables,314632337
CORONA ENERGY RETAIL 1 LIMITED,2024,Trade_payables,307994526
CORONA ENERGY RETAIL 1 LIMITED,2025,Trade_payables,335188782
,,,
CORONA ENERGY RETAIL 1 LIMITED,1998,Total_current_liabilities,3108508
CORONA ENERGY RETAIL 1 LIMITED,1999,Total_current_liabilities,6086544
CORONA ENERGY RETAIL 1 LIMITED,2000,Total_current_liabilities,7251912
CORONA ENERGY RETAIL 1 LIMITED,2001,Total_current_liabilities,11261251
CORONA ENERGY RETAIL 1 LIMITED,2002,Total_current_liabilities,14895778
CORONA ENERGY RETAIL 1 LIMITED,2003,Total_current_liabilities,21909398
CORONA ENERGY RETAIL 1 LIMITED,2004,Total_current_liabilities,26085803
CORONA ENERGY RETAIL 1 LIMITED,2005,Total_current_liabilities,85114824
CORONA ENERGY RETAIL 1 LIMITED,2007,Total_current_liabilities,161301996
CORONA ENERGY RETAIL 1 LIMITED,2008,Total_current_liabilities,147312474
CORONA ENERGY RETAIL 1 LIMITED,2009,Total_current_liabilities,225635101
CORONA ENERGY RETAIL 1 LIMITED,2010,Total_current_liabilities,226840865
CORONA ENERGY RETAIL 1 LIMITED,2011,Total_current_liabilities,202753307
CORONA ENERGY RETAIL 1 LIMITED,2012,Total_current_liabilities,309542387
CORONA ENERGY RETAIL 1 LIMITED,2013,Total_current_liabilities,277303465
CORONA ENERGY RETAIL 1 LIMITED,2014,Total_current_liabilities,260215932
CORONA ENERGY RETAIL 1 LIMITED,2015,Total_current_liabilities,270703890
CORONA ENERGY RETAIL 1 LIMITED,2016,Total_current_liabilities,309257299
CORONA ENERGY RETAIL 1 LIMITED,2017,Total_current_liabilities,354557474
CORONA ENERGY RETAIL 1 LIMITED,2018,Total_current_liabilities,22888089
CORONA ENERGY RETAIL 1 LIMITED,2019,Total_current_liabilities,118714235
CORONA ENERGY RETAIL 1 LIMITED,2020,Total_current_liabilities,148031179
CORONA ENERGY RETAIL 1 LIMITED,2021,Total_current_liabilities,308941704
CORONA ENERGY RETAIL 1 LIMITED,2022,Total_current_liabilities,199134320
CORONA ENERGY RETAIL 1 LIMITED,2023,Total_current_liabilities,314632337
CORONA ENERGY RETAIL 1 LIMITED,2024,Total_current_liabilities,307994526
CORONA ENERGY RETAIL 1 LIMITED,2025,Total_current_liabilities,335188782
,,,
CORONA ENERGY RETAIL 1 LIMITED,2021,Deferred_tax_asset,288893
CORONA ENERGY RETAIL 1 LIMITED,2022,Deferred_tax_asset,311545
CORONA ENERGY RETAIL 1 LIMITED,2023,Deferred_tax_asset,254883
,,,
CORONA ENERGY RETAIL 1 LIMITED,1998,Share_capital,2
CORONA ENERGY RETAIL 1 LIMITED,1999,Share_capital,2
CORONA ENERGY RETAIL 1 LIMITED,2000,Share_capital,17280
CORONA ENERGY RETAIL 1 LIMITED,2001,Share_capital,2
CORONA ENERGY RETAIL 1 LIMITED,2002,Share_capital,2
CORONA ENERGY RETAIL 1 LIMITED,2003,Share_capital,2
CORONA ENERGY RETAIL 1 LIMITED,2004,Share_capital,2
CORONA ENERGY RETAIL 1 LIMITED,2005,Share_capital,2
CORONA ENERGY RETAIL 1 LIMITED,2007,Share_capital,2
CORONA ENERGY RETAIL 1 LIMITED,2008,Share_capital,10500002
CORONA ENERGY RETAIL 1 LIMITED,2009,Share_capital,10500002
CORONA ENERGY RETAIL 1 LIMITED,2010,Share_capital,10500002
CORONA ENERGY RETAIL 1 LIMITED,2011,Share_capital,10500002
CORONA ENERGY RETAIL 1 LIMITED,2012,Share_capital,10500002
CORONA ENERGY RETAIL 1 LIMITED,2013,Share_capital,10500002
CORONA ENERGY RETAIL 1 LIMITED,2014,Share_capital,10500002
CORONA ENERGY RETAIL 1 LIMITED,2015,Share_capital,10500002
CORONA ENERGY RETAIL 1 LIMITED,2016,Share_capital,10500002
CORONA ENERGY RETAIL 1 LIMITED,2017,Share_capital,10500002
CORONA ENERGY RETAIL 1 LIMITED,2018,Share_capital,10500002
CORONA ENERGY RETAIL 1 LIMITED,2019,Share_capital,10500002
CORONA ENERGY RETAIL 1 LIMITED,2020,Share_capital,10500002
CORONA ENERGY RETAIL 1 LIMITED,2021,Share_capital,10500002
CORONA ENERGY RETAIL 1 LIMITED,2022,Share_capital,10500002
CORONA ENERGY RETAIL 1 LIMITED,2023,Share_capital,10500002
CORONA ENERGY RETAIL 1 LIMITED,2024,Share_capital,10500002
CORONA ENERGY RETAIL 1 LIMITED,2025,Share_capital,10500002
,,,
CORONA ENERGY RETAIL 1 LIMITED,1998,Retained_earnings,-335879
CORONA ENERGY RETAIL 1 LIMITED,1999,Retained_earnings,29814
CORONA ENERGY RETAIL 1 LIMITED,2000,Retained_earnings,-288195
CORONA ENERGY RETAIL 1 LIMITED,2001,Retained_earnings,-1718353
CORONA ENERGY RETAIL 1 LIMITED,2002,Retained_earnings,-1755115
CORONA ENERGY RETAIL 1 LIMITED,2003,Retained_earnings,-2102211
CORONA ENERGY RETAIL 1 LIMITED,2004,Retained_earnings,-2186792
CORONA ENERGY RETAIL 1 LIMITED,2005,Retained_earnings,-2190533
CORONA ENERGY RETAIL 1 LIMITED,2007,Retained_earnings,-2937930
CORONA ENERGY RETAIL 1 LIMITED,2008,Retained_earnings,-2301334
CORONA ENERGY RETAIL 1 LIMITED,2009,Retained_earnings,-2051441
CORONA ENERGY RETAIL 1 LIMITED,2010,Retained_earnings,-2193419
CORONA ENERGY RETAIL 1 LIMITED,2011,Retained_earnings,565271
CORONA ENERGY RETAIL 1 LIMITED,2012,Retained_earnings,723193
CORONA ENERGY RETAIL 1 LIMITED,2013,Retained_earnings,698772
CORONA ENERGY RETAIL 1 LIMITED,2014,Retained_earnings,116551
CORONA ENERGY RETAIL 1 LIMITED,2015,Retained_earnings,549981
CORONA ENERGY RETAIL 1 LIMITED,2016,Retained_earnings,712704
CORONA ENERGY RETAIL 1 LIMITED,2017,Retained_earnings,255013
CORONA ENERGY RETAIL 1 LIMITED,2018,Retained_earnings,861113
CORONA ENERGY RETAIL 1 LIMITED,2019,Retained_earnings,740715
CORONA ENERGY RETAIL 1 LIMITED,2020,Retained_earnings,1146433
CORONA ENERGY RETAIL 1 LIMITED,2021,Retained_earnings,798908
CORONA ENERGY RETAIL 1 LIMITED,2022,Retained_earnings,2302175
CORONA ENERGY RETAIL 1 LIMITED,2023,Retained_earnings,8045806
CORONA ENERGY RETAIL 1 LIMITED,2024,Retained_earnings,16764097
CORONA ENERGY RETAIL 1 LIMITED,2025,Retained_earnings,13514717
,,,
CORONA ENERGY RETAIL 1 LIMITED,1998,Equity,-335877
CORONA ENERGY RETAIL 1 LIMITED,1999,Equity,29816
CORONA ENERGY RETAIL 1 LIMITED,2000,Equity,929471
CORONA ENERGY RETAIL 1 LIMITED,2001,Equity,-1718351
CORONA ENERGY RETAIL 1 LIMITED,2002,Equity,-1755113
CORONA ENERGY RETAIL 1 LIMITED,2003,Equity,-2102209
CORONA ENERGY RETAIL 1 LIMITED,2004,Equity,-2186790
CORONA ENERGY RETAIL 1 LIMITED,2005,Equity,-2190531
CORONA ENERGY RETAIL 1 LIMITED,2007,Equity,-2937928
CORONA ENERGY RETAIL 1 LIMITED,2008,Equity,-2301332
CORONA ENERGY RETAIL 1 LIMITED,2009,Equity,-2051439
CORONA ENERGY RETAIL 1 LIMITED,2010,Equity,-2193417
CORONA ENERGY RETAIL 1 LIMITED,2011,Equity,11065273
CORONA ENERGY RETAIL 1 LIMITED,2012,Equity,11223195
CORONA ENERGY RETAIL 1 LIMITED,2013,Equity,11198774
CORONA ENERGY RETAIL 1 LIMITED,2014,Equity,10616553
CORONA ENERGY,,,
BGI Trading Ltd,2018,Intangible_assets,
BGI Trading Ltd,2019,Intangible_assets,
BGI Trading Ltd,2020,Intangible_assets,
BGI Trading Ltd,2021,Intangible_assets,
BGI Trading Ltd,2022,Intangible_assets,
BGI Trading Ltd,2023,Intangible_assets,
BGI Trading Ltd,2024,Intangible_assets,
BGI Trading Ltd,2025,Intangible_assets,
,,,
BGI Trading Ltd,2018,Tangible_assets,
BGI Trading Ltd,2019,Tangible_assets,
BGI Trading Ltd,2020,Tangible_assets,
BGI Trading Ltd,2021,Tangible_assets,
BGI Trading Ltd,2022,Tangible_assets,
BGI Trading Ltd,2023,Tangible_assets,
BGI Trading Ltd,2024,Tangible_assets,
BGI Trading Ltd,2025,Tangible_assets,
,,,
BGI Trading Ltd,2018,Investments,
BGI Trading Ltd,2019,Investments,
BGI Trading Ltd,2020,Investments,
BGI Trading Ltd,2021,Investments,
BGI Trading Ltd,2022,Investments,
BGI Trading Ltd,2023,Investments,
BGI Trading Ltd,2024,Investments,
BGI Trading Ltd,2025,Investments,
,,,
BGI Trading Ltd,2025,Derivative_assets_noncurrent,605
,,,
BGI Trading Ltd,2018,Total_noncurrent_assets,0
BGI Trading Ltd,2019,Total_noncurrent_assets,0
BGI Trading Ltd,2020,Total_noncurrent_assets,0
BGI Trading Ltd,2021,Total_noncurrent_assets,0
BGI Trading Ltd,2022,Total_noncurrent_assets,0
BGI Trading Ltd,2023,Total_noncurrent_assets,0
BGI Trading Ltd,2024,Total_noncurrent_assets,0
BGI Trading Ltd,2025,Total_noncurrent_assets,605
,,,
BGI Trading Ltd,2018,Trade_receivables,1
BGI Trading Ltd,2019,Trade_receivables,1
BGI Trading Ltd,2020,Trade_receivables,1
BGI Trading Ltd,2021,Trade_receivables,959
BGI Trading Ltd,2022,Trade_receivables,212297
BGI Trading Ltd,2023,Trade_receivables,4266938
BGI Trading Ltd,2024,Trade_receivables,8008877
BGI Trading Ltd,2025,Trade_receivables,4887094
,,,
BGI Trading Ltd,2018,Cash,1
BGI Trading Ltd,2019,Cash,1
BGI Trading Ltd,2020,Cash,1
BGI Trading Ltd,2021,Cash,0
BGI Trading Ltd,2022,Cash,0
BGI Trading Ltd,2023,Cash,300478
BGI Trading Ltd,2024,Cash,2301200
BGI Trading Ltd,2025,Cash,2774863
,,,
BGI Trading Ltd,2024,Derivative_assets_current,1603384
BGI Trading Ltd,2025,Derivative_assets_current,300257
,,,
BGI Trading Ltd,2018,Other_assets,0
BGI Trading Ltd,2019,Other_assets,0
BGI Trading Ltd,2020,Other_assets,0
BGI Trading Ltd,2021,Other_assets,0
BGI Trading Ltd,2022,Other_assets,0
BGI Trading Ltd,2023,Other_assets,0
BGI Trading Ltd,2024,Other_assets,0
BGI Trading Ltd,2025,Other_assets,0
,,,
BGI Trading Ltd,2018,Inventory,0
BGI Trading Ltd,2019,Inventory,0
BGI Trading Ltd,2020,Inventory,0
BGI Trading Ltd,2021,Inventory,0
BGI Trading Ltd,2022,Inventory,0
BGI Trading Ltd,2023,Inventory,0
BGI Trading Ltd,2024,Inventory,0
BGI Trading Ltd,2025,Inventory,0
,,,
BGI Trading Ltd,2018,Total_current_assets,1
BGI Trading Ltd,2019,Total_current_assets,1
BGI Trading Ltd,2020,Total_current_assets,1
BGI Trading Ltd,2021,Total_current_assets,959
BGI Trading Ltd,2022,Total_current_assets,212297
BGI Trading Ltd,2023,Total_current_assets,4567416
BGI Trading Ltd,2024,Total_current_assets,11913461
BGI Trading Ltd,2025,Total_current_assets,7962214
,,,
BGI Trading Ltd,2018,Trade_payables,0
BGI Trading Ltd,2019,Trade_payables,0
BGI Trading Ltd,2020,Trade_payables,0
BGI Trading Ltd,2021,Trade_payables,9897
BGI Trading Ltd,2022,Trade_payables,227636
BGI Trading Ltd,2023,Trade_payables,4567416
BGI Trading Ltd,2024,Trade_payables,5153822
BGI Trading Ltd,2025,Trade_payables,2834884
,,,
BGI Trading Ltd,2024,Derivative_liabilities_current,21689
BGI Trading Ltd,2025,Derivative_liabilities_current,4637
,,,
BGI Trading Ltd,2024,VAT_payable,-365521
BGI Trading Ltd,2025,VAT_payable,475295
,,,
BGI Trading Ltd,2018,Total_current_liabilities,0
BGI Trading Ltd,2019,Total_current_liabilities,0
BGI Trading Ltd,2020,Total_current_liabilities,0
BGI Trading Ltd,2021,Total_current_liabilities,9897
BGI Trading Ltd,2022,Total_current_liabilities,227636
BGI Trading Ltd,2023,Total_current_liabilities,4567416
BGI Trading Ltd,2024,Total_current_liabilities,5541032
BGI Trading Ltd,2025,Total_current_liabilities,2364226
,,,
BGI Trading Ltd,2025,Derivative_liabilities_noncurrent,43
,,,
BGI Trading Ltd,2018,Total_liabilities,0
BGI Trading Ltd,2019,Total_liabilities,0
BGI Trading Ltd,2020,Total_liabilities,0
BGI Trading Ltd,2021,Total_liabilities,9897
BGI Trading Ltd,2022,Total_liabilities,227636
BGI Trading Ltd,2023,Total_liabilities,4567416
BGI Trading Ltd,2024,Total_liabilities,5541032
BGI Trading Ltd,2025,Total_liabilities,2364269
,,,
BGI Trading Ltd,2018,Share_capital,1
BGI Trading Ltd,2019,Share_capital,1
BGI Trading Ltd,2020,Share_capital,1
BGI Trading Ltd,2021,Share_capital,1
BGI Trading Ltd,2022,Share_capital,1
BGI Trading Ltd,2023,Share_capital,1
BGI Trading Ltd,2024,Share_capital,1
BGI Trading Ltd,2025,Share_capital,1
,,,
BGI Trading Ltd,2018,Retained_earnings,0
BGI Trading Ltd,2019,Retained_earnings,0
BGI Trading Ltd,2020,Retained_earnings,0
BGI Trading Ltd,2021,Retained_earnings,-8939
BGI Trading Ltd,2022,Retained_earnings,-15340
BGI Trading Ltd,2023,Retained_earnings,2387597
BGI Trading Ltd,2024,Retained_earnings,6372428
BGI Trading Ltd,2025,Retained_earnings,5598549
,,,
BGI Trading Ltd,2018,Equity,1
BGI Trading Ltd,2019,Equity,1
BGI Trading Ltd,2020,Equity,1
BGI Trading Ltd,2021,Equity,-8938
BGI Trading Ltd,2022,Equity,-15339
BGI Trading Ltd,2023,Equity,2387598
BGI Trading Ltd,2024,Equity,6372429
BGI Trading Ltd,2025,Equity,5598550
,,,
BGI Trading Ltd,2018,Net_assets,1
BGI Trading Ltd,2019,Net_assets,1
BGI Trading Ltd,2020,Net_assets,1
BGI Trading Ltd,2021,Net_assets,-8938
BGI Trading Ltd,2022,Net_assets,-15339
BGI Trading Ltd,2023,Net_assets,2387598
BGI Trading Ltd,2024,Net_assets,6372429
BGI Trading Ltd,2025,Net_assets,5598550
Utilita Energy Ltd,2004,IntangibleAssets,
Utilita Energy Ltd,2005,IntangibleAssets,
Utilita Energy Ltd,2006,IntangibleAssets,
Utilita Energy Ltd,2007,IntangibleAssets,221390
Utilita Energy Ltd,2008,IntangibleAssets,921102
Utilita Energy Ltd,2009,IntangibleAssets,1164699
Utilita Energy Ltd,2010,IntangibleAssets,2535401
Utilita Energy Ltd,2011,IntangibleAssets,6472231
Utilita Energy Ltd,2012,IntangibleAssets,13155000
Utilita Energy Ltd,2013,IntangibleAssets,25328000
Utilita Energy Ltd,2014,IntangibleAssets,41781000
Utilita Energy Ltd,2015,IntangibleAssets,50457000
Utilita Energy Ltd,2016,IntangibleAssets,56706000
Utilita Energy Ltd,2017,IntangibleAssets,54329000
Utilita Energy Ltd,2018,IntangibleAssets,54914000
Utilita Energy Ltd,2019,IntangibleAssets,46295000
Utilita Energy Ltd,2020,IntangibleAssets,3612000
Utilita Energy Ltd,2021,IntangibleAssets,1226000
Utilita Energy Ltd,2022,IntangibleAssets,
Utilita Energy Ltd,2023,IntangibleAssets,
Utilita Energy Ltd,2024,IntangibleAssets,
Utilita Energy Ltd,2025,IntangibleAssets,
,,,
Utilita Energy Ltd,2004,TangibleAssets,
Utilita Energy Ltd,2005,TangibleAssets,
Utilita Energy Ltd,2006,TangibleAssets,
Utilita Energy Ltd,2007,TangibleAssets,210086
Utilita Energy Ltd,2008,TangibleAssets,459886
Utilita Energy Ltd,2009,TangibleAssets,355685
Utilita Energy Ltd,2010,TangibleAssets,475517
Utilita Energy Ltd,2011,TangibleAssets,3006270
Utilita Energy Ltd,2012,TangibleAssets,1850000
Utilita Energy Ltd,2013,TangibleAssets,2375000
Utilita Energy Ltd,2014,TangibleAssets,5835000
Utilita Energy Ltd,2015,TangibleAssets,5263000
Utilita Energy Ltd,2016,TangibleAssets,5404000
Utilita Energy Ltd,2017,TangibleAssets,4385000
Utilita Energy Ltd,2018,TangibleAssets,3563000
Utilita Energy Ltd,2019,TangibleAssets,2772000
Utilita Energy Ltd,2020,TangibleAssets,2576000
Utilita Energy Ltd,2021,TangibleAssets,2493000
Utilita Energy Ltd,2022,TangibleAssets,
Utilita Energy Ltd,2023,TangibleAssets,
Utilita Energy Ltd,2024,TangibleAssets,
Utilita Energy Ltd,2025,TangibleAssets,
,,,
Utilita Energy Ltd,2004,Investments,2
Utilita Energy Ltd,2005,Investments,2
Utilita Energy Ltd,2006,Investments,
Utilita Energy Ltd,2007,Investments,2
Utilita Energy Ltd,2008,Investments,
Utilita Energy Ltd,2009,Investments,2
Utilita Energy Ltd,2010,Investments,
Utilita Energy Ltd,2011,Investments,2
Utilita Energy Ltd,2012,Investments,2
Utilita Energy Ltd,2013,Investments,2
Utilita Energy Ltd,2014,Investments,2
Utilita Energy Ltd,2015,Investments,6455000
Utilita Energy Ltd,2016,Investments,8460000
Utilita Energy Ltd,2017,Investments,31522000
Utilita Energy Ltd,2018,Investments,41654000
,,,
Utilita Energy Ltd,2004,DebtorsWithinOneYear,13650
Utilita Energy Ltd,2005,DebtorsWithinOneYear,450132
Utilita Energy Ltd,2006,DebtorsWithinOneYear,12204
Utilita Energy Ltd,2007,DebtorsWithinOneYear,11372
Utilita Energy Ltd,2008,DebtorsWithinOneYear,5372
Utilita Energy Ltd,2009,DebtorsWithinOneYear,505793
Utilita Energy Ltd,2010,DebtorsWithinOneYear,532938
Utilita Energy Ltd,2011,DebtorsWithinOneYear,595438
Utilita Energy Ltd,2012,DebtorsWithinOneYear,1616284
Utilita Energy Ltd,2013,DebtorsWithinOneYear,3281359
Utilita Energy Ltd,2014,DebtorsWithinOneYear,6843860
Utilita Energy Ltd,2015,DebtorsWithinOneYear,22430302
Utilita Energy Ltd,2016,DebtorsWithinOneYear,45006000
Utilita Energy Ltd,2017,DebtorsWithinOneYear,61880000
Utilita Energy Ltd,2018,DebtorsWithinOneYear,65252000
Utilita Energy Ltd,2019,DebtorsWithinOneYear,89585000
Utilita Energy Ltd,2020,DebtorsWithinOneYear,96972000
Utilita Energy Ltd,2021,DebtorsWithinOneYear,91926000
Utilita Energy Ltd,2022,DebtorsWithinOneYear,112041000
Utilita Energy Ltd,2023,DebtorsWithinOneYear,178065000
Utilita Energy Ltd,2024,DebtorsWithinOneYear,144895000
Utilita Energy Ltd,2025,DebtorsWithinOneYear,163928000
,,,
Utilita Energy Ltd,2017,DebtorsAfterOneYear,668000
Utilita Energy Ltd,2018,DebtorsAfterOneYear,5088000
Utilita Energy Ltd,2019,DebtorsAfterOneYear,7517000
Utilita Energy Ltd,2023,DebtorsAfterOneYear,5406000
Utilita Energy Ltd,2024,DebtorsAfterOneYear,57448000
Utilita Energy Ltd,2025,DebtorsAfterOneYear,60432000
,,,
Utilita Energy Ltd,2004,Cash,75
Utilita Energy Ltd,2005,Cash,-284136
Utilita Energy Ltd,2006,Cash,-8768
Utilita Energy Ltd,2007,Cash,4659
Utilita Energy Ltd,2008,Cash,7438
Utilita Energy Ltd,2009,Cash,1230
Utilita Energy Ltd,2010,Cash,1033
Utilita Energy Ltd,2011,Cash,2259
Utilita Energy Ltd,2012,Cash,6578
Utilita Energy Ltd,2013,Cash,6578
Utilita Energy Ltd,2014,Cash,514611
Utilita Energy Ltd,2015,Cash,3567279
Utilita Energy Ltd,2016,Cash,3668000
Utilita Energy Ltd,2017,Cash,3206000
Utilita Energy Ltd,2018,Cash,6125000
Utilita Energy Ltd,2019,Cash,2408000
Utilita Energy Ltd,2020,Cash,1381000
Utilita Energy Ltd,2021,Cash,3546000
Utilita Energy Ltd,2022,Cash,1300000
Utilita Energy Ltd,2023,Cash,85391000
Utilita Energy Ltd,2024,Cash,70374000
Utilita Energy Ltd,2025,Cash,82126000
,,,
Utilita Energy Ltd,2018,Stocks,4863000
Utilita Energy Ltd,2019,Stocks,17545000
Utilita Energy Ltd,2020,Stocks,21406000
Utilita Energy Ltd,2021,Stocks,14928000
,,,
Utilita Energy Ltd,2004,CurrentAssetsTotal,13725
Utilita Energy Ltd,2005,CurrentAssetsTotal,165998
Utilita Energy Ltd,2006,CurrentAssetsTotal,3436
Utilita Energy Ltd,2007,CurrentAssetsTotal,13031
Utilita Energy Ltd,2008,CurrentAssetsTotal,12810
Utilita Energy Ltd,2009,CurrentAssetsTotal,513231
Utilita Energy Ltd,2010,CurrentAssetsTotal,533971
Utilita Energy Ltd,2011,CurrentAssetsTotal,597697
Utilita Energy Ltd,2012,CurrentAssetsTotal,1622862
Utilita Energy Ltd,2013,CurrentAssetsTotal,3281359
Utilita Energy Ltd,2014,CurrentAssetsTotal,7358471
Utilita Energy Ltd,2015,CurrentAssetsTotal,25997581
Utilita Energy Ltd,2016,CurrentAssetsTotal,55129000
Utilita Energy Ltd,2017,CurrentAssetsTotal,73546000
Utilita Energy Ltd,2018,CurrentAssetsTotal,107987000
Utilita Energy Ltd,2019,CurrentAssetsTotal,141164000
Utilita Energy Ltd,2020,CurrentAssetsTotal,103216000
Utilita Energy Ltd,2021,CurrentAssetsTotal,113017000
Utilita Energy Ltd,2022,CurrentAssetsTotal,134747000
Utilita Energy Ltd,2023,CurrentAssetsTotal,278384000
Utilita Energy Ltd,2024,CurrentAssetsTotal,272717000
Utilita Energy Ltd,2025,CurrentAssetsTotal,306486000
,,,
Utilita Energy Ltd,2004,CreditorsWithinOneYear,-19388
Utilita Energy Ltd,2005,CreditorsWithinOneYear,-420100
Utilita Energy Ltd,2006,CreditorsWithinOneYear,-358107
Utilita Energy Ltd,2007,CreditorsWithinOneYear,-373482
Utilita Energy Ltd,2008,CreditorsWithinOneYear,65072
Utilita Energy Ltd,2009,CreditorsWithinOneYear,565493
Utilita Energy Ltd,2010,CreditorsWithinOneYear,2673845
Utilita Energy Ltd,2011,CreditorsWithinOneYear,-1553610
Utilita Energy Ltd,2012,CreditorsWithinOneYear,-4485152
Utilita Energy Ltd,2013,CreditorsWithinOneYear,-7695130
Utilita Energy Ltd,2014,CreditorsWithinOneYear,-9474004
Utilita Energy Ltd,2015,CreditorsWithinOneYear,-24386594
Utilita Energy Ltd,2016,CreditorsWithinOneYear,-40735000
Utilita Energy Ltd,2017,CreditorsWithinOneYear,-66714000
Utilita Energy Ltd,2018,CreditorsWithinOneYear,-123078000
Utilita Energy Ltd,2019,CreditorsWithinOneYear,-192183000
Utilita Energy Ltd,2020,CreditorsWithinOneYear,-179100000
Utilita Energy Ltd,2021,CreditorsWithinOneYear,-187737000
Utilita Energy Ltd,2022,CreditorsWithinOneYear,-185271000
Utilita Energy Ltd,2023,CreditorsWithinOneYear,-280161000
Utilita Energy Ltd,2024,CreditorsWithinOneYear,-199014000
Utilita Energy Ltd,2025,CreditorsWithinOneYear,-222856000
,,,
Utilita Energy Ltd,2004,NetCurrentAssets,-5663
Utilita Energy Ltd,2005,NetCurrentAssets,-254102
Utilita Energy Ltd,2006,NetCurrentAssets,-354669
Utilita Energy Ltd,2007,NetCurrentAssets,-357451
Utilita Energy Ltd,2008,NetCurrentAssets,-52262
Utilita Energy Ltd,2009,NetCurrentAssets,-52262
Utilita Energy Ltd,2010,NetCurrentAssets,-2139874
Utilita Energy Ltd,2011,NetCurrentAssets,-955913
Utilita Energy Ltd,2012,NetCurrentAssets,-2862290
Utilita Energy Ltd,2013,NetCurrentAssets,-4413771
Utilita Energy Ltd,2014,NetCurrentAssets,-2115533
Utilita Energy Ltd,2015,NetCurrentAssets,1610987
Utilita Energy Ltd,2016,NetCurrentAssets,14394000
Utilita Energy Ltd,2017,NetCurrentAssets,6832000
Utilita Energy Ltd,2018,NetCurrentAssets,-15091000
Utilita Energy Ltd,2019,NetCurrentAssets,-51019000
Utilita Energy Ltd,2020,NetCurrentAssets,-75884000
Utilita Energy Ltd,2021,NetCurrentAssets,-74720000
Utilita Energy Ltd,2022,NetCurrentAssets,-50524000
Utilita Energy Ltd,2023,NetCurrentAssets,1777000
Utilita Energy Ltd,2024,NetCurrentAssets,73703000
Utilita Energy Ltd,2025,NetCurrentAssets,83630000
,,,
Utilita Energy Ltd,2008,LongTermLiabilities,465326
Utilita Energy Ltd,2009,LongTermLiabilities,465326
Utilita Energy Ltd,2011,LongTermLiabilities,69886
Utilita Energy Ltd,2012,LongTermLiabilities,243648
Utilita Energy Ltd,2013,LongTermLiabilities,254318
Utilita Energy Ltd,2014,LongTermLiabilities,247527
Utilita Energy Ltd,2015,LongTermLiabilities,1092613
Utilita Energy Ltd,2021,LongTermLiabilities,501000
Utilita Energy Ltd,2022,LongTermLiabilities,650000
Utilita Energy Ltd,2023,LongTermLiabilities,14049000
Utilita Energy Ltd,2024,LongTermLiabilities,775000
Utilita Energy Ltd,2025,LongTermLiabilities,986000
,,,
Utilita Energy Ltd,2004,TotalAssetsLessCurrentLiabilities,-5661
Utilita Energy Ltd,2005,TotalAssetsLessCurrentLiabilities,-420100
Utilita Energy Ltd,2006,TotalAssetsLessCurrentLiabilities,-358107
Utilita Energy Ltd,2007,TotalAssetsLessCurrentLiabilities,-357451
Utilita Energy Ltd,2008,TotalAssetsLessCurrentLiabilities,-517588
Utilita Energy Ltd,2009,TotalAssetsLessCurrentLiabilities,-517588
Utilita Energy Ltd,2010,TotalAssetsLessCurrentLiabilities,-2139874
Utilita Energy Ltd,2011,TotalAssetsLessCurrentLiabilities,-524437
Utilita Energy Ltd,2012,TotalAssetsLessCurrentLiabilities,-1481300
Utilita Energy Ltd,2013,TotalAssetsLessCurrentLiabilities,-2893385
Utilita Energy Ltd,2014,TotalAssetsLessCurrentLiabilities,895387
Utilita Energy Ltd,2015,TotalAssetsLessCurrentLiabilities,11089490
Utilita Energy Ltd,2016,TotalAssetsLessCurrentLiabilities,29399000
Utilita Energy Ltd,2017,TotalAssetsLessCurrentLiabilities,34535000
Utilita Energy Ltd,2018,TotalAssetsLessCurrentLiabilities,32525000
Utilita Energy Ltd,2019,TotalAssetsLessCurrentLiabilities,4701000
Utilita Energy Ltd,2020,TotalAssetsLessCurrentLiabilities,-13774000
Utilita Energy Ltd,2021,TotalAssetsLessCurrentLiabilities,-16006000
Utilita Energy Ltd,2022,TotalAssetsLessCurrentLiabilities,7953000
Utilita Energy Ltd,2023,TotalAssetsLessCurrentLiabilities,47290000
Utilita Energy Ltd,2024,TotalAssetsLessCurrentLiabilities,79891000
Utilita Energy Ltd,2025,TotalAssetsLessCurrentLiabilities,87349000
,,,
Utilita Energy Ltd,2004,ShareCapital,1
Utilita Energy Ltd,2005,ShareCapital,1
Utilita Energy Ltd,2006,ShareCapital,1
Utilita Energy Ltd,2007,ShareCapital,1
Utilita Energy Ltd,2008,ShareCapital,1
Utilita Energy Ltd,2009,ShareCapital,1
Utilita Energy Ltd,2010,ShareCapital,1
Utilita Energy Ltd,2011,ShareCapital,2000000
Utilita Energy Ltd,2012,ShareCapital,2000000
Utilita Energy Ltd,2013,ShareCapital,2000000
Utilita Energy Ltd,2014,ShareCapital,4000000
Utilita Energy Ltd,2015,ShareCapital,4000000
Utilita Energy Ltd,2016,ShareCapital,4000000
Utilita Energy Ltd,2017,ShareCapital,4000000
Utilita Energy Ltd,2018,ShareCapital,4000000
Utilita Energy Ltd,2019,ShareCapital,4000000
Utilita Energy Ltd,2020,ShareCapital,4000000
Utilita Energy Ltd,2021,ShareCapital,4000000
Utilita Energy Ltd,2022,ShareCapital,4000000
Utilita Energy Ltd,2023,ShareCapital,4000000
Utilita Energy Ltd,2024,ShareCapital,4000000
Utilita Energy Ltd,2025,ShareCapital,9000000
,,,
Utilita Energy Ltd,2004,ProfitAndLoss,-5662
Utilita Energy Ltd,2005,ProfitAndLoss,-254103
Utilita Energy Ltd,2006,ProfitAndLoss,-254102
Utilita Energy Ltd,2007,ProfitAndLoss,-2783
Utilita Energy Ltd,2008,ProfitAndLoss,-517589
Utilita Energy Ltd,2009,ProfitAndLoss,-517589
Utilita Energy Ltd,2010,ProfitAndLoss,-2139875
Utilita Energy Ltd,2011,ProfitAndLoss,-2594323
Utilita Energy Ltd,2012,ProfitAndLoss,-3724948
Utilita Energy Ltd,2013,ProfitAndLoss,-5147703
Utilita Energy Ltd,2014,ProfitAndLoss,-3352140
Utilita Energy Ltd,2015,ProfitAndLoss,5996877
Utilita Energy Ltd,2016,ProfitAndLoss,25399000
Utilita Energy Ltd,2017,ProfitAndLoss,30535000
Utilita Energy Ltd,2018,ProfitAndLoss,28525000
Utilita Energy Ltd,2019,ProfitAndLoss,701000
Utilita Energy Ltd,2020,ProfitAndLoss,-18374000
Utilita Energy Ltd,2021,ProfitAndLoss,-20957000
Utilita Energy Ltd,2022,ProfitAndLoss,3003000
Utilita Energy Ltd,2023,ProfitAndLoss,29091000
Utilita Energy Ltd,2024,ProfitAndLoss,75116000
Utilita Energy Ltd,2025,ProfitAndLoss,77363000
,,,
Utilita Energy Ltd,2004,ShareholdersFunds,-5661
Utilita Energy Ltd,2005,ShareholdersFunds,-254102
Utilita Energy Ltd,2006,ShareholdersFunds,-354669
Utilita Energy Ltd,2007,ShareholdersFunds,-357451
Utilita Energy Ltd,2008,ShareholdersFunds,-517588
Utilita Energy Ltd,2009,ShareholdersFunds,-517588
Utilita Energy Ltd,2010,ShareholdersFunds,-2139874
Utilita Energy Ltd,2011,ShareholdersFunds,-594323
Utilita Energy Ltd,2012,ShareholdersFunds,-1724948
Utilita Energy Ltd,2013,ShareholdersFunds,-3147703
Utilita Energy Ltd,2014,ShareholdersFunds,647860
Utilita Energy Ltd,2015,ShareholdersFunds,9996877
Utilita Energy Ltd,2016,ShareholdersFunds,29399000
Utilita Energy Ltd,2017,ShareholdersFunds,34535000
Utilita Energy Ltd,2018,ShareholdersFunds,32525000
Utilita Energy Ltd,2019,ShareholdersFunds,4701000
Utilita Energy Ltd,2020,ShareholdersFunds,-13774000
Utilita Energy Ltd,2021,ShareholdersFunds,-16507000
Utilita Energy Ltd,2022,ShareholdersFunds,7303000
Utilita Energy Ltd,2023,ShareholdersFunds,33241000
Utilita Energy Ltd,2024,ShareholdersFunds,79116000
Utilita Energy Ltd,2025,ShareholdersFunds,86363000
,,,
Utilita Energy Ltd,2004,NetAssets,-5661
Utilita Energy Ltd,2005,NetAssets,-254102
Utilita Energy Ltd,2006,NetAssets,-354669
Utilita Energy Ltd,2007,NetAssets,-357451
Utilita Energy Ltd,2008,NetAssets,-517588
Utilita Energy Ltd,2009,NetAssets,-517588
Utilita Energy Ltd,2010,NetAssets,-2139874
Utilita Energy Ltd,2011,NetAssets,-594323
Utilita Energy Ltd,2012,NetAssets,-1724948
Utilita Energy Ltd,2013,NetAssets,-3147703
Utilita Energy Ltd,2014,NetAssets,647860
Utilita Energy Ltd,2015,NetAssets,9996877
Utilita Energy Ltd,2016,NetAssets,29399000
Utilita Energy Ltd,2017,NetAssets,34535000
Utilita Energy Ltd,2018,NetAssets,32525000
Utilita Energy Ltd,2019,NetAssets,4701000
Utilita Energy Ltd,2020,NetAssets,-13774000
Utilita Energy Ltd,2021,NetAssets,-16507000
Utilita Energy Ltd,2022,NetAssets,7303000
Utilita Energy Ltd,2023,NetAssets,33241000
Utilita Energy Ltd,2024,NetAssets,79116000
Utilita Energy Ltd,2025,NetAssets,86363000
Good Energy Ltd,2001,Intangible_assets,540000
Good Energy Ltd,2002,Intangible_assets,592518
Good Energy Ltd,2003,Intangible_assets,629713
Good Energy Ltd,2004,Intangible_assets,563774
Good Energy Ltd,2005,Intangible_assets,524787
Good Energy Ltd,2006,Intangible_assets,488204
Good Energy Ltd,2007,Intangible_assets,434258
Good Energy Ltd,2008,Intangible_assets,886158
Good Energy Ltd,2009,Intangible_assets,1223179
Good Energy Ltd,2010,Intangible_assets,1104850
Good Energy Ltd,2011,Intangible_assets,1376444
Good Energy Ltd,2012,Intangible_assets,2081148
Good Energy Ltd,2013,Intangible_assets,2624173
Good Energy Ltd,2014,Intangible_assets,2675083
Good Energy Ltd,2015,Intangible_assets,2467877
Good Energy Ltd,2016,Intangible_assets,2951656
Good Energy Ltd,2017,Intangible_assets,2344831
Good Energy Ltd,2018,Intangible_assets,2722982
Good Energy Ltd,2019,Intangible_assets,3797521
Good Energy Ltd,2020,Intangible_assets,2731071
Good Energy Ltd,2021,Intangible_assets,2149265
Good Energy Ltd,2022,Intangible_assets,1238873
Good Energy Ltd,2023,Intangible_assets,823634
Good Energy Ltd,2024,Intangible_assets,1164262
Good Energy Ltd,2025,Intangible_assets,1208537
,,,
Good Energy Ltd,2001,Tangible_assets,0
Good Energy Ltd,2002,Tangible_assets,29406
Good Energy Ltd,2003,Tangible_assets,32429
Good Energy Ltd,2004,Tangible_assets,25589
Good Energy Ltd,2005,Tangible_assets,24871
Good Energy Ltd,2006,Tangible_assets,91733
Good Energy Ltd,2007,Tangible_assets,111186
Good Energy Ltd,2008,Tangible_assets,223438
Good Energy Ltd,2009,Tangible_assets,257165
Good Energy Ltd,2010,Tangible_assets,186246
Good Energy Ltd,2011,Tangible_assets,77442
Good Energy Ltd,2012,Tangible_assets,281696
Good Energy Ltd,2013,Tangible_assets,412893
Good Energy Ltd,2014,Tangible_assets,421235
Good Energy Ltd,2015,Tangible_assets,403774
Good Energy Ltd,2016,Tangible_assets,178049
Good Energy Ltd,2017,Tangible_assets,317337
Good Energy Ltd,2018,Tangible_assets,398262
Good Energy Ltd,2019,Tangible_assets,844874
Good Energy Ltd,2020,Tangible_assets,667804
Good Energy Ltd,2021,Tangible_assets,1033972
Good Energy Ltd,2022,Tangible_assets,410181
Good Energy Ltd,2023,Tangible_assets,1155733
Good Energy Ltd,2024,Tangible_assets,1058833
Good Energy Ltd,2025,Tangible_assets,716193
,,,
Good Energy Ltd,2001,Investments,0
Good Energy Ltd,2002,Investments,1
Good Energy Ltd,2003,Investments,1
Good Energy Ltd,2004,Investments,1
Good Energy Ltd,2005,Investments,1
Good Energy Ltd,2006,Investments,2
Good Energy Ltd,2007,Investments,2
Good Energy Ltd,2008,Investments,2
Good Energy Ltd,2009,Investments,2
Good Energy Ltd,2010,Investments,2
Good Energy Ltd,2011,Investments,2
Good Energy Ltd,2012,Investments,2
Good Energy Ltd,2013,Investments,2
Good Energy Ltd,2014,Investments,2
Good Energy Ltd,2015,Investments,0
Good Energy Ltd,2016,Investments,0
Good Energy Ltd,2017,Investments,0
Good Energy Ltd,2018,Investments,0
Good Energy Ltd,2019,Investments,0
Good Energy Ltd,2020,Investments,0
Good Energy Ltd,2021,Investments,0
Good Energy Ltd,2022,Investments,0
Good Energy Ltd,2023,Investments,0
Good Energy Ltd,2024,Investments,0
Good Energy Ltd,2025,Investments,0
,,,
Good Energy Ltd,2001,Fixed_assets_total,540000
Good Energy Ltd,2002,Fixed_assets_total,621925
Good Energy Ltd,2003,Fixed_assets_total,662143
Good Energy Ltd,2004,Fixed_assets_total,589364
Good Energy Ltd,2005,Fixed_assets_total,549659
Good Energy Ltd,2006,Fixed_assets_total,579939
Good Energy Ltd,2007,Fixed_assets_total,545446
Good Energy Ltd,2008,Fixed_assets_total,1109598
Good Energy Ltd,2009,Fixed_assets_total,1480346
Good Energy Ltd,2010,Fixed_assets_total,1291098
Good Energy Ltd,2011,Fixed_assets_total,1453888
Good Energy Ltd,2012,Fixed_assets_total,2362846
Good Energy Ltd,2013,Fixed_assets_total,3037068
Good Energy Ltd,2014,Fixed_assets_total,3096320
Good Energy Ltd,2015,Fixed_assets_total,2871651
Good Energy Ltd,2016,Fixed_assets_total,3129705
Good Energy Ltd,2017,Fixed_assets_total,2662168
Good Energy Ltd,2018,Fixed_assets_total,3121244
Good Energy Ltd,2019,Fixed_assets_total,4642395
Good Energy Ltd,2020,Fixed_assets_total,3398875
Good Energy Ltd,2021,Fixed_assets_total,3183237
Good Energy Ltd,2022,Fixed_assets_total,1649054
Good Energy Ltd,2023,Fixed_assets_total,1979367
Good Energy Ltd,2024,Fixed_assets_total,2223095
Good Energy Ltd,2025,Fixed_assets_total,11822995
,,,
Good Energy Ltd,2001,Stocks,0
Good Energy Ltd,2002,Stocks,131313
Good Energy Ltd,2003,Stocks,99093
Good Energy Ltd,2004,Stocks,1126223
Good Energy Ltd,2005,Stocks,1067558
Good Energy Ltd,2006,Stocks,1558407
Good Energy Ltd,2007,Stocks,925938
Good Energy Ltd,2008,Stocks,2146708
Good Energy Ltd,2009,Stocks,2158684
Good Energy Ltd,2010,Stocks,2969659
Good Energy Ltd,2011,Stocks,3177576
Good Energy Ltd,2012,Stocks,2258725
Good Energy Ltd,2013,Stocks,2198228
Good Energy Ltd,2014,Stocks,1787103
Good Energy Ltd,2015,Stocks,3402634
Good Energy Ltd,2016,Stocks,2604268
Good Energy Ltd,2017,Stocks,8950595
Good Energy Ltd,2018,Stocks,8442103
Good Energy Ltd,2019,Stocks,9505726
Good Energy Ltd,2020,Stocks,14476848
Good Energy Ltd,2021,Stocks,7866309
Good Energy Ltd,2022,Stocks,8853506
Good Energy Ltd,2023,Stocks,10861210
Good Energy Ltd,2024,Stocks,10669423
Good Energy Ltd,2025,Stocks,9180036
,,,
Good Energy Ltd,2001,Debtors,748795
Good Energy Ltd,2002,Debtors,816286
Good Energy Ltd,2003,Debtors,1151030
Good Energy Ltd,2004,Debtors,1364993
Good Energy Ltd,2005,Debtors,2822380
Good Energy Ltd,2006,Debtors,4387898
Good Energy Ltd,2007,Debtors,2862938
Good Energy Ltd,2008,Debtors,4351328
Good Energy Ltd,2009,Debtors,2644331
Good Energy Ltd,2010,Debtors,3643689
Good Energy Ltd,2011,Debtors,3208440
Good Energy Ltd,2012,Debtors,2907873
Good Energy Ltd,2013,Debtors,5586604
Good Energy Ltd,2014,Debtors,5840995
Good Energy Ltd,2015,Debtors,13182728
Good Energy Ltd,2016,Debtors,20915040
Good Energy Ltd,2017,Debtors,27290254
Good Energy Ltd,2018,Debtors,29605812
Good Energy Ltd,2019,Debtors,57209931
Good Energy Ltd,2020,Debtors,25228576
Good Energy Ltd,2021,Debtors,40030948
Good Energy Ltd,2022,Debtors,56855300
Good Energy Ltd,2023,Debtors,35380558
Good Energy Ltd,2024,Debtors,51808127
Good Energy Ltd,2025,Debtors,61487077
,,,
Good Energy Ltd,2001,Cash,3081
Good Energy Ltd,2002,Cash,23988
Good Energy Ltd,2003,Cash,16895
Good Energy Ltd,2004,Cash,7917
Good Energy Ltd,2005,Cash,0
Good Energy Ltd,2006,Cash,0
Good Energy Ltd,2007,Cash,66570
Good Energy Ltd,2008,Cash,305347
Good Energy Ltd,2009,Cash,932768
Good Energy Ltd,2010,Cash,0
Good Energy Ltd,2011,Cash,180627
Good Energy Ltd,2012,Cash,7278288
Good Energy Ltd,2013,Cash,14914678
Good Energy Ltd,2014,Cash,7572566
Good Energy Ltd,2015,Cash,1354695
Good Energy Ltd,2016,Cash,1133000
Good Energy Ltd,2017,Cash,11567932
Good Energy Ltd,2018,Cash,12779700
Good Energy Ltd,2019,Cash,4308375
Good Energy Ltd,2020,Cash,9417834
Good Energy Ltd,2021,Cash,8416508
Good Energy Ltd,2022,Cash,25651188
Good Energy Ltd,2023,Cash,44863763
Good Energy Ltd,2024,Cash,33168982
Good Energy Ltd,2025,Cash,17309612
,,,
Good Energy Ltd,2001,Current_assets_total,751876
Good Energy Ltd,2002,Current_assets_total,971587
Good Energy Ltd,2003,Current_assets_total,1267018
Good Energy Ltd,2004,Current_assets_total,2499133
Good Energy Ltd,2005,Current_assets_total,3889938
Good Energy Ltd,2006,Current_assets_total,5946305
Good Energy Ltd,2007,Current_assets_total,3855446
Good Energy Ltd,2008,Current_assets_total,6803383
Good Energy Ltd,2009,Current_assets_total,5735783
Good Energy Ltd,2010,Current_assets_total,6639518
Good Energy Ltd,2011,Current_assets_total,6706574
Good Energy Ltd,2012,Current_assets_total,12444886
Good Energy Ltd,2013,Current_assets_total,22699510
Good Energy Ltd,2014,Current_assets_total,15200664
Good Energy Ltd,2015,Current_assets_total,17940057
Good Energy Ltd,2016,Current_assets_total,24652308
Good Energy Ltd,2017,Current_assets_total,47808781
Good Energy Ltd,2018,Current_assets_total,50827615
Good Energy Ltd,2019,Current_assets_total,71024032
Good Energy Ltd,2020,Current_assets_total,49123258
Good Energy Ltd,2021,Current_assets_total,56313765
Good Energy Ltd,2022,Current_assets_total,91359994
Good Energy Ltd,2023,Current_assets_total,91105531
Good Energy Ltd,2024,Current_assets_total,95646532
Good Energy Ltd,2025,Current_assets_total,94627410
,,,
Good Energy Ltd,2001,Creditors_within_1y,-464195
Good Energy Ltd,2002,Creditors_within_1y,-534882
Good Energy Ltd,2003,Creditors_within_1y,-834419
Good Energy Ltd,2004,Creditors_within_1y,-1996101
Good Energy Ltd,2005,Creditors_within_1y,-3204230
Good Energy Ltd,2006,Creditors_within_1y,-4941588
Good Energy Ltd,2007,Creditors_within_1y,-2317354
Good Energy Ltd,2008,Creditors_within_1y,-4959482
Good Energy Ltd,2009,Creditors_within_1y,-4597450
Good Energy Ltd,2010,Creditors_within_1y,-4885281
Good Energy Ltd,2011,Creditors_within_1y,-4908875
Good Energy Ltd,2012,Creditors_within_1y,-10881794
Good Energy Ltd,2013,Creditors_within_1y,20044625
Good Energy Ltd,2014,Creditors_within_1y,12939626
Good Energy Ltd,2015,Creditors_within_1y,-18305315
Good Energy Ltd,2016,Creditors_within_1y,-22900897
Good Energy Ltd,2017,Creditors_within_1y,-45186618
Good Energy Ltd,2018,Creditors_within_1y,-47878144
Good Energy Ltd,2019,Creditors_within_1y,-69012017
Good Energy Ltd,2020,Creditors_within_1y,-43121211
Good Energy Ltd,2021,Creditors_within_1y,-52323865
Good Energy Ltd,2022,Creditors_within_1y,-83864959
Good Energy Ltd,2023,Creditors_within_1y,-67713660
Good Energy Ltd,2024,Creditors_within_1y,-62330228
Good Energy Ltd,2025,Creditors_within_1y,-60528139
,,,
Good Energy Ltd,2001,Net_current_assets,287681
Good Energy Ltd,2002,Net_current_assets,436705
Good Energy Ltd,2003,Net_current_assets,432599
Good Energy Ltd,2004,Net_current_assets,503032
Good Energy Ltd,2005,Net_current_assets,685708
Good Energy Ltd,2006,Net_current_assets,1004717
Good Energy Ltd,2007,Net_current_assets,1538092
Good Energy Ltd,2008,Net_current_assets,1843901
Good Energy Ltd,2009,Net_current_assets,1138333
Good Energy Ltd,2010,Net_current_assets,1754237
Good Energy Ltd,2011,Net_current_assets,1797700
Good Energy Ltd,2012,Net_current_assets,15531092
Good Energy Ltd,2013,Net_current_assets,2654885
Good Energy Ltd,2014,Net_current_assets,2261038
Good Energy Ltd,2015,Net_current_assets,-365258
Good Energy Ltd,2016,Net_current_assets,1751411
Good Energy Ltd,2017,Net_current_assets,2622163
Good Energy Ltd,2018,Net_current_assets,2949471
Good Energy Ltd,2019,Net_current_assets,2012015
Good Energy Ltd,2020,Net_current_assets,6002047
Good Energy Ltd,2021,Net_current_assets,3989900
Good Energy Ltd,2022,Net_current_assets,7495035
Good Energy Ltd,2023,Net_current_assets,23391871
Good Energy Ltd,2024,Net_current_assets,33316304
Good Energy Ltd,2025,Net_current_assets,34099271
,,,
Good Energy Ltd,2001,Total_assets_less_current_liabilities,827681
Good Energy Ltd,2002,Total_assets_less_current_liabilities,1058630
Good Energy Ltd,2003,Total_assets_less_current_liabilities,1094742
Good Energy Ltd,2004,Total_assets_less_current_liabilities,1092396
Good Energy Ltd,2005,Total_assets_less_current_liabilities,1235367
Good Energy Ltd,2006,Total_assets_less_current_liabilities,1584656
Good Energy Ltd,2007,Total_assets_less_current_liabilities,2083538
Good Energy Ltd,2008,Total_assets_less_current_liabilities,2947800
Good Energy Ltd,2009,Total_assets_less_current_liabilities,2618679
Good Energy Ltd,2010,Total_assets_less_current_liabilities,3045335
Good Energy Ltd,2011,Total_assets_less_current_liabilities,3251588
Good Energy Ltd,2012,Total_assets_less_current_liabilities,17960338
Good Energy Ltd,2013,Total_assets_less_current_liabilities,5691953
Good Energy Ltd,2014,Total_assets_less_current_liabilities,5357358
Good Energy Ltd,2015,Total_assets_less_current_liabilities,2506393
Good Energy Ltd,2016,Total_assets_less_current_liabilities,4881116
Good Energy Ltd,2017,Total_assets_less_current_liabilities,5284331
Good Energy Ltd,2018,Total_assets_less_current_liabilities,6070715
Good Energy Ltd,2019,Total_assets_less_current_liabilities,6654410
Good Energy Ltd,2020,Total_assets_less_current_liabilities,9400922
Good Energy Ltd,2021,Total_assets_less_current_liabilities,7173137
Good Energy Ltd,2022,Total_assets_less,
,,,
Good Energy Ltd,2001,Total_assets_less_current_liabilities,827681
Good Energy Ltd,2002,Total_assets_less_current_liabilities,1058630
Good Energy Ltd,2003,Total_assets_less_current_liabilities,1094742
Good Energy Ltd,2004,Total_assets_less_current_liabilities,1092396
Good Energy Ltd,2005,Total_assets_less_current_liabilities,1235367
Good Energy Ltd,2006,Total_assets_less_current_liabilities,1584656
Good Energy Ltd,2007,Total_assets_less_current_liabilities,2083538
Good Energy Ltd,2008,Total_assets_less_current_liabilities,2947800
Good Energy Ltd,2009,Total_assets_less_current_liabilities,2618679
Good Energy Ltd,2010,Total_assets_less_current_liabilities,3045335
Good Energy Ltd,2011,Total_assets_less_current_liabilities,3251588
Good Energy Ltd,2012,Total_assets_less_current_liabilities,17960338
Good Energy Ltd,2013,Total_assets_less_current_liabilities,5691953
Good Energy Ltd,2014,Total_assets_less_current_liabilities,5357358
Good Energy Ltd,2015,Total_assets_less_current_liabilities,2506393
Good Energy Ltd,2016,Total_assets_less_current_liabilities,4881116
Good Energy Ltd,2017,Total_assets_less_current_liabilities,5284331
Good Energy Ltd,2018,Total_assets_less_current_liabilities,6070715
Good Energy Ltd,2019,Total_assets_less_current_liabilities,6654410
Good Energy Ltd,2020,Total_assets_less_current_liabilities,9400922
Good Energy Ltd,2021,Total_assets_less_current_liabilities,7173137
Good Energy Ltd,2022,Total_assets_less_current_liabilities,9144089
Good Energy Ltd,2023,Total_assets_less_current_liabilities,25371238
Good Energy Ltd,2024,Total_assets_less_current_liabilities,35539399
Good Energy Ltd,2025,Total_assets_less_current_liabilities,45922266
,,,
Good Energy Ltd,2001,Creditors_over_1y,-30000
Good Energy Ltd,2002,Creditors_over_1y,-248206
Good Energy Ltd,2003,Creditors_over_1y,-96726
Good Energy Ltd,2004,Creditors_over_1y,-29166
Good Energy Ltd,2005,Creditors_over_1y,-145979
Good Energy Ltd,2006,Creditors_over_1y,-2935
Good Energy Ltd,2007,Creditors_over_1y,0
Good Energy Ltd,2008,Creditors_over_1y,-378451
Good Energy Ltd,2009,Creditors_over_1y,0
Good Energy Ltd,2010,Creditors_over_1y,-412894
Good Energy Ltd,2011,Creditors_over_1y,-372146
Good Energy Ltd,2012,Creditors_over_1y,-120912
Good Energy Ltd,2013,Creditors_over_1y,120912
Good Energy Ltd,2014,Creditors_over_1y,0
Good Energy Ltd,2015,Creditors_over_1y,0
Good Energy Ltd,2016,Creditors_over_1y,0
Good Energy Ltd,2017,Creditors_over_1y,0
Good Energy Ltd,2018,Creditors_over_1y,-47725
Good Energy Ltd,2019,Creditors_over_1y,-232109
Good Energy Ltd,2020,Creditors_over_1y,-390194
Good Energy Ltd,2021,Creditors_over_1y,-317495
Good Energy Ltd,2022,Creditors_over_1y,-5957
Good Energy Ltd,2023,Creditors_over_1y,-847350
Good Energy Ltd,2024,Creditors_over_1y,-485763
Good Energy Ltd,2025,Creditors_over_1y,-185777
,,,
Good Energy Ltd,2001,Net_assets,797681
Good Energy Ltd,2002,Net_assets,810424
Good Energy Ltd,2003,Net_assets,998016
Good Energy Ltd,2004,Net_assets,1063230
Good Energy Ltd,2005,Net_assets,1089388
Good Energy Ltd,2006,Net_assets,1581721
Good Energy Ltd,2007,Net_assets,2083538
Good Energy Ltd,2008,Net_assets,2575048
Good Energy Ltd,2009,Net_assets,2618679
Good Energy Ltd,2010,Net_assets,2632441
Good Energy Ltd,2011,Net_assets,2879441
Good Energy Ltd,2012,Net_assets,3805026
Good Energy Ltd,2013,Net_assets,5691953
Good Energy Ltd,2014,Net_assets,5357358
Good Energy Ltd,2015,Net_assets,2506393
Good Energy Ltd,2016,Net_assets,4881116
Good Energy Ltd,2017,Net_assets,5284331
Good Energy Ltd,2018,Net_assets,6022990
Good Energy Ltd,2019,Net_assets,6422301
Good Energy Ltd,2020,Net_assets,9008126
Good Energy Ltd,2021,Net_assets,6822319
Good Energy Ltd,2022,Net_assets,9138132
Good Energy Ltd,2023,Net_assets,24523888
Good Energy Ltd,2024,Net_assets,34910416
Good Energy Ltd,2025,Net_assets,45599119
,,,
Good Energy Ltd,2001,Share_capital,746002
Good Energy Ltd,2002,Share_capital,746002
Good Energy Ltd,2003,Share_capital,846002
Good Energy Ltd,2004,Share_capital,946002
Good Energy Ltd,2005,Share_capital,996002
Good Energy Ltd,2006,Share_capital,1171002
Good Energy Ltd,2007,Share_capital,1171002
Good Energy Ltd,2008,Share_capital,1171002
Good Energy Ltd,2009,Share_capital,1171002
Good Energy Ltd,2010,Share_capital,1171002
Good Energy Ltd,2011,Share_capital,1171002
Good Energy Ltd,2012,Share_capital,1171002
Good Energy Ltd,2013,Share_capital,1171002
Good Energy Ltd,2014,Share_capital,1171002
Good Energy Ltd,2015,Share_capital,1171002
Good Energy Ltd,2016,Share_capital,1171002
Good Energy Ltd,2017,Share_capital,1171002
Good Energy Ltd,2018,Share_capital,1171002
Good Energy Ltd,2019,Share_capital,1171002
Good Energy Ltd,2020,Share_capital,1171002
Good Energy Ltd,2021,Share_capital,1171002
Good Energy Ltd,2022,Share_capital,1171002
Good Energy Ltd,2023,Share_capital,1171002
Good Energy Ltd,2024,Share_capital,1171002
Good Energy Ltd,2025,Share_capital,1171002
,,,
Good Energy Ltd,2001,Share_premium,0
Good Energy Ltd,2002,Share_premium,0
Good Energy Ltd,2003,Share_premium,100000
Good Energy Ltd,2004,Share_premium,250000
Good Energy Ltd,2005,Share_premium,450000
Good Energy Ltd,2006,Share_premium,1150000
Good Energy Ltd,2007,Share_premium,1150000
Good Energy Ltd,2008,Share_premium,1150000
Good Energy Ltd,2009,Share_premium,1150000
Good Energy Ltd,2010,Share_premium,1150000
Good Energy Ltd,2011,Share_premium,1150000
Good Energy Ltd,2012,Share_premium,1150000
Good Energy Ltd,2013,Share_premium,1150000
Good Energy Ltd,2014,Share_premium,1150000
Good Energy Ltd,2015,Share_premium,1150000
Good Energy Ltd,2016,Share_premium,1150000
Good Energy Ltd,2017,Share_premium,1150000
Good Energy Ltd,2018,Share_premium,1150000
Good Energy Ltd,2019,Share_premium,1150000
Good Energy Ltd,2020,Share_premium,1150000
Good Energy Ltd,2021,Share_premium,1150000
Good Energy Ltd,2022,Share_premium,1150000
Good Energy Ltd,2023,Share_premium,1150000
Good Energy Ltd,2024,Share_premium,1150000
Good Energy Ltd,2025,Share_premium,1150000
,,,
Good Energy Ltd,2001,Retained_earnings,51679
Good Energy Ltd,2002,Retained_earnings,64422
Good Energy Ltd,2003,Retained_earnings,52014
Good Energy Ltd,2004,Retained_earnings,-132772
Good Energy Ltd,2005,Retained_earnings,-356614
Good Energy Ltd,2006,Retained_earnings,-739281
Good Energy Ltd,2007,Retained_earnings,-237464
Good Energy Ltd,2008,Retained_earnings,254046
Good Energy Ltd,2009,Retained_earnings,297677
Good Energy Ltd,2010,Retained_earnings,311439
Good Energy Ltd,2011,Retained_earnings,558439
Good Energy Ltd,2012,Retained_earnings,1484024
Good Energy Ltd,2013,Retained_earnings,3370951
Good Energy Ltd,2014,Retained_earnings,3036356
Good Energy Ltd,2015,Retained_earnings,185391
Good Energy Ltd,2016,Retained_earnings,2560114
Good Energy Ltd,2017,Retained_earnings,2963329
Good Energy Ltd,2018,Retained_earnings,3701988
Good Energy Ltd,2019,Retained_earnings,4101299
Good Energy Ltd,2020,Retained_earnings,6687124
Good Energy Ltd,2021,Retained_earnings,4501317
Good Energy Ltd,2022,Retained_earnings,6817130
Good Energy Ltd,2023,Retained_earnings,22202886
Good Energy Ltd,2024,Retained_earnings,32589414
Good Energy Ltd,2025,Retained_earnings,43278117
,,,
Good Energy Ltd,2001,Equity_total,797681
Good Energy Ltd,2002,Equity_total,810424
Good Energy Ltd,2003,Equity_total,998016
Good Energy Ltd,2004,Equity_total,1063230
Good Energy Ltd,2005,Equity_total,1089388
Good Energy Ltd,2006,Equity_total,1581721
Good Energy Ltd,2007,Equity_total,2083538
Good Energy Ltd,2008,Equity_total,2575048
Good Energy Ltd,2009,Equity_total,2618679
Good Energy Ltd,2010,Equity_total,2632441
Good Energy Ltd,2011,Equity_total,2879441
Good Energy Ltd,2012,Equity_total,3805026
Good Energy Ltd,2013,Equity_total,5691953
Good Energy Ltd,2014,Equity_total,5357358
Good Energy Ltd,2015,Equity_total,2506393
Good Energy Ltd,2016,Equity_total,4881116
Good Energy Ltd,2017,Equity_total,5284331
Good Energy Ltd,2018,Equity_total,6022990
Good Energy Ltd,2019,Equity_total,6422301
Good Energy Ltd,2020,Equity_total,9008126
Good Energy Ltd,2021,Equity_total,6822319
Good Energy Ltd,2022,Equity_total,9138132
Good Energy Ltd,2023,Equity_total,24523888
Good Energy Ltd,2024,Equity_total,34910416
Good Energy Ltd,2025,Equity_total,45599119
Ecotricity Ltd,1996,IntangibleAssets,
Ecotricity Ltd,1997,IntangibleAssets,
Ecotricity Ltd,1998,IntangibleAssets,
Ecotricity Ltd,1999,IntangibleAssets,
Ecotricity Ltd,2000,IntangibleAssets,
,,,
Ecotricity Ltd,1996,TangibleAssets,2340
Ecotricity Ltd,1997,TangibleAssets,152131
Ecotricity Ltd,1998,TangibleAssets,342235
Ecotricity Ltd,1999,TangibleAssets,354323
Ecotricity Ltd,2000,TangibleAssets,625917
,,,
Ecotricity Ltd,1996,Investments,
Ecotricity Ltd,1997,Investments,0
Ecotricity Ltd,1998,Investments,0
Ecotricity Ltd,1999,Investments,125
Ecotricity Ltd,2000,Investments,175
,,,
Ecotricity Ltd,1996,FixedAssetsTotal,2340
Ecotricity Ltd,1997,FixedAssetsTotal,152131
Ecotricity Ltd,1998,FixedAssetsTotal,342235
Ecotricity Ltd,1999,FixedAssetsTotal,354448
Ecotricity Ltd,2000,FixedAssetsTotal,626092
,,,
Ecotricity Ltd,1996,Stocks,
Ecotricity Ltd,1997,Stocks,
Ecotricity Ltd,1998,Stocks,
Ecotricity Ltd,1999,Stocks,
Ecotricity Ltd,2000,Stocks,
,,,
Ecotricity Ltd,1996,Debtors,1347
Ecotricity Ltd,1997,Debtors,939599
Ecotricity Ltd,1998,Debtors,860744
Ecotricity Ltd,1999,Debtors,2841907
Ecotricity Ltd,2000,Debtors,7306110
,,,
Ecotricity Ltd,1996,Cash,5447
Ecotricity Ltd,1997,Cash,153888
Ecotricity Ltd,1998,Cash,412239
Ecotricity Ltd,1999,Cash,2999204
Ecotricity Ltd,2000,Cash,4060046
,,,
Ecotricity Ltd,1996,CurrentAssetsTotal,6794
Ecotricity Ltd,1997,CurrentAssetsTotal,1093487
Ecotricity Ltd,1998,CurrentAssetsTotal,1272983
Ecotricity Ltd,1999,CurrentAssetsTotal,5841111
Ecotricity Ltd,2000,CurrentAssetsTotal,11366156
,,,
Ecotricity Ltd,1996,Creditors_LT1Y,-8836
Ecotricity Ltd,1997,Creditors_LT1Y,-1008391
Ecotricity Ltd,1998,Creditors_LT1Y,-1092501
Ecotricity Ltd,1999,Creditors_LT1Y,-5538986
Ecotricity Ltd,2000,Creditors_LT1Y,-11496673
,,,
Ecotricity Ltd,1996,NetCurrentAssets,-2042
Ecotricity Ltd,1997,NetCurrentAssets,85096
Ecotricity Ltd,1998,NetCurrentAssets,180482
Ecotricity Ltd,1999,NetCurrentAssets,302125
Ecotricity Ltd,2000,NetCurrentAssets,-130517
,,,
Ecotricity Ltd,1996,TotalAssetsLessCurrentLiabilities,298
Ecotricity Ltd,1997,TotalAssetsLessCurrentLiabilities,237227
Ecotricity Ltd,1998,TotalAssetsLessCurrentLiabilities,522717
Ecotricity Ltd,1999,TotalAssetsLessCurrentLiabilities,656573
Ecotricity Ltd,2000,TotalAssetsLessCurrentLiabilities,495575
,,,
Ecotricity Ltd,1996,Creditors_GT1Y,0
Ecotricity Ltd,1997,Creditors_GT1Y,-1025
Ecotricity Ltd,1998,Creditors_GT1Y,-196762
Ecotricity Ltd,1999,Creditors_GT1Y,-180020
Ecotricity Ltd,2000,Creditors_GT1Y,-62067
,,,
Ecotricity Ltd,1996,NetAssets,298
Ecotricity Ltd,1997,NetAssets,236202
Ecotricity Ltd,1998,NetAssets,324252
Ecotricity Ltd,1999,NetAssets,473195
Ecotricity Ltd,2000,NetAssets,433508
,,,
Ecotricity Ltd,1996,ShareCapital,3
Ecotricity Ltd,1997,ShareCapital,3
Ecotricity Ltd,1998,ShareCapital,3
Ecotricity Ltd,1999,ShareCapital,3
Ecotricity Ltd,2000,ShareCapital,3
,,,
Ecotricity Ltd,1996,SharePremium,
Ecotricity Ltd,1997,SharePremium,
Ecotricity Ltd,1998,SharePremium,
Ecotricity Ltd,1999,SharePremium,
Ecotricity Ltd,2000,SharePremium,
,,,
Ecotricity Ltd,1996,RetainedEarnings,295
Ecotricity Ltd,1997,RetainedEarnings,236199
Ecotricity Ltd,1998,RetainedEarnings,324249
Ecotricity Ltd,1999,RetainedEarnings,473192
Ecotricity Ltd,2000,RetainedEarnings,433505
,,,
Ecotricity Ltd,1996,EquityTotal,298
Ecotricity Ltd,1997,EquityTotal,236202
Ecotricity Ltd,1998,EquityTotal,324252
Ecotricity Ltd,1999,EquityTotal,473195
Ecotricity Ltd,2000,EquityTotal,433508
,,,
company,year,item,value
Ecotricity Ltd,2001,IntangibleAssets,
Ecotricity Ltd,2002,IntangibleAssets,
Ecotricity Ltd,2003,IntangibleAssets,
Ecotricity Ltd,2004,IntangibleAssets,
Ecotricity Ltd,2005,IntangibleAssets,
Ecotricity Ltd,2006,IntangibleAssets,
,,,
Ecotricity Ltd,2001,TangibleAssets,105265
Ecotricity Ltd,2002,TangibleAssets,118826
Ecotricity Ltd,2003,TangibleAssets,146697
Ecotricity Ltd,2004,TangibleAssets,106979
Ecotricity Ltd,2005,TangibleAssets,108185
Ecotricity Ltd,2006,TangibleAssets,304676
,,,
Ecotricity Ltd,2001,Investments,175
Ecotricity Ltd,2002,Investments,50
Ecotricity Ltd,2003,Investments,1
Ecotricity Ltd,2004,Investments,12
Ecotricity Ltd,2005,Investments,12
Ecotricity Ltd,2006,Investments,12
,,,
Ecotricity Ltd,2001,FixedAssetsTotal,105440
Ecotricity Ltd,2002,FixedAssetsTotal,118876
Ecotricity Ltd,2003,FixedAssetsTotal,146698
Ecotricity Ltd,2004,FixedAssetsTotal,106991
Ecotricity Ltd,2005,FixedAssetsTotal,108197
Ecotricity Ltd,2006,FixedAssetsTotal,304688
,,,
Ecotricity Ltd,2001,Stocks,
Ecotricity Ltd,2002,Stocks,
Ecotricity Ltd,2003,Stocks,
Ecotricity Ltd,2004,Stocks,
Ecotricity Ltd,2005,Stocks,
Ecotricity Ltd,2006,Stocks,
,,,
Ecotricity Ltd,2001,Debtors,9627925
Ecotricity Ltd,2002,Debtors,8229553
Ecotricity Ltd,2003,Debtors,4280473
Ecotricity Ltd,2004,Debtors,4046383
Ecotricity Ltd,2005,Debtors,6184012
Ecotricity Ltd,2006,Debtors,8667806
,,,
Ecotricity Ltd,2001,Cash,3560204
Ecotricity Ltd,2002,Cash,7653072
Ecotricity Ltd,2003,Cash,3149867
Ecotricity Ltd,2004,Cash,1237011
Ecotricity Ltd,2005,Cash,1133039
Ecotricity Ltd,2006,Cash,1374740
,,,
Ecotricity Ltd,2001,CurrentAssetsTotal,13188129
Ecotricity Ltd,2002,CurrentAssetsTotal,15882625
Ecotricity Ltd,2003,CurrentAssetsTotal,7430340
Ecotricity Ltd,2004,CurrentAssetsTotal,5283394
Ecotricity Ltd,2005,CurrentAssetsTotal,7317051
Ecotricity Ltd,2006,CurrentAssetsTotal,10042546
,,,
Ecotricity Ltd,2001,Creditors_LT1Y,-12864657
Ecotricity Ltd,2002,Creditors_LT1Y,-15871516
Ecotricity Ltd,2003,Creditors_LT1Y,-7336445
Ecotricity Ltd,2004,Creditors_LT1Y,-3999214
Ecotricity Ltd,2005,Creditors_LT1Y,-5827629
Ecotricity Ltd,2006,Creditors_LT1Y,-8878445
,,,
Ecotricity Ltd,2001,NetCurrentAssets,323472
Ecotricity Ltd,2002,NetCurrentAssets,11109
Ecotricity Ltd,2003,NetCurrentAssets,93895
Ecotricity Ltd,2004,NetCurrentAssets,1284180
Ecotricity Ltd,2005,NetCurrentAssets,1489422
Ecotricity Ltd,2006,NetCurrentAssets,1164101
,,,
Ecotricity Ltd,2001,TotalAssetsLessCurrentLiabilities,428912
Ecotricity Ltd,2002,TotalAssetsLessCurrentLiabilities,129985
Ecotricity Ltd,2003,TotalAssetsLessCurrentLiabilities,240593
Ecotricity Ltd,2004,TotalAssetsLessCurrentLiabilities,1391171
Ecotricity Ltd,2005,TotalAssetsLessCurrentLiabilities,1597619
Ecotricity Ltd,2006,TotalAssetsLessCurrentLiabilities,1468789
,,,
Ecotricity Ltd,2001,Creditors_GT1Y,-36926
Ecotricity Ltd,2002,Creditors_GT1Y,0
Ecotricity Ltd,2003,Creditors_GT1Y,0
Ecotricity Ltd,2004,Creditors_GT1Y,8997
Ecotricity Ltd,2005,Creditors_GT1Y,3243
Ecotricity Ltd,2006,Creditors_GT1Y,-112768
,,,
Ecotricity Ltd,2001,NetAssets,391986
Ecotricity Ltd,2002,NetAssets,129985
Ecotricity Ltd,2003,NetAssets,240593
Ecotricity Ltd,2004,NetAssets,1400168
Ecotricity Ltd,2005,NetAssets,1600862
Ecotricity Ltd,2006,NetAssets,1351030
,,,
Ecotricity Ltd,2001,ShareCapital,3
Ecotricity Ltd,2002,ShareCapital,3
Ecotricity Ltd,2003,ShareCapital,3
Ecotricity Ltd,2004,ShareCapital,3
Ecotricity Ltd,2005,ShareCapital,3
Ecotricity Ltd,2006,ShareCapital,3
,,,
Ecotricity Ltd,2001,SharePremium,
Ecotricity Ltd,2002,SharePremium,
Ecotricity Ltd,2003,SharePremium,
Ecotricity Ltd,2004,SharePremium,
Ecotricity Ltd,2005,SharePremium,
Ecotricity Ltd,2006,SharePremium,
,,,
Ecotricity Ltd,2001,RetainedEarnings,391983
Ecotricity Ltd,2002,RetainedEarnings,129982
Ecotricity Ltd,2003,RetainedEarnings,240590
Ecotricity Ltd,2004,RetainedEarnings,1400165
Ecotricity Ltd,2005,RetainedEarnings,1600859
Ecotricity Ltd,2006,RetainedEarnings,1351027
,,,
Ecotricity Ltd,2001,EquityTotal,391986
Ecotricity Ltd,2002,EquityTotal,129985
Ecotricity Ltd,2003,EquityTotal,240593
Ecotricity Ltd,2004,EquityTotal,1400168
Ecotricity Ltd,2005,EquityTotal,1600862
Ecotricity Ltd,2006,EquityTotal,1351030
,,,
company,year,item,value
Ecotricity Ltd,2007,IntangibleAssets,
Ecotricity Ltd,2008,IntangibleAssets,
Ecotricity Ltd,2009,IntangibleAssets,
Ecotricity Ltd,2010,IntangibleAssets,
Ecotricity Ltd,2011,IntangibleAssets,
Ecotricity Ltd,2012,IntangibleAssets,
Ecotricity Ltd,2013,IntangibleAssets,
,,,
Ecotricity Ltd,2007,TangibleAssets,289081
Ecotricity Ltd,2008,TangibleAssets,388432
Ecotricity Ltd,2009,TangibleAssets,907676
Ecotricity Ltd,2010,TangibleAssets,706525
Ecotricity Ltd,2011,TangibleAssets,57544
Ecotricity Ltd,2012,TangibleAssets,18048
Ecotricity Ltd,2013,TangibleAssets,31886
,,,
Ecotricity Ltd,2007,Investments,13
Ecotricity Ltd,2008,Investments,13
Ecotricity Ltd,2009,Investments,13
Ecotricity Ltd,2010,Investments,13
Ecotricity Ltd,2011,Investments,13
Ecotricity Ltd,2012,Investments,13
Ecotricity Ltd,2013,Investments,13
,,,
Ecotricity Ltd,2007,FixedAssetsTotal,289094
Ecotricity Ltd,2008,FixedAssetsTotal,388445
Ecotricity Ltd,2009,FixedAssetsTotal,907689
Ecotricity Ltd,2010,FixedAssetsTotal,706538
Ecotricity Ltd,2011,FixedAssetsTotal,57557
Ecotricity Ltd,2012,FixedAssetsTotal,18061
Ecotricity Ltd,2013,FixedAssetsTotal,31899
,,,
Ecotricity Ltd,2007,Stocks,
Ecotricity Ltd,2008,Stocks,
Ecotricity Ltd,2009,Stocks,
Ecotricity Ltd,2010,Stocks,
Ecotricity Ltd,2011,Stocks,
Ecotricity Ltd,2012,Stocks,
Ecotricity Ltd,2013,Stocks,
,,,
Ecotricity Ltd,2007,Debtors,14537184
Ecotricity Ltd,2008,Debtors,23688488
Ecotricity Ltd,2009,Debtors,24703812
Ecotricity Ltd,2010,Debtors,27651107
Ecotricity Ltd,2011,Debtors,43697898
Ecotricity Ltd,2012,Debtors,47965781
Ecotricity Ltd,2013,Debtors,53909221
,,,
Ecotricity Ltd,2007,Cash,528566
Ecotricity Ltd,2008,Cash,2198282
Ecotricity Ltd,2009,Cash,1583883
Ecotricity Ltd,2010,Cash,2207445
Ecotricity Ltd,2011,Cash,653488
Ecotricity Ltd,2012,Cash,1574203
Ecotricity Ltd,2013,Cash,1950293
,,,
Ecotricity Ltd,2007,CurrentAssetsTotal,15065750
Ecotricity Ltd,2008,CurrentAssetsTotal,25886770
Ecotricity Ltd,2009,CurrentAssetsTotal,26287695
Ecotricity Ltd,2010,CurrentAssetsTotal,39858552
Ecotricity Ltd,2011,CurrentAssetsTotal,44351386
Ecotricity Ltd,2012,CurrentAssetsTotal,49539984
Ecotricity Ltd,2013,CurrentAssetsTotal,55859514
,,,
Ecotricity Ltd,2007,Creditors_LT1Y,-13819647
Ecotricity Ltd,2008,Creditors_LT1Y,-25730749
Ecotricity Ltd,2009,Creditors_LT1Y,-28121781
Ecotricity Ltd,2010,Creditors_LT1Y,-29377372
Ecotricity Ltd,2011,Creditors_LT1Y,-41088636
Ecotricity Ltd,2012,Creditors_LT1Y,-46207632
Ecotricity Ltd,2013,Creditors_LT1Y,-48994432
,,,
Ecotricity Ltd,2007,NetCurrentAssets,1246103
Ecotricity Ltd,2008,NetCurrentAssets,156021
Ecotricity Ltd,2009,NetCurrentAssets,-1834086
Ecotricity Ltd,2010,NetCurrentAssets,481180
Ecotricity Ltd,2011,NetCurrentAssets,3262750
Ecotricity Ltd,2012,NetCurrentAssets,3332352
Ecotricity Ltd,2013,NetCurrentAssets,6865082
,,,
Ecotricity Ltd,2007,TotalAssetsLessCurrentLiabilities,1535197
Ecotricity Ltd,2008,TotalAssetsLessCurrentLiabilities,544466
Ecotricity Ltd,2009,TotalAssetsLessCurrentLiabilities,-926397
Ecotricity Ltd,2010,TotalAssetsLessCurrentLiabilities,1187718
Ecotricity Ltd,2011,TotalAssetsLessCurrentLiabilities,3320307
Ecotricity Ltd,2012,TotalAssetsLessCurrentLiabilities,3350413
Ecotricity Ltd,2013,TotalAssetsLessCurrentLiabilities,6896981
,,,
Ecotricity Ltd,2007,Creditors_GT1Y,-76336
Ecotricity Ltd,2008,Creditors_GT1Y,0
Ecotricity Ltd,2009,Creditors_GT1Y,0
Ecotricity Ltd,2010,Creditors_GT1Y,0
Ecotricity Ltd,2011,Creditors_GT1Y,0
Ecotricity Ltd,2012,Creditors_GT1Y,0
Ecotricity Ltd,2013,Creditors_GT1Y,0
,,,
Ecotricity Ltd,2007,NetAssets,1449546
Ecotricity Ltd,2008,NetAssets,542517
Ecotricity Ltd,2009,NetAssets,-926397
Ecotricity Ltd,2010,NetAssets,1187718
Ecotricity Ltd,2011,NetAssets,3320307
Ecotricity Ltd,2012,NetAssets,3350413
Ecotricity Ltd,2013,NetAssets,6896981
,,,
Ecotricity Ltd,2007,ShareCapital,3
Ecotricity Ltd,2008,ShareCapital,3
Ecotricity Ltd,2009,ShareCapital,3
Ecotricity Ltd,2010,ShareCapital,3
Ecotricity Ltd,2011,ShareCapital,3
Ecotricity Ltd,2012,ShareCapital,3
Ecotricity Ltd,2013,ShareCapital,3
,,,
Ecotricity Ltd,2007,SharePremium,
Ecotricity Ltd,2008,SharePremium,
Ecotricity Ltd,2009,SharePremium,
Ecotricity Ltd,2010,SharePremium,
Ecotricity Ltd,2011,SharePremium,
Ecotricity Ltd,2012,SharePremium,
Ecotricity Ltd,2013,SharePremium,
,,,
Ecotricity Ltd,2007,RetainedEarnings,1449543
Ecotricity Ltd,2008,RetainedEarnings,542514
Ecotricity Ltd,2009,RetainedEarnings,-926400
Ecotricity Ltd,2010,RetainedEarnings,1187715
Ecotricity Ltd,2011,RetainedEarnings,3320304
Ecotricity Ltd,2012,RetainedEarnings,3350410
Ecotricity Ltd,2013,RetainedEarnings,6896978
,,,
Ecotricity Ltd,2007,EquityTotal,1449546
Ecotricity Ltd,2008,EquityTotal,542517
Ecotricity Ltd,2009,EquityTotal,-926397
Ecotricity Ltd,2010,EquityTotal,1187718
Ecotricity Ltd,2011,EquityTotal,3320307
Ecotricity Ltd,2012,EquityTotal,3350413
Ecotricity Ltd,2013,EquityTotal,6896981
,,,
company,year,item,value
Ecotricity Ltd,2014,IntangibleAssets,
Ecotricity Ltd,2015,IntangibleAssets,
Ecotricity Ltd,2016,IntangibleAssets,
Ecotricity Ltd,2017,IntangibleAssets,
,,,
Ecotricity Ltd,2014,TangibleAssets,27107
Ecotricity Ltd,2015,TangibleAssets,22393
Ecotricity Ltd,2016,TangibleAssets,17679
Ecotricity Ltd,2017,TangibleAssets,12964
,,,
Ecotricity Ltd,2014,Investments,15
Ecotricity Ltd,2015,Investments,15
Ecotricity Ltd,2016,Investments,15
Ecotricity Ltd,2017,Investments,15
,,,
Ecotricity Ltd,2014,FixedAssetsTotal,27122
Ecotricity Ltd,2015,FixedAssetsTotal,22408
Ecotricity Ltd,2016,FixedAssetsTotal,17694
Ecotricity Ltd,2017,FixedAssetsTotal,12979
,,,
Ecotricity Ltd,2014,Stocks,
Ecotricity Ltd,2015,Stocks,
Ecotricity Ltd,2016,Stocks,
Ecotricity Ltd,2017,Stocks,
,,,
Ecotricity Ltd,2014,Debtors,64911125
Ecotricity Ltd,2015,Debtors,53953435
Ecotricity Ltd,2016,Debtors,75265294
Ecotricity Ltd,2017,Debtors,82470935
,,,
Ecotricity Ltd,2014,Cash,1725408
Ecotricity Ltd,2015,Cash,2548257
Ecotricity Ltd,2016,Cash,2929356
Ecotricity Ltd,2017,Cash,210637
,,,
Ecotricity Ltd,2014,CurrentAssetsTotal,66636533
Ecotricity Ltd,2015,CurrentAssetsTotal,56501692
Ecotricity Ltd,2016,CurrentAssetsTotal,78194650
Ecotricity Ltd,2017,CurrentAssetsTotal,82681572
,,,
Ecotricity Ltd,2014,Creditors_LT1Y,-55511810
Ecotricity Ltd,2015,Creditors_LT1Y,-29577715
Ecotricity Ltd,2016,Creditors_LT1Y,-49096851
Ecotricity Ltd,2017,Creditors_LT1Y,-61659707
,,,
Ecotricity Ltd,2014,NetCurrentAssets,11124723
Ecotricity Ltd,2015,NetCurrentAssets,26923977
Ecotricity Ltd,2016,NetCurrentAssets,29097799
Ecotricity Ltd,2017,NetCurrentAssets,21021865
,,,
Ecotricity Ltd,2014,TotalAssetsLessCurrentLiabilities,11151845
Ecotricity Ltd,2015,TotalAssetsLessCurrentLiabilities,26946385
Ecotricity Ltd,2016,TotalAssetsLessCurrentLiabilities,29115493
Ecotricity Ltd,2017,TotalAssetsLessCurrentLiabilities,21034844
,,,
Ecotricity Ltd,2014,Creditors_GT1Y,0
Ecotricity Ltd,2015,Creditors_GT1Y,0
Ecotricity Ltd,2016,Creditors_GT1Y,0
Ecotricity Ltd,2017,Creditors_GT1Y,0
,,,
Ecotricity Ltd,2014,NetAssets,11151845
Ecotricity Ltd,2015,NetAssets,26946385
Ecotricity Ltd,2016,NetAssets,29115493
Ecotricity Ltd,2017,NetAssets,21034844
,,,
Ecotricity Ltd,2014,ShareCapital,3
Ecotricity Ltd,2015,ShareCapital,3
Ecotricity Ltd,2016,ShareCapital,3
Ecotricity Ltd,2017,ShareCapital,3
,,,
Ecotricity Ltd,2014,SharePremium,
Ecotricity Ltd,2015,SharePremium,
Ecotricity Ltd,2016,SharePremium,
Ecotricity Ltd,2017,SharePremium,
,,,
Ecotricity Ltd,2014,RetainedEarnings,11151842
Ecotricity Ltd,2015,RetainedEarnings,26946382
Ecotricity Ltd,2016,RetainedEarnings,29115490
Ecotricity Ltd,2017,RetainedEarnings,21034841
,,,
Ecotricity Ltd,2014,EquityTotal,11151845
Ecotricity Ltd,2015,EquityTotal,26946385
Ecotricity Ltd,2016,EquityTotal,29115493
Ecotricity Ltd,2017,EquityTotal,21034844
ESB Energy,2016,IntangibleAssets,
ESB Energy,2017,IntangibleAssets,2642
ESB Energy,2018,IntangibleAssets,5977
ESB Energy,2019,IntangibleAssets,-
ESB Energy,2020,IntangibleAssets,-
ESB Energy,2021,IntangibleAssets,-
ESB Energy,2022,IntangibleAssets,-
ESB Energy,2023,IntangibleAssets,-
ESB Energy,2024,IntangibleAssets,-
ESB Energy,2025,IntangibleAssets,-
,,,
ESB Energy,2019,RightOfUseAssets,-
ESB Energy,2020,RightOfUseAssets,369
ESB Energy,2021,RightOfUseAssets,192
ESB Energy,2022,RightOfUseAssets,27
,,,
ESB Energy,2017,TradeReceivables,903
ESB Energy,2018,TradeReceivables,7179
ESB Energy,2019,TradeReceivables,10350
ESB Energy,2020,TradeReceivables,13292
ESB Energy,2021,TradeReceivables,19914
ESB Energy,2022,TradeReceivables,402
ESB Energy,2023,TradeReceivables,419
ESB Energy,2024,TradeReceivables,743
ESB Energy,2025,TradeReceivables,687
,,,
ESB Energy,2017,Cash,7089
ESB Energy,2018,Cash,10070
ESB Energy,2019,Cash,5379
ESB Energy,2020,Cash,4614
ESB Energy,2021,Cash,16328
ESB Energy,2022,Cash,1090
ESB Energy,2023,Cash,944
ESB Energy,2024,Cash,970
ESB Energy,2025,Cash,962
,,,
ESB Energy,2017,CurrentAssetsTotal,7992
ESB Energy,2018,CurrentAssetsTotal,17249
ESB Energy,2019,CurrentAssetsTotal,15729
ESB Energy,2020,CurrentAssetsTotal,17906
ESB Energy,2021,CurrentAssetsTotal,36242
ESB Energy,2022,CurrentAssetsTotal,1492
ESB Energy,2023,CurrentAssetsTotal,1363
ESB Energy,2024,CurrentAssetsTotal,1713
ESB Energy,2025,CurrentAssetsTotal,1649
,,,
ESB Energy,2017,TradePayables,-13614
ESB Energy,2018,TradePayables,-34376
ESB Energy,2019,TradePayables,-51125
ESB Energy,2020,TradePayables,-74993
ESB Energy,2021,TradePayables,-39650
ESB Energy,2022,TradePayables,-8747
ESB Energy,2023,TradePayables,-9078
ESB Energy,2024,TradePayables,-9439
ESB Energy,2025,TradePayables,-9470
,,,
ESB Energy,2017,NetCurrentLiabilities,-5622
ESB Energy,2018,NetCurrentLiabilities,-17127
ESB Energy,2019,NetCurrentLiabilities,-35396
ESB Energy,2020,NetCurrentLiabilities,-57087
ESB Energy,2021,NetCurrentLiabilities,-3408
ESB Energy,2022,NetCurrentLiabilities,-7255
ESB Energy,2023,NetCurrentLiabilities,-7715
ESB Energy,2024,NetCurrentLiabilities,-7726
ESB Energy,2025,NetCurrentLiabilities,-7821
,,,
ESB Energy,2017,TotalAssetsLessCurrentLiabilities,-2980
ESB Energy,2018,TotalAssetsLessCurrentLiabilities,-11150
ESB Energy,2019,TotalAssetsLessCurrentLiabilities,-35027
ESB Energy,2020,TotalAssetsLessCurrentLiabilities,-56895
ESB Energy,2021,TotalAssetsLessCurrentLiabilities,-3381
ESB Energy,2022,TotalAssetsLessCurrentLiabilities,-7255
ESB Energy,2023,TotalAssetsLessCurrentLiabilities,-7715
ESB Energy,2024,TotalAssetsLessCurrentLiabilities,-7726
ESB Energy,2025,TotalAssetsLessCurrentLiabilities,-7821
,,,
ESB Energy,2020,LongTermPayables,-244
ESB Energy,2021,LongTermPayables,-27
,,,
ESB Energy,2017,NetLiabilities,-2980
ESB Energy,2018,NetLiabilities,-11150
ESB Energy,2019,NetLiabilities,-35271
ESB Energy,2020,NetLiabilities,-56922
ESB Energy,2021,NetLiabilities,-3381
ESB Energy,2022,NetLiabilities,-7255
ESB Energy,2023,NetLiabilities,-7715
ESB Energy,2024,NetLiabilities,-7726
ESB Energy,2025,NetLiabilities,-7821
,,,
ESB Energy,2017,ShareCapital,0
ESB Energy,2018,ShareCapital,0
ESB Energy,2019,ShareCapital,0
ESB Energy,2020,ShareCapital,0
ESB Energy,2021,ShareCapital,0
ESB Energy,2022,ShareCapital,0
ESB Energy,2023,ShareCapital,0
ESB Energy,2024,ShareCapital,0
ESB Energy,2025,ShareCapital,0
,,,
ESB Energy,2021,CapitalContribution,66000
ESB Energy,2022,CapitalContribution,66000
ESB Energy,2023,CapitalContribution,66000
ESB Energy,2024,CapitalContribution,66000
ESB Energy,2025,CapitalContribution,66000
,,,
ESB Energy,2017,ProfitAndLoss,-2980
ESB Energy,2018,ProfitAndLoss,-11150
ESB Energy,2019,ProfitAndLoss,-35271
ESB Energy,2020,ProfitAndLoss,-56922
ESB Energy,2021,ProfitAndLoss,-69381
ESB Energy,2022,ProfitAndLoss,-73255
ESB Energy,2023,ProfitAndLoss,-73715
ESB Energy,2024,ProfitAndLoss,-73726
ESB Energy,2025,ProfitAndLoss,-73821
,,,
ESB Energy,2017,ShareholdersFunds,-2980
ESB Energy,2018,ShareholdersFunds,-11150
ESB Energy,2019,ShareholdersFunds,-35271
ESB Energy,2020,ShareholdersFunds,-56922
ESB Energy,2021,ShareholdersFunds,-3381
ESB Energy,2022,ShareholdersFunds,-7255
ESB Energy,2023,ShareholdersFunds,-7715
ESB Energy,2024,ShareholdersFunds,-7715
ESB Energy,2025,ShareholdersFunds,-7821
REBEL ENERGY SUPPLY LIMITED,2018,IntangibleAssets,
REBEL ENERGY SUPPLY LIMITED,2019,IntangibleAssets,
REBEL ENERGY SUPPLY LIMITED,2020,IntangibleAssets,94010
REBEL ENERGY SUPPLY LIMITED,2021,IntangibleAssets,184383
REBEL ENERGY SUPPLY LIMITED,2022,IntangibleAssets,530534
REBEL ENERGY SUPPLY LIMITED,2023,IntangibleAssets,
,,,
REBEL ENERGY SUPPLY LIMITED,2018,TangibleAssets,
REBEL ENERGY SUPPLY LIMITED,2019,TangibleAssets,
REBEL ENERGY SUPPLY LIMITED,2020,TangibleAssets,14395
REBEL ENERGY SUPPLY LIMITED,2021,TangibleAssets,20317
REBEL ENERGY SUPPLY LIMITED,2022,TangibleAssets,7691
REBEL ENERGY SUPPLY LIMITED,2023,TangibleAssets,63724
,,,
REBEL ENERGY SUPPLY LIMITED,2018,FixedAssetsTotal,
REBEL ENERGY SUPPLY LIMITED,2019,FixedAssetsTotal,
REBEL ENERGY SUPPLY LIMITED,2020,FixedAssetsTotal,14395
REBEL ENERGY SUPPLY LIMITED,2021,FixedAssetsTotal,114327
REBEL ENERGY SUPPLY LIMITED,2022,FixedAssetsTotal,192074
REBEL ENERGY SUPPLY LIMITED,2023,FixedAssetsTotal,594258
,,,
REBEL ENERGY SUPPLY LIMITED,2018,TradeReceivables,1
REBEL ENERGY SUPPLY LIMITED,2019,TradeReceivables,1
REBEL ENERGY SUPPLY LIMITED,2020,TradeReceivables,1
REBEL ENERGY SUPPLY LIMITED,2021,TradeReceivables,103240
REBEL ENERGY SUPPLY LIMITED,2022,TradeReceivables,1821058
REBEL ENERGY SUPPLY LIMITED,2023,TradeReceivables,9311750
,,,
REBEL ENERGY SUPPLY LIMITED,2018,Cash,1
REBEL ENERGY SUPPLY LIMITED,2019,Cash,1
REBEL ENERGY SUPPLY LIMITED,2020,Cash,0
REBEL ENERGY SUPPLY LIMITED,2021,Cash,7989
REBEL ENERGY SUPPLY LIMITED,2022,Cash,101069
REBEL ENERGY SUPPLY LIMITED,2023,Cash,2611581
,,,
REBEL ENERGY SUPPLY LIMITED,2018,CurrentAssetsTotal,1
REBEL ENERGY SUPPLY LIMITED,2019,CurrentAssetsTotal,1
REBEL ENERGY SUPPLY LIMITED,2020,CurrentAssetsTotal,1
REBEL ENERGY SUPPLY LIMITED,2021,CurrentAssetsTotal,111229
REBEL ENERGY SUPPLY LIMITED,2022,CurrentAssetsTotal,1922127
REBEL ENERGY SUPPLY LIMITED,2023,CurrentAssetsTotal,11923331
,,,
REBEL ENERGY SUPPLY LIMITED,2018,TradePayables,
REBEL ENERGY SUPPLY LIMITED,2019,TradePayables,
REBEL ENERGY SUPPLY LIMITED,2020,TradePayables,-153076
REBEL ENERGY SUPPLY LIMITED,2021,TradePayables,-1489786
REBEL ENERGY SUPPLY LIMITED,2022,TradePayables,-3438008
REBEL ENERGY SUPPLY LIMITED,2023,TradePayables,-10624329
,,,
REBEL ENERGY SUPPLY LIMITED,2018,NetCurrentLiabilities,
REBEL ENERGY SUPPLY LIMITED,2019,NetCurrentLiabilities,
REBEL ENERGY SUPPLY LIMITED,2020,NetCurrentLiabilities,-138680
REBEL ENERGY SUPPLY LIMITED,2021,NetCurrentLiabilities,-1378557
REBEL ENERGY SUPPLY LIMITED,2022,NetCurrentLiabilities,-1515881
REBEL ENERGY SUPPLY LIMITED,2023,NetCurrentLiabilities,1299002
,,,
REBEL ENERGY SUPPLY LIMITED,2018,TotalAssetsLessCurrentLiabilities,
REBEL ENERGY SUPPLY LIMITED,2019,TotalAssetsLessCurrentLiabilities,
REBEL ENERGY SUPPLY LIMITED,2020,TotalAssetsLessCurrentLiabilities,-138680
REBEL ENERGY SUPPLY LIMITED,2021,TotalAssetsLessCurrentLiabilities,-1264230
REBEL ENERGY SUPPLY LIMITED,2022,TotalAssetsLessCurrentLiabilities,-1323807
REBEL ENERGY SUPPLY LIMITED,2023,TotalAssetsLessCurrentLiabilities,1893260
,,,
REBEL ENERGY SUPPLY LIMITED,2020,LongTermPayables,-1000
REBEL ENERGY SUPPLY LIMITED,2021,LongTermPayables,0
REBEL ENERGY SUPPLY LIMITED,2022,LongTermPayables,0
REBEL ENERGY SUPPLY LIMITED,2023,LongTermPayables,-85985
,,,
REBEL ENERGY SUPPLY LIMITED,2018,NetLiabilities,1
REBEL ENERGY SUPPLY LIMITED,2019,NetLiabilities,1
REBEL ENERGY SUPPLY LIMITED,2020,NetLiabilities,-138680
REBEL ENERGY SUPPLY LIMITED,2021,NetLiabilities,-1264230
REBEL ENERGY SUPPLY LIMITED,2022,NetLiabilities,-1323807
REBEL ENERGY SUPPLY LIMITED,2023,NetLiabilities,1807275
,,,
REBEL ENERGY SUPPLY LIMITED,2018,ShareCapital,1
REBEL ENERGY SUPPLY LIMITED,2019,ShareCapital,1
REBEL ENERGY SUPPLY LIMITED,2020,ShareCapital,1
REBEL ENERGY SUPPLY LIMITED,2021,ShareCapital,1
REBEL ENERGY SUPPLY LIMITED,2022,ShareCapital,1
REBEL ENERGY SUPPLY LIMITED,2023,ShareCapital,1
,,,
REBEL ENERGY SUPPLY LIMITED,2018,ProfitAndLoss,1
REBEL ENERGY SUPPLY LIMITED,2019,ProfitAndLoss,1
REBEL ENERGY SUPPLY LIMITED,2020,ProfitAndLoss,-138681
REBEL ENERGY SUPPLY LIMITED,2021,ProfitAndLoss,-1264231
REBEL ENERGY SUPPLY LIMITED,2022,ProfitAndLoss,-1323808
REBEL ENERGY SUPPLY LIMITED,2023,ProfitAndLoss,1807274
,,,
REBEL ENERGY SUPPLY LIMITED,2018,ShareholdersFunds,1
REBEL ENERGY SUPPLY LIMITED,2019,ShareholdersFunds,1
REBEL ENERGY SUPPLY LIMITED,2020,ShareholdersFunds,-138680
REBEL ENERGY SUPPLY LIMITED,2021,ShareholdersFunds,-1264230
REBEL ENERGY SUPPLY LIMITED,2022,ShareholdersFunds,-1323807
REBEL ENERGY SUPPLY LIMITED,2023,ShareholdersFunds,1807275
Zog Energy,2013,IntangibleAssets,
Zog Energy,2014,IntangibleAssets,
Zog Energy,2015,IntangibleAssets,
Zog Energy,2016,IntangibleAssets,
Zog Energy,2017,IntangibleAssets,
Zog Energy,2018,IntangibleAssets,
Zog Energy,2019,IntangibleAssets,
Zog Energy,2020,IntangibleAssets,
Zog Energy,2021,IntangibleAssets,
,,,
Zog Energy,2013,TangibleAssets,2100
Zog Energy,2014,TangibleAssets,2438
Zog Energy,2015,TangibleAssets,2733
Zog Energy,2016,TangibleAssets,2367
Zog Energy,2017,TangibleAssets,689
Zog Energy,2018,TangibleAssets,14026
Zog Energy,2019,TangibleAssets,8190
Zog Energy,2020,TangibleAssets,2079
Zog Energy,2021,TangibleAssets,2275
,,,
Zog Energy,2013,TradeReceivables,1313
Zog Energy,2014,TradeReceivables,5867
Zog Energy,2015,TradeReceivables,885
Zog Energy,2016,TradeReceivables,9517
Zog Energy,2017,TradeReceivables,10651
Zog Energy,2018,TradeReceivables,423
Zog Energy,2019,TradeReceivables,0
Zog Energy,2020,TradeReceivables,
Zog Energy,2021,TradeReceivables,18028
,,,
Zog Energy,2013,Cash,1759
Zog Energy,2014,Cash,89634
Zog Energy,2015,Cash,80567
Zog Energy,2016,Cash,148335
Zog Energy,2017,Cash,134180
Zog Energy,2018,Cash,3259
Zog Energy,2019,Cash,81720
Zog Energy,2020,Cash,33531
Zog Energy,2021,Cash,450978
,,,
Zog Energy,2013,Prepayments,0
Zog Energy,2014,Prepayments,5537
Zog Energy,2015,Prepayments,67280
Zog Energy,2016,Prepayments,299762
Zog Energy,2017,Prepayments,314720
Zog Energy,2018,Prepayments,898194
Zog Energy,2019,Prepayments,617253
Zog Energy,2020,Prepayments,283719
Zog Energy,2021,Prepayments,181136
,,,
Zog Energy,2013,CurrentAssetsTotal,3072
Zog Energy,2014,CurrentAssetsTotal,95501
Zog Energy,2015,CurrentAssetsTotal,81452
Zog Energy,2016,CurrentAssetsTotal,157852
Zog Energy,2017,CurrentAssetsTotal,144831
Zog Energy,2018,CurrentAssetsTotal,3682
Zog Energy,2019,CurrentAssetsTotal,81720
Zog Energy,2020,CurrentAssetsTotal,33531
Zog Energy,2021,CurrentAssetsTotal,469006
,,,
Zog Energy,2013,TradePayables,-12550
Zog Energy,2014,TradePayables,-106313
Zog Energy,2015,TradePayables,-115604
Zog Energy,2016,TradePayables,-397750
Zog Energy,2017,TradePayables,-73372
Zog Energy,2018,TradePayables,-314326
Zog Energy,2019,TradePayables,-210605
Zog Energy,2020,TradePayables,-98130
Zog Energy,2021,TradePayables,-111657
,,,
Zog Energy,2013,NetCurrentLiabilities,-9478
Zog Energy,2014,NetCurrentLiabilities,-10812
Zog Energy,2015,NetCurrentLiabilities,33128
Zog Energy,2016,NetCurrentLiabilities,59864
Zog Energy,2017,NetCurrentLiabilities,386179
Zog Energy,2018,NetCurrentLiabilities,587550
Zog Energy,2019,NetCurrentLiabilities,488368
Zog Energy,2020,NetCurrentLiabilities,219120
Zog Energy,2021,NetCurrentLiabilities,538485
,,,
Zog Energy,2013,TotalAssetsLessCurrentLiabilities,-7378
Zog Energy,2014,TotalAssetsLessCurrentLiabilities,-8374
Zog Energy,2015,TotalAssetsLessCurrentLiabilities,35861
Zog Energy,2016,TotalAssetsLessCurrentLiabilities,62231
Zog Energy,2017,TotalAssetsLessCurrentLiabilities,386868
Zog Energy,2018,TotalAssetsLessCurrentLiabilities,601576
Zog Energy,2019,TotalAssetsLessCurrentLiabilities,496558
Zog Energy,2020,TotalAssetsLessCurrentLiabilities,221199
Zog Energy,2021,TotalAssetsLessCurrentLiabilities,540760
,,,
Zog Energy,2015,AccrualsDeferredIncome,0
Zog Energy,2016,AccrualsDeferredIncome,-250993
Zog Energy,2017,AccrualsDeferredIncome,-241955
Zog Energy,2018,AccrualsDeferredIncome,-390253
Zog Energy,2019,AccrualsDeferredIncome,-391333
Zog Energy,2020,AccrualsDeferredIncome,-360158
Zog Energy,2021,AccrualsDeferredIncome,-371765
,,,
Zog Energy,2013,NetLiabilities,-7378
Zog Energy,2014,NetLiabilities,-8374
Zog Energy,2015,NetLiabilities,35861
Zog Energy,2016,NetLiabilities,62231
Zog Energy,2017,NetLiabilities,144913
Zog Energy,2018,NetLiabilities,211323
Zog Energy,2019,NetLiabilities,105225
Zog Energy,2020,NetLiabilities,-138959
Zog Energy,2021,NetLiabilities,168995
,,,
Zog Energy,2013,ShareCapital,100
Zog Energy,2014,ShareCapital,100
Zog Energy,2015,ShareCapital,100
Zog Energy,2016,ShareCapital,100
Zog Energy,2017,ShareCapital,100
Zog Energy,2018,ShareCapital,100
Zog Energy,2019,ShareCapital,100
Zog Energy,2020,ShareCapital,100
Zog Energy,2021,ShareCapital,100
,,,
Zog Energy,2013,ProfitAndLoss,-7478
Zog Energy,2014,ProfitAndLoss,-8474
Zog Energy,2015,ProfitAndLoss,35761
Zog Energy,2016,ProfitAndLoss,62131
Zog Energy,2017,ProfitAndLoss,144813
Zog Energy,2018,ProfitAndLoss,211223
Zog Energy,2019,ProfitAndLoss,105125
Zog Energy,2020,ProfitAndLoss,-139059
Zog Energy,2021,ProfitAndLoss,168895
,,,
Zog Energy,2013,ShareholdersFunds,-7378
Zog Energy,2014,ShareholdersFunds,-8374
Zog Energy,2015,ShareholdersFunds,35861
Zog Energy,2016,ShareholdersFunds,62231
Zog Energy,2017,ShareholdersFunds,144913
Zog Energy,2018,ShareholdersFunds,211323
Zog Energy,2019,ShareholdersFunds,105225
Zog Energy,2020,ShareholdersFunds,-138959
Zog Energy,2021,ShareholdersFunds,168995
SmartestEnergy Ltd,2001,TangibleAssets,
SmartestEnergy Ltd,2002,TangibleAssets,3409
SmartestEnergy Ltd,2003,TangibleAssets,3032
SmartestEnergy Ltd,2004,TangibleAssets,2699
SmartestEnergy Ltd,2005,TangibleAssets,2252
SmartestEnergy Ltd,2006,TangibleAssets,1764
SmartestEnergy Ltd,2007,TangibleAssets,1011
SmartestEnergy Ltd,2008,TangibleAssets,1556
SmartestEnergy Ltd,2009,TangibleAssets,2797
SmartestEnergy Ltd,2010,TangibleAssets,3597
SmartestEnergy Ltd,2011,TangibleAssets,4479
SmartestEnergy Ltd,2012,TangibleAssets,4148
SmartestEnergy Ltd,2013,TangibleAssets,4999
SmartestEnergy Ltd,2014,TangibleAssets,3341
SmartestEnergy Ltd,2015,TangibleAssets,2493
SmartestEnergy Ltd,2016,TangibleAssets,871
SmartestEnergy Ltd,2017,TangibleAssets,1030
SmartestEnergy Ltd,2018,TangibleAssets,824
SmartestEnergy Ltd,2019,TangibleAssets,1395
SmartestEnergy Ltd,2020,TangibleAssets,6201
SmartestEnergy Ltd,2021,TangibleAssets,8879
SmartestEnergy Ltd,2022,TangibleAssets,7251
SmartestEnergy Ltd,2023,TangibleAssets,6927
SmartestEnergy Ltd,2024,TangibleAssets,7495
SmartestEnergy Ltd,2025,TangibleAssets,5880
,,,
company,year,item,value
SmartestEnergy Ltd,2001,IntangibleAssets,
SmartestEnergy Ltd,2002,IntangibleAssets,
SmartestEnergy Ltd,2003,IntangibleAssets,
SmartestEnergy Ltd,2004,IntangibleAssets,
SmartestEnergy Ltd,2005,IntangibleAssets,
SmartestEnergy Ltd,2006,IntangibleAssets,
SmartestEnergy Ltd,2007,IntangibleAssets,
SmartestEnergy Ltd,2008,IntangibleAssets,
SmartestEnergy Ltd,2009,IntangibleAssets,
SmartestEnergy Ltd,2010,IntangibleAssets,
SmartestEnergy Ltd,2011,IntangibleAssets,
SmartestEnergy Ltd,2012,IntangibleAssets,
SmartestEnergy Ltd,2013,IntangibleAssets,
SmartestEnergy Ltd,2014,IntangibleAssets,
SmartestEnergy Ltd,2015,IntangibleAssets,
SmartestEnergy Ltd,2016,IntangibleAssets,2235
SmartestEnergy Ltd,2017,IntangibleAssets,4203
SmartestEnergy Ltd,2018,IntangibleAssets,6339
SmartestEnergy Ltd,2019,IntangibleAssets,9969
SmartestEnergy Ltd,2020,IntangibleAssets,9600
SmartestEnergy Ltd,2021,IntangibleAssets,35345
SmartestEnergy Ltd,2022,IntangibleAssets,34565
SmartestEnergy Ltd,2023,IntangibleAssets,19609
SmartestEnergy Ltd,2024,IntangibleAssets,11902
SmartestEnergy Ltd,2025,IntangibleAssets,13090
,,,
company,year,item,value
SmartestEnergy Ltd,2016,DerivativeAssetsNonCurrent,22575
SmartestEnergy Ltd,2017,DerivativeAssetsNonCurrent,18117
SmartestEnergy Ltd,2018,DerivativeAssetsNonCurrent,9425
SmartestEnergy Ltd,2019,DerivativeAssetsNonCurrent,20912
SmartestEnergy Ltd,2020,DerivativeAssetsNonCurrent,43847
SmartestEnergy Ltd,2021,DerivativeAssetsNonCurrent,15395
SmartestEnergy Ltd,2022,DerivativeAssetsNonCurrent,602331
SmartestEnergy Ltd,2023,DerivativeAssetsNonCurrent,433278
SmartestEnergy Ltd,2024,DerivativeAssetsNonCurrent,242317
SmartestEnergy Ltd,2025,DerivativeAssetsNonCurrent,138128
,,,
company,year,item,value
SmartestEnergy Ltd,2016,DeferredTaxAssetNonCurrent,672
SmartestEnergy Ltd,2017,DeferredTaxAssetNonCurrent,444
SmartestEnergy Ltd,2018,DeferredTaxAssetNonCurrent,17
SmartestEnergy Ltd,2020,DeferredTaxAssetNonCurrent,920
SmartestEnergy Ltd,2021,DeferredTaxAssetNonCurrent,2098
SmartestEnergy Ltd,2022,DeferredTaxAssetNonCurrent,4218
SmartestEnergy Ltd,2024,DeferredTaxAssetNonCurrent,791
,,,
company,year,item,value
SmartestEnergy Ltd,2017,Investments,6
SmartestEnergy Ltd,2018,Investments,25168
SmartestEnergy Ltd,2020,Investments,27980
SmartestEnergy Ltd,2022,Investments,27980
SmartestEnergy Ltd,2024,Investments,27980
SmartestEnergy Ltd,2025,Investments,27980
,,,
company,year,item,value
SmartestEnergy Ltd,2002,TradeReceivables,11115
SmartestEnergy Ltd,2003,TradeReceivables,50829
SmartestEnergy Ltd,2004,TradeReceivables,17124
SmartestEnergy Ltd,2005,TradeReceivables,67245
SmartestEnergy Ltd,2006,TradeReceivables,106000
SmartestEnergy Ltd,2007,TradeReceivables,33254
SmartestEnergy Ltd,2008,TradeReceivables,40534
SmartestEnergy Ltd,2009,TradeReceivables,56388
SmartestEnergy Ltd,2010,TradeReceivables,53108
SmartestEnergy Ltd,2011,TradeReceivables,73839
SmartestEnergy Ltd,2012,TradeReceivables,112395
SmartestEnergy Ltd,2013,TradeReceivables,122323
SmartestEnergy Ltd,2014,TradeReceivables,120544
SmartestEnergy Ltd,2015,TradeReceivables,161941
SmartestEnergy Ltd,2016,TradeReceivables,181955
SmartestEnergy Ltd,2017,TradeReceivables,173125
SmartestEnergy Ltd,2018,TradeReceivables,187802
SmartestEnergy Ltd,2019,TradeReceivables,238193
SmartestEnergy Ltd,2020,TradeReceivables,224187
SmartestEnergy Ltd,2021,TradeReceivables,245629
SmartestEnergy Ltd,2022,TradeReceivables,228078
SmartestEnergy Ltd,2023,TradeReceivables,846822
SmartestEnergy Ltd,2024,TradeReceivables,604534
SmartestEnergy Ltd,2025,TradeReceivables,643497
,,,
company,year,item,value
SmartestEnergy Ltd,2016,OtherCurrentAssets,96655
SmartestEnergy Ltd,2017,OtherCurrentAssets,127480
SmartestEnergy Ltd,2018,OtherCurrentAssets,141266
SmartestEnergy Ltd,2019,OtherCurrentAssets,164940
SmartestEnergy Ltd,2020,OtherCurrentAssets,209137
SmartestEnergy Ltd,2021,OtherCurrentAssets,158700
SmartestEnergy Ltd,2022,OtherCurrentAssets,230848
SmartestEnergy Ltd,2023,OtherCurrentAssets,118586
SmartestEnergy Ltd,2024,OtherCurrentAssets,220799
SmartestEnergy Ltd,2025,OtherCurrentAssets,249388
,,,
company,year,item,value
SmartestEnergy Ltd,2016,DerivativeAssetsCurrent,44925
SmartestEnergy Ltd,2017,DerivativeAssetsCurrent,21509
SmartestEnergy Ltd,2018,DerivativeAssetsCurrent,47179
SmartestEnergy Ltd,2019,DerivativeAssetsCurrent,70091
SmartestEnergy Ltd,2020,DerivativeAssetsCurrent,195727
SmartestEnergy Ltd,2021,DerivativeAssetsCurrent,150642
SmartestEnergy Ltd,2022,DerivativeAssetsCurrent,195021
SmartestEnergy Ltd,2023,DerivativeAssetsCurrent,974461
SmartestEnergy Ltd,2024,DerivativeAssetsCurrent,594895
SmartestEnergy Ltd,2025,DerivativeAssetsCurrent,264650
,,,
company,year,item,value
SmartestEnergy Ltd,2002,Cash,5403
SmartestEnergy Ltd,2003,Cash,7543
SmartestEnergy Ltd,2004,Cash,1951
SmartestEnergy Ltd,2005,Cash,3533
SmartestEnergy Ltd,2006,Cash,945
SmartestEnergy Ltd,2007,Cash,10358
SmartestEnergy Ltd,2008,Cash,14411
SmartestEnergy Ltd,2009,Cash,7967
SmartestEnergy Ltd,2010,Cash,7440
SmartestEnergy Ltd,2011,Cash,11346
SmartestEnergy Ltd,2012,Cash,17875
SmartestEnergy Ltd,2013,Cash,13123
SmartestEnergy Ltd,2014,Cash,32660
SmartestEnergy Ltd,2015,Cash,5495
SmartestEnergy Ltd,2016,Cash,3351
SmartestEnergy Ltd,2017,Cash,2528
SmartestEnergy Ltd,2018,Cash,1792
SmartestEnergy Ltd,2019,Cash,7087
SmartestEnergy Ltd,2020,Cash,18946
SmartestEnergy Ltd,2021,Cash,10103
SmartestEnergy Ltd,2022,Cash,24651
SmartestEnergy Ltd,2023,Cash,24830
SmartestEnergy Ltd,2024,Cash,14533
SmartestEnergy Ltd,2025,Cash,11471
,,,
company,year,item,value
SmartestEnergy Ltd,2002,CurrentAssetsTotal,16518
SmartestEnergy Ltd,2003,CurrentAssetsTotal,58372
SmartestEnergy Ltd,2004,CurrentAssetsTotal,19075
SmartestEnergy Ltd,2005,CurrentAssetsTotal,70778
SmartestEnergy Ltd,2006,CurrentAssetsTotal,106945
SmartestEnergy Ltd,2007,CurrentAssetsTotal,75158
SmartestEnergy Ltd,2008,CurrentAssetsTotal,122842
SmartestEnergy Ltd,2009,CurrentAssetsTotal,165868
SmartestEnergy Ltd,2010,CurrentAssetsTotal,172028
SmartestEnergy Ltd,2011,CurrentAssetsTotal,216773
SmartestEnergy Ltd,2012,CurrentAssetsTotal,265668
SmartestEnergy Ltd,2013,CurrentAssetsTotal,228878
SmartestEnergy Ltd,2014,CurrentAssetsTotal,238165
SmartestEnergy Ltd,2015,CurrentAssetsTotal,298557
SmartestEnergy Ltd,2016,CurrentAssetsTotal,335536
SmartestEnergy Ltd,2017,CurrentAssetsTotal,324642
SmartestEnergy Ltd,2018,CurrentAssetsTotal,381178
SmartestEnergy Ltd,2019,CurrentAssetsTotal,480311
SmartestEnergy Ltd,2020,CurrentAssetsTotal,650807
SmartestEnergy Ltd,2021,CurrentAssetsTotal,567531
SmartestEnergy Ltd,2022,CurrentAssetsTotal,681408
SmartestEnergy Ltd,2023,CurrentAssetsTotal,1966976
SmartestEnergy Ltd,2024,CurrentAssetsTotal,1434761
SmartestEnergy Ltd,2025,CurrentAssetsTotal,1169006
,,,
company,year,item,value
SmartestEnergy Ltd,2002,TradePayables,15591
SmartestEnergy Ltd,2003,TradePayables,58135
SmartestEnergy Ltd,2004,TradePayables,18231
SmartestEnergy Ltd,2005,TradePayables,68441
SmartestEnergy Ltd,2006,TradePayables,102196
SmartestEnergy Ltd,2007,TradePayables,55403
SmartestEnergy Ltd,2008,TradePayables,67801
SmartestEnergy Ltd,2009,TradePayables,93044
SmartestEnergy Ltd,2010,TradePayables,98796
SmartestEnergy Ltd,2011,TradePayables,152522
SmartestEnergy Ltd,2012,TradePayables,209516
SmartestEnergy Ltd,2013,TradePayables,185131
SmartestEnergy Ltd,2014,TradePayables,164260
SmartestEnergy Ltd,2015,TradePayables,211714
SmartestEnergy Ltd,2016,TradePayables,146914
SmartestEnergy Ltd,2017,TradePayables,133999
SmartestEnergy Ltd,2018,TradePayables,142700
SmartestEnergy Ltd,2019,TradePayables,195706
SmartestEnergy Ltd,2020,TradePayables,210660
SmartestEnergy Ltd,2021,TradePayables,241681
SmartestEnergy Ltd,2022,TradePayables,231702
SmartestEnergy Ltd,2023,TradePayables,705903
SmartestEnergy Ltd,2024,TradePayables,630366
SmartestEnergy Ltd,2025,TradePayables,618865
,,,
company,year,item,value
SmartestEnergy Ltd,2016,OtherCurrentLiabilities,62994
SmartestEnergy Ltd,2017,OtherCurrentLiabilities,95488
SmartestEnergy Ltd,2018,OtherCurrentLiabilities,125875
SmartestEnergy Ltd,2019,OtherCurrentLiabilities,145421
SmartestEnergy Ltd,2020,OtherCurrentLiabilities,174929
SmartestEnergy Ltd,2021,OtherCurrentLiabilities,229671
SmartestEnergy Ltd,2022,OtherCurrentLiabilities,245661
SmartestEnergy Ltd,2023,OtherCurrentLiabilities,276680
SmartestEnergy Ltd,2024,OtherCurrentLiabilities,213561
SmartestEnergy Ltd,2025,OtherCurrentLiabilities,289740
,,,
company,year,item,value
SmartestEnergy Ltd,2016,DerivativeLiabilitiesCurrent,41165
SmartestEnergy Ltd,2017,DerivativeLiabilitiesCurrent,17344
SmartestEnergy Ltd,2018,DerivativeLiabilitiesCurrent,38311
SmartestEnergy Ltd,2019,DerivativeLiabilitiesCurrent,56912
SmartestEnergy Ltd,2020,DerivativeLiabilitiesCurrent,182215
SmartestEnergy Ltd,2021,DerivativeLiabilitiesCurrent,125913
SmartestEnergy Ltd,2022,DerivativeLiabilitiesCurrent,1954073
SmartestEnergy Ltd,2023,DerivativeLiabilitiesCurrent,849928
SmartestEnergy Ltd,2024,DerivativeLiabilitiesCurrent,474467
SmartestEnergy Ltd,2025,DerivativeLiabilitiesCurrent,110200
,,,
company,year,item,value
SmartestEnergy Ltd,2016,TaxPayable,2317
SmartestEnergy Ltd,2017,TaxPayable,1569
SmartestEnergy Ltd,2019,TaxPayable,1569
SmartestEnergy Ltd,2021,TaxPayable,354
SmartestEnergy Ltd,2022,TaxPayable,354
SmartestEnergy Ltd,2023,TaxPayable,15857
SmartestEnergy Ltd,2024,TaxPayable,1113
SmartestEnergy Ltd,2025,TaxPayable,5689
,,,
company,year,item,value
SmartestEnergy Ltd,2016,ProvisionsCurrent,300
SmartestEnergy Ltd,2017,ProvisionsCurrent,791
SmartestEnergy Ltd,2018,ProvisionsCurrent,800
SmartestEnergy Ltd,2019,ProvisionsCurrent,221
SmartestEnergy Ltd,2020,ProvisionsCurrent,117
SmartestEnergy Ltd,2021,ProvisionsCurrent,369
SmartestEnergy Ltd,2022,ProvisionsCurrent,940
SmartestEnergy Ltd,2023,ProvisionsCurrent,3376
SmartestEnergy Ltd,2024,ProvisionsCurrent,347
,,,
company,year,item,value
SmartestEnergy Ltd,2016,DerivativeLiabilitiesNonCurrent,19900
SmartestEnergy Ltd,2017,DerivativeLiabilitiesNonCurrent,8235
SmartestEnergy Ltd,2018,DerivativeLiabilitiesNonCurrent,5703
SmartestEnergy Ltd,2019,DerivativeLiabilitiesNonCurrent,13395
SmartestEnergy Ltd,2020,DerivativeLiabilitiesNonCurrent,38385
SmartestEnergy Ltd,2021,DerivativeLiabilitiesNonCurrent,11046
SmartestEnergy Ltd,2022,DerivativeLiabilitiesNonCurrent,562002
SmartestEnergy Ltd,2023,DerivativeLiabilitiesNonCurrent,291283
SmartestEnergy Ltd,2024,DerivativeLiabilitiesNonCurrent,130058
SmartestEnergy Ltd,2025,DerivativeLiabilitiesNonCurrent,32097
,,,
company,year,item,value
SmartestEnergy Ltd,2016,ProvisionsNonCurrent,200
SmartestEnergy Ltd,2017,ProvisionsNonCurrent,200
SmartestEnergy Ltd,2018,ProvisionsNonCurrent,279
SmartestEnergy Ltd,2019,ProvisionsNonCurrent,288
SmartestEnergy Ltd,2020,ProvisionsNonCurrent,196
SmartestEnergy Ltd,2021,ProvisionsNonCurrent,196
SmartestEnergy Ltd,2022,ProvisionsNonCurrent,196
SmartestEnergy Ltd,2023,ProvisionsNonCurrent,247
SmartestEnergy Ltd,2024,ProvisionsNonCurrent,449
SmartestEnergy Ltd,2025,ProvisionsNonCurrent,765
,,,
SmartestEnergy Ltd,2017,GroupLiabilitiesNonCurrent,21251
SmartestEnergy Ltd,2019,GroupLiabilitiesNonCurrent,27677
SmartestEnergy Ltd,2021,GroupLiabilitiesNonCurrent,26346
,,,
SmartestEnergy Ltd,2016,OtherLiabilitiesNonCurrent,4152
SmartestEnergy Ltd,2018,OtherLiabilitiesNonCurrent,24562
SmartestEnergy Ltd,2020,OtherLiabilitiesNonCurrent,3311
SmartestEnergy Ltd,2021,OtherLiabilitiesNonCurrent,27995
SmartestEnergy Ltd,2022,OtherLiabilitiesNonCurrent,27232
SmartestEnergy Ltd,2024,OtherLiabilitiesNonCurrent,3301
SmartestEnergy Ltd,2025,OtherLiabilitiesNonCurrent,26911
,,,
SmartestEnergy Ltd,2016,DeferredTaxLiabilityNonCurrent,81
SmartestEnergy Ltd,2018,DeferredTaxLiabilityNonCurrent,152
SmartestEnergy Ltd,2019,DeferredTaxLiabilityNonCurrent,156
SmartestEnergy Ltd,2020,DeferredTaxLiabilityNonCurrent,1622
SmartestEnergy Ltd,2021,DeferredTaxLiabilityNonCurrent,3345
SmartestEnergy Ltd,2022,DeferredTaxLiabilityNonCurrent,1039
SmartestEnergy Ltd,2024,DeferredTaxLiabilityNonCurrent,857
,,,
SmartestEnergy Ltd,2001,ShareCapital,2
SmartestEnergy Ltd,2002,ShareCapital,6000
SmartestEnergy Ltd,2003,ShareCapital,6000
SmartestEnergy Ltd,2004,ShareCapital,6000
SmartestEnergy Ltd,2005,ShareCapital,6000
SmartestEnergy Ltd,2006,ShareCapital,6000
SmartestEnergy Ltd,2007,ShareCapital,6000
SmartestEnergy Ltd,2008,ShareCapital,6000
SmartestEnergy Ltd,2009,ShareCapital,6667
SmartestEnergy Ltd,2010,ShareCapital,6667
SmartestEnergy Ltd,2011,ShareCapital,6667
SmartestEnergy Ltd,2012,ShareCapital,6667
SmartestEnergy Ltd,2013,ShareCapital,6667
SmartestEnergy Ltd,2014,ShareCapital,6667
SmartestEnergy Ltd,2015,ShareCapital,6667
SmartestEnergy Ltd,2016,ShareCapital,6667
SmartestEnergy Ltd,2017,ShareCapital,6667
SmartestEnergy Ltd,2018,ShareCapital,6667
SmartestEnergy Ltd,2019,ShareCapital,6667
SmartestEnergy Ltd,2020,ShareCapital,6667
SmartestEnergy Ltd,2021,ShareCapital,6667
SmartestEnergy Ltd,2022,ShareCapital,6667
SmartestEnergy Ltd,2023,ShareCapital,6667
SmartestEnergy Ltd,2024,ShareCapital,6667
SmartestEnergy Ltd,2025,ShareCapital,6667
,,,
SmartestEnergy Ltd,2003,SharePremium,-1664
SmartestEnergy Ltd,2004,SharePremium,-2731
SmartestEnergy Ltd,2005,SharePremium,-2457
SmartestEnergy Ltd,2006,SharePremium,-1411
SmartestEnergy Ltd,2007,SharePremium,432
SmartestEnergy Ltd,2008,SharePremium,5462
SmartestEnergy Ltd,2009,SharePremium,11744
SmartestEnergy Ltd,2010,SharePremium,15506
SmartestEnergy Ltd,2011,SharePremium,20044
SmartestEnergy Ltd,2012,SharePremium,29253
SmartestEnergy Ltd,2013,SharePremium,28297
SmartestEnergy Ltd,2014,SharePremium,31204
SmartestEnergy Ltd,2015,SharePremium,39228
SmartestEnergy Ltd,2016,SharePremium,46378
SmartestEnergy Ltd,2017,SharePremium,45847
SmartestEnergy Ltd,2018,SharePremium,51147
SmartestEnergy Ltd,2019,SharePremium,55881
SmartestEnergy Ltd,2020,SharePremium,60258
SmartestEnergy Ltd,2021,SharePremium,40142
SmartestEnergy Ltd,2022,SharePremium,33880
SmartestEnergy Ltd,2023,SharePremium,260204
SmartestEnergy Ltd,2024,SharePremium,263323
SmartestEnergy Ltd,2025,SharePremium,260816
,,,
SmartestEnergy Ltd,2023,FXReserve,92
SmartestEnergy Ltd,2024,FXReserve,86
,,,
SmartestEnergy Ltd,2002,TotalEquity,4336
SmartestEnergy Ltd,2003,TotalEquity,3269
SmartestEnergy Ltd,2004,TotalEquity,3543
SmartestEnergy Ltd,2005,TotalEquity,4589
SmartestEnergy Ltd,2006,TotalEquity,6432
SmartestEnergy Ltd,2007,TotalEquity,11462
SmartestEnergy Ltd,2008,TotalEquity,17744
SmartestEnergy Ltd,2009,TotalEquity,24773
SmartestEnergy Ltd,2010,TotalEquity,29311
SmartestEnergy Ltd,2011,TotalEquity,38520
SmartestEnergy Ltd,2012,TotalEquity,41507
SmartestEnergy Ltd,2013,TotalEquity,40471
SmartestEnergy Ltd,2014,TotalEquity,48495
SmartestEnergy Ltd,2015,TotalEquity,55645
SmartestEnergy Ltd,2016,TotalEquity,55114
SmartestEnergy Ltd,2017,TotalEquity,60414
SmartestEnergy Ltd,2018,TotalEquity,65148
SmartestEnergy Ltd,2019,TotalEquity,69525
SmartestEnergy Ltd,2020,TotalEquity,49409
SmartestEnergy Ltd,2021,TotalEquity,45441
SmartestEnergy Ltd,2022,TotalEquity,43239
SmartestEnergy Ltd,2023,TotalEquity,269673
SmartestEnergy Ltd,2024,TotalEquity,272590
SmartestEnergy Ltd,2025,TotalEquity,270083
Bulb Energy Ltd,2014,TangibleAssets,0
Bulb Energy Ltd,2015,TangibleAssets,0
Bulb Energy Ltd,2016,TangibleAssets,14066
Bulb Energy Ltd,2017,TangibleAssets,62318
Bulb Energy Ltd,2018,TangibleAssets,245773
Bulb Energy Ltd,2019,TangibleAssets,746698
Bulb Energy Ltd,2020,TangibleAssets,3
,,,
Bulb Energy Ltd,2014,IntangibleAssets,0
Bulb Energy Ltd,2015,IntangibleAssets,0
Bulb Energy Ltd,2016,IntangibleAssets,0
Bulb Energy Ltd,2017,IntangibleAssets,0
Bulb Energy Ltd,2018,IntangibleAssets,4118
Bulb Energy Ltd,2019,IntangibleAssets,4118
Bulb Energy Ltd,2020,IntangibleAssets,1
,,,
Bulb Energy Ltd,2014,Debtors,100
Bulb Energy Ltd,2015,Debtors,10000
Bulb Energy Ltd,2016,Debtors,63820
Bulb Energy Ltd,2017,Debtors,2009316
Bulb Energy Ltd,2018,Debtors,43416719
Bulb Energy Ltd,2019,Debtors,122861558
Bulb Energy Ltd,2020,Debtors,191
,,,
Bulb Energy Ltd,2014,CashOrCashEquivalents,0
Bulb Energy Ltd,2015,CashOrCashEquivalents,100
Bulb Energy Ltd,2016,CashOrCashEquivalents,246425
Bulb Energy Ltd,2017,CashOrCashEquivalents,209427
Bulb Energy Ltd,2018,CashOrCashEquivalents,8632009
Bulb Energy Ltd,2019,CashOrCashEquivalents,17113044
Bulb Energy Ltd,2020,CashOrCashEquivalents,102
,,,
Bulb Energy Ltd,2014,CurrentAssets,100
Bulb Energy Ltd,2015,CurrentAssets,10100
Bulb Energy Ltd,2016,CurrentAssets,310245
Bulb Energy Ltd,2017,CurrentAssets,2218743
Bulb Energy Ltd,2018,CurrentAssets,52048728
Bulb Energy Ltd,2019,CurrentAssets,139974602
Bulb Energy Ltd,2020,CurrentAssets,293
,,,
Bulb Energy Ltd,2014,Creditors_LT1Y,0
Bulb Energy Ltd,2015,Creditors_LT1Y,-10000
Bulb Energy Ltd,2016,Creditors_LT1Y,-1087498
Bulb Energy Ltd,2017,Creditors_LT1Y,-5028959
Bulb Energy Ltd,2018,Creditors_LT1Y,-78763784
Bulb Energy Ltd,2019,Creditors_LT1Y,-266058659
Bulb Energy Ltd,2020,Creditors_LT1Y,-466
,,,
Bulb Energy Ltd,2014,NetCurrentAssets,100
Bulb Energy Ltd,2015,NetCurrentAssets,100
Bulb Energy Ltd,2016,NetCurrentAssets,-777253
Bulb Energy Ltd,2017,NetCurrentAssets,-2810216
Bulb Energy Ltd,2018,NetCurrentAssets,-26715056
Bulb Energy Ltd,2019,NetCurrentAssets,-126084057
Bulb Energy Ltd,2020,NetCurrentAssets,-173
,,,
Bulb Energy Ltd,2014,TotalAssetsLessCurrentLiabilities,100
Bulb Energy Ltd,2015,TotalAssetsLessCurrentLiabilities,100
Bulb Energy Ltd,2016,TotalAssetsLessCurrentLiabilities,-763187
Bulb Energy Ltd,2017,TotalAssetsLessCurrentLiabilities,-2747898
Bulb Energy Ltd,2018,TotalAssetsLessCurrentLiabilities,-26465165
Bulb Energy Ltd,2019,TotalAssetsLessCurrentLiabilities,-125333241
Bulb Energy Ltd,2020,TotalAssetsLessCurrentLiabilities,-169
,,,
Bulb Energy Ltd,2014,Creditors_GT1Y,0
Bulb Energy Ltd,2015,Creditors_GT1Y,0
Bulb Energy Ltd,2016,Creditors_GT1Y,0
Bulb Energy Ltd,2017,Creditors_GT1Y,0
Bulb Energy Ltd,2018,Creditors_GT1Y,0
Bulb Energy Ltd,2019,Creditors_GT1Y,-34670500
Bulb Energy Ltd,2020,Creditors_GT1Y,-54
,,,
Bulb Energy Ltd,2014,NetLiabilities,100
Bulb Energy Ltd,2015,NetLiabilities,100
Bulb Energy Ltd,2016,NetLiabilities,-763187
Bulb Energy Ltd,2017,NetLiabilities,-2747898
Bulb Energy Ltd,2018,NetLiabilities,-26465165
Bulb Energy Ltd,2019,NetLiabilities,-160003741
Bulb Energy Ltd,2020,NetLiabilities,-223
,,,
Bulb Energy Ltd,2014,ShareCapital,100
Bulb Energy Ltd,2015,ShareCapital,100
Bulb Energy Ltd,2016,ShareCapital,100
Bulb Energy Ltd,2017,ShareCapital,100
Bulb Energy Ltd,2018,ShareCapital,100
Bulb Energy Ltd,2019,ShareCapital,100
Bulb Energy Ltd,2020,ShareCapital,
,,,
Bulb Energy Ltd,2014,RetainedEarningsOrPL,0
Bulb Energy Ltd,2015,RetainedEarningsOrPL,0
Bulb Energy Ltd,2016,RetainedEarningsOrPL,-763287
Bulb Energy Ltd,2017,RetainedEarningsOrPL,-2747998
Bulb Energy Ltd,2018,RetainedEarningsOrPL,-26465265
Bulb Energy Ltd,2019,RetainedEarningsOrPL,-160003841
Bulb Energy Ltd,2020,RetainedEarningsOrPL,-223
Avro Energy Ltd,2015,TangibleAssets,1044
Avro Energy Ltd,2016,TangibleAssets,16129
Avro Energy Ltd,2017,TangibleAssets,29220
Avro Energy Ltd,2019,TangibleAssets,67520
,,,
Avro Energy Ltd,2015,IntangibleAssets,0
Avro Energy Ltd,2016,IntangibleAssets,0
Avro Energy Ltd,2017,IntangibleAssets,0
Avro Energy Ltd,2019,IntangibleAssets,0
,,,
Avro Energy Ltd,2015,Debtors,2384
Avro Energy Ltd,2016,Debtors,5590066
Avro Energy Ltd,2017,Debtors,25702478
Avro Energy Ltd,2019,Debtors,52315363
,,,
Avro Energy Ltd,2015,CashOrCashEquivalents,55931
Avro Energy Ltd,2016,CashOrCashEquivalents,2572174
Avro Energy Ltd,2017,CashOrCashEquivalents,13772180
Avro Energy Ltd,2019,CashOrCashEquivalents,18510024
,,,
Avro Energy Ltd,2015,CurrentAssets,58315
Avro Energy Ltd,2016,CurrentAssets,8162240
Avro Energy Ltd,2017,CurrentAssets,39474658
Avro Energy Ltd,2019,CurrentAssets,70825387
,,,
Avro Energy Ltd,2015,Creditors_LT1Y,-72201
Avro Energy Ltd,2016,Creditors_LT1Y,-7780715
Avro Energy Ltd,2017,Creditors_LT1Y,-38902250
Avro Energy Ltd,2019,Creditors_LT1Y,-98314288
,,,
Avro Energy Ltd,2015,NetCurrentAssets,-13886
Avro Energy Ltd,2016,NetCurrentAssets,381525
Avro Energy Ltd,2017,NetCurrentAssets,572408
Avro Energy Ltd,2019,NetCurrentAssets,-27488901
,,,
Avro Energy Ltd,2015,TotalAssetsLessCurrentLiabilities,-12842
Avro Energy Ltd,2016,TotalAssetsLessCurrentLiabilities,397654
Avro Energy Ltd,2017,TotalAssetsLessCurrentLiabilities,601628
Avro Energy Ltd,2019,TotalAssetsLessCurrentLiabilities,-27421381
,,,
Avro Energy Ltd,2015,Creditors_GT1Y,0
Avro Energy Ltd,2016,Creditors_GT1Y,0
Avro Energy Ltd,2017,Creditors_GT1Y,0
Avro Energy Ltd,2019,Creditors_GT1Y,0
,,,
Avro Energy Ltd,2015,NetLiabilities,-12842
Avro Energy Ltd,2016,NetLiabilities,397654
Avro Energy Ltd,2017,NetLiabilities,601628
Avro Energy Ltd,2019,NetLiabilities,-27421381
,,,
Avro Energy Ltd,2015,ShareCapital,100
Avro Energy Ltd,2016,ShareCapital,100
Avro Energy Ltd,2017,ShareCapital,100
Avro Energy Ltd,2019,ShareCapital,100
,,,
Avro Energy Ltd,2015,RetainedEarningsOrPL,-12942
Avro Energy Ltd,2016,RetainedEarningsOrPL,397554
Avro Energy Ltd,2017,RetainedEarningsOrPL,601528
Avro Energy Ltd,2019,RetainedEarningsOrPL,-27421481
Green Supplier Ltd,2018,TangibleAssets,0
Green Supplier Ltd,2019,TangibleAssets,0
Green Supplier Ltd,2020,TangibleAssets,15420
,,,
Green Supplier Ltd,2018,IntangibleAssets,0
Green Supplier Ltd,2019,IntangibleAssets,0
Green Supplier Ltd,2020,IntangibleAssets,0
,,,
Green Supplier Ltd,2018,Debtors,0
Green Supplier Ltd,2019,Debtors,0
Green Supplier Ltd,2020,Debtors,5211893
,,,
Green Supplier Ltd,2018,CashOrCashEquivalents,10
Green Supplier Ltd,2019,CashOrCashEquivalents,350852
Green Supplier Ltd,2020,CashOrCashEquivalents,2813562
,,,
Green Supplier Ltd,2018,CurrentAssets,10
Green Supplier Ltd,2019,CurrentAssets,350852
Green Supplier Ltd,2020,CurrentAssets,8025455
,,,
Green Supplier Ltd,2018,Creditors_LT1Y,0
Green Supplier Ltd,2019,Creditors_LT1Y,-1394098
Green Supplier Ltd,2020,Creditors_LT1Y,-14281289
,,,
Green Supplier Ltd,2018,NetCurrentAssets,10
Green Supplier Ltd,2019,NetCurrentAssets,-1043246
Green Supplier Ltd,2020,NetCurrentAssets,-6255834
,,,
Green Supplier Ltd,2018,TotalAssetsLessCurrentLiabilities,10
Green Supplier Ltd,2019,TotalAssetsLessCurrentLiabilities,-1043246
Green Supplier Ltd,2020,TotalAssetsLessCurrentLiabilities,-6240414
,,,
Green Supplier Ltd,2018,Creditors_GT1Y,0
Green Supplier Ltd,2019,Creditors_GT1Y,0
Green Supplier Ltd,2020,Creditors_GT1Y,0
,,,
Green Supplier Ltd,2018,NetLiabilities,10
Green Supplier Ltd,2019,NetLiabilities,-1043246
Green Supplier Ltd,2020,NetLiabilities,-6240414
,,,
Green Supplier Ltd,2018,ShareCapital,10
Green Supplier Ltd,2019,ShareCapital,10
Green Supplier Ltd,2020,ShareCapital,10
,,,
Green Supplier Ltd,2018,RetainedEarningsOrPL,0
Green Supplier Ltd,2019,RetainedEarningsOrPL,-1043256
Green Supplier Ltd,2020,RetainedEarningsOrPL,-6240424
PEOPLE'S ENERGY (SUPPLY) LIMITED,2016,TangibleAssets,0
PEOPLE'S ENERGY (SUPPLY) LIMITED,2017,TangibleAssets,0
PEOPLE'S ENERGY (SUPPLY) LIMITED,2018,TangibleAssets,0
PEOPLE'S ENERGY (SUPPLY) LIMITED,2019,TangibleAssets,0
,,,
PEOPLE'S ENERGY (SUPPLY) LIMITED,2016,IntangibleAssets,0
PEOPLE'S ENERGY (SUPPLY) LIMITED,2017,IntangibleAssets,0
PEOPLE'S ENERGY (SUPPLY) LIMITED,2018,IntangibleAssets,0
PEOPLE'S ENERGY (SUPPLY) LIMITED,2019,IntangibleAssets,0
,,,
PEOPLE'S ENERGY (SUPPLY) LIMITED,2016,Debtors,100
PEOPLE'S ENERGY (SUPPLY) LIMITED,2017,Debtors,234783
PEOPLE'S ENERGY (SUPPLY) LIMITED,2018,Debtors,3506776
PEOPLE'S ENERGY (SUPPLY) LIMITED,2019,Debtors,15929955
,,,
PEOPLE'S ENERGY (SUPPLY) LIMITED,2016,CashOrCashEquivalents,0
PEOPLE'S ENERGY (SUPPLY) LIMITED,2017,CashOrCashEquivalents,210584
PEOPLE'S ENERGY (SUPPLY) LIMITED,2018,CashOrCashEquivalents,2357503
PEOPLE'S ENERGY (SUPPLY) LIMITED,2019,CashOrCashEquivalents,960107
,,,
PEOPLE'S ENERGY (SUPPLY) LIMITED,2016,CurrentAssets,100
PEOPLE'S ENERGY (SUPPLY) LIMITED,2017,CurrentAssets,445367
PEOPLE'S ENERGY (SUPPLY) LIMITED,2018,CurrentAssets,5864279
PEOPLE'S ENERGY (SUPPLY) LIMITED,2019,CurrentAssets,16890062
,,,
PEOPLE'S ENERGY (SUPPLY) LIMITED,2016,Creditors_LT1Y,0
PEOPLE'S ENERGY (SUPPLY) LIMITED,2017,Creditors_LT1Y,-476184
PEOPLE'S ENERGY (SUPPLY) LIMITED,2018,Creditors_LT1Y,-7101694
PEOPLE'S ENERGY (SUPPLY) LIMITED,2019,Creditors_LT1Y,-19143326
,,,
PEOPLE'S ENERGY (SUPPLY) LIMITED,2016,NetCurrentAssets,100
PEOPLE'S ENERGY (SUPPLY) LIMITED,2017,NetCurrentAssets,-30817
PEOPLE'S ENERGY (SUPPLY) LIMITED,2018,NetCurrentAssets,-1237415
PEOPLE'S ENERGY (SUPPLY) LIMITED,2019,NetCurrentAssets,-2253264
,,,
PEOPLE'S ENERGY (SUPPLY) LIMITED,2016,TotalAssetsLessCurrentLiabilities,100
PEOPLE'S ENERGY (SUPPLY) LIMITED,2017,TotalAssetsLessCurrentLiabilities,-30817
PEOPLE'S ENERGY (SUPPLY) LIMITED,2018,TotalAssetsLessCurrentLiabilities,-1237415
PEOPLE'S ENERGY (SUPPLY) LIMITED,2019,TotalAssetsLessCurrentLiabilities,-2253264
,,,
PEOPLE'S ENERGY (SUPPLY) LIMITED,2016,Creditors_GT1Y,0
PEOPLE'S ENERGY (SUPPLY) LIMITED,2017,Creditors_GT1Y,0
PEOPLE'S ENERGY (SUPPLY) LIMITED,2018,Creditors_GT1Y,0
PEOPLE'S ENERGY (SUPPLY) LIMITED,2019,Creditors_GT1Y,0
,,,
PEOPLE'S ENERGY (SUPPLY) LIMITED,2016,NetLiabilities,100
PEOPLE'S ENERGY (SUPPLY) LIMITED,2017,NetLiabilities,-30817
PEOPLE'S ENERGY (SUPPLY) LIMITED,2018,NetLiabilities,-1237415
PEOPLE'S ENERGY (SUPPLY) LIMITED,2019,NetLiabilities,-2253264
,,,
PEOPLE'S ENERGY (SUPPLY) LIMITED,2016,ShareCapital,100
PEOPLE'S ENERGY (SUPPLY) LIMITED,2017,ShareCapital,100
PEOPLE'S ENERGY (SUPPLY) LIMITED,2018,ShareCapital,100
PEOPLE'S ENERGY (SUPPLY) LIMITED,2019,ShareCapital,100
,,,
PEOPLE'S ENERGY (SUPPLY) LIMITED,2016,RetainedEarningsOrPL,0
PEOPLE'S ENERGY (SUPPLY) LIMITED,2017,RetainedEarningsOrPL,-30917
PEOPLE'S ENERGY (SUPPLY) LIMITED,2018,RetainedEarningsOrPL,-1237515
PEOPLE'S ENERGY (SUPPLY) LIMITED,2019,RetainedEarningsOrPL,-2253364
Pure Planet Ltd,2016,TangibleAssets,0
Pure Planet Ltd,2017,TangibleAssets,26229
Pure Planet Ltd,2018,TangibleAssets,27221
Pure Planet Ltd,2019,TangibleAssets,183625
Pure Planet Ltd,2020,TangibleAssets,150253
,,,
Pure Planet Ltd,2016,IntangibleAssets,0
Pure Planet Ltd,2017,IntangibleAssets,1004237
Pure Planet Ltd,2018,IntangibleAssets,1550241
Pure Planet Ltd,2019,IntangibleAssets,2064808
Pure Planet Ltd,2020,IntangibleAssets,2712395
,,,
Pure Planet Ltd,2016,RightOfUseAssets,0
Pure Planet Ltd,2017,RightOfUseAssets,0
Pure Planet Ltd,2018,RightOfUseAssets,0
Pure Planet Ltd,2019,RightOfUseAssets,0
Pure Planet Ltd,2020,RightOfUseAssets,1113900
,,,
Pure Planet Ltd,2016,Debtors,0
Pure Planet Ltd,2017,Debtors,273225
Pure Planet Ltd,2018,Debtors,2331650
Pure Planet Ltd,2019,Debtors,15929955
Pure Planet Ltd,2020,Debtors,20671206
,,,
Pure Planet Ltd,2016,CashOrCashEquivalents,1
Pure Planet Ltd,2017,CashOrCashEquivalents,36997
Pure Planet Ltd,2018,CashOrCashEquivalents,342785
Pure Planet Ltd,2019,CashOrCashEquivalents,246665
Pure Planet Ltd,2020,CashOrCashEquivalents,313041
,,,
Pure Planet Ltd,2016,CurrentAssets,1
Pure Planet Ltd,2017,CurrentAssets,310222
Pure Planet Ltd,2018,CurrentAssets,2674435
Pure Planet Ltd,2019,CurrentAssets,16088183
Pure Planet Ltd,2020,CurrentAssets,21029017
,,,
Pure Planet Ltd,2016,Creditors_LT1Y,0
Pure Planet Ltd,2017,Creditors_LT1Y,-545949
Pure Planet Ltd,2018,Creditors_LT1Y,-4524748
Pure Planet Ltd,2019,Creditors_LT1Y,-35852127
Pure Planet Ltd,2020,Creditors_LT1Y,-56915824
,,,
Pure Planet Ltd,2016,NetCurrentAssets,1
Pure Planet Ltd,2017,NetCurrentAssets,-235727
Pure Planet Ltd,2018,NetCurrentAssets,-1850313
Pure Planet Ltd,2019,NetCurrentAssets,-2253264
Pure Planet Ltd,2020,NetCurrentAssets,
,,,
Pure Planet Ltd,2016,TotalAssetsLessCurrentLiabilities,1
Pure Planet Ltd,2017,TotalAssetsLessCurrentLiabilities,794739
Pure Planet Ltd,2018,TotalAssetsLessCurrentLiabilities,-272851
Pure Planet Ltd,2019,TotalAssetsLessCurrentLiabilities,21243486
Pure Planet Ltd,2020,TotalAssetsLessCurrentLiabilities,31679217
,,,
Pure Planet Ltd,2016,Creditors_GT1Y,0
Pure Planet Ltd,2017,Creditors_GT1Y,-4197981
Pure Planet Ltd,2018,Creditors_GT1Y,-6871348
Pure Planet Ltd,2019,Creditors_GT1Y,-9418211
Pure Planet Ltd,2020,Creditors_GT1Y,-12532250
,,,
Pure Planet Ltd,2016,NetLiabilities,1
Pure Planet Ltd,2017,NetLiabilities,-3403242
Pure Planet Ltd,2018,NetLiabilities,-7144199
Pure Planet Ltd,2019,NetLiabilities,-24026852
Pure Planet Ltd,2020,NetLiabilities,-37768857
,,,
Pure Planet Ltd,2016,ShareCapital,1
Pure Planet Ltd,2017,ShareCapital,1
Pure Planet Ltd,2018,ShareCapital,1
Pure Planet Ltd,2019,ShareCapital,1
Pure Planet Ltd,2020,ShareCapital,1
,,,
Pure Planet Ltd,2016,RetainedEarningsOrPL,0
Pure Planet Ltd,2017,RetainedEarningsOrPL,-3403243
Pure Planet Ltd,2018,RetainedEarningsOrPL,-7144200
Pure Planet Ltd,2019,RetainedEarningsOrPL,-24026853
Pure Planet Ltd,2020,RetainedEarningsOrPL,-37768858
Igloo Energy Supply Ltd,2017,TangibleAssets,0
Igloo Energy Supply Ltd,2018,TangibleAssets,5929
Igloo Energy Supply Ltd,2019,TangibleAssets,36204
Igloo Energy Supply Ltd,2020,TangibleAssets,94951
,,,
Igloo Energy Supply Ltd,2017,IntangibleAssets,32842
Igloo Energy Supply Ltd,2018,IntangibleAssets,12993
Igloo Energy Supply Ltd,2019,IntangibleAssets,73929
Igloo Energy Supply Ltd,2020,IntangibleAssets,55360
,,,
Igloo Energy Supply Ltd,2017,Investments,0
Igloo Energy Supply Ltd,2018,Investments,1
Igloo Energy Supply Ltd,2019,Investments,1
Igloo Energy Supply Ltd,2020,Investments,1
,,,
Igloo Energy Supply Ltd,2017,Stocks,0
Igloo Energy Supply Ltd,2018,Stocks,0
Igloo Energy Supply Ltd,2019,Stocks,0
Igloo Energy Supply Ltd,2020,Stocks,106672
,,,
Igloo Energy Supply Ltd,2017,Debtors,0
Igloo Energy Supply Ltd,2018,Debtors,1082284
Igloo Energy Supply Ltd,2019,Debtors,5794994
Igloo Energy Supply Ltd,2020,Debtors,15636950
,,,
Igloo Energy Supply Ltd,2017,CashOrCashEquivalents,0
Igloo Energy Supply Ltd,2018,CashOrCashEquivalents,93368
Igloo Energy Supply Ltd,2019,CashOrCashEquivalents,1258259
Igloo Energy Supply Ltd,2020,CashOrCashEquivalents,3669896
,,,
Igloo Energy Supply Ltd,2017,CurrentAssets,12721
Igloo Energy Supply Ltd,2018,CurrentAssets,1175652
Igloo Energy Supply Ltd,2019,CurrentAssets,7053253
Igloo Energy Supply Ltd,2020,CurrentAssets,19413518
,,,
Igloo Energy Supply Ltd,2017,Creditors_LT1Y,-33548
Igloo Energy Supply Ltd,2018,Creditors_LT1Y,-1570518
Igloo Energy Supply Ltd,2019,Creditors_LT1Y,-7063813
Igloo Energy Supply Ltd,2020,Creditors_LT1Y,-29527856
,,,
Igloo Energy Supply Ltd,2017,NetCurrentAssets,-20827
Igloo Energy Supply Ltd,2018,NetCurrentAssets,-719674
Igloo Energy Supply Ltd,2019,NetCurrentAssets,-3634415
Igloo Energy Supply Ltd,2020,NetCurrentAssets,-10114338
,,,
Igloo Energy Supply Ltd,2017,TotalAssetsLessCurrentLiabilities,12015
Igloo Energy Supply Ltd,2018,TotalAssetsLessCurrentLiabilities,1194575
Igloo Energy Supply Ltd,2019,TotalAssetsLessCurrentLiabilities,7163387
Igloo Energy Supply Ltd,2020,TotalAssetsLessCurrentLiabilities,31679217
,,,
Igloo Energy Supply Ltd,2017,Creditors_GT1Y,-30000
Igloo Energy Supply Ltd,2018,Creditors_GT1Y,-343731
Igloo Energy Supply Ltd,2019,Creditors_GT1Y,-3733989
Igloo Energy Supply Ltd,2020,Creditors_GT1Y,-12532250
,,,
Igloo Energy Supply Ltd,2017,NetLiabilities,-19235
Igloo Energy Supply Ltd,2018,NetLiabilities,-719674
Igloo Energy Supply Ltd,2019,NetLiabilities,-3634415
Igloo Energy Supply Ltd,2020,NetLiabilities,-9964026
,,,
Igloo Energy Supply Ltd,2017,ShareCapital,0
Igloo Energy Supply Ltd,2018,ShareCapital,100
Igloo Energy Supply Ltd,2019,ShareCapital,100
Igloo Energy Supply Ltd,2020,ShareCapital,100
,,,
Igloo Energy Supply Ltd,2017,RetainedEarningsOrPL,-19235
Igloo Energy Supply Ltd,2018,RetainedEarningsOrPL,-719774
Igloo Energy Supply Ltd,2019,RetainedEarningsOrPL,-3634515
Igloo Energy Supply Ltd,2020,RetainedEarningsOrPL,-9964126
Conrad Energy (Trading) Ltd,2019,TangibleAssets,2078
Conrad Energy (Trading) Ltd,2020,TangibleAssets,2078
Conrad Energy (Trading) Ltd,2021,TangibleAssets,1017
Conrad Energy (Trading) Ltd,2022,TangibleAssets,801
Conrad Energy (Trading) Ltd,2023,TangibleAssets,801
Conrad Energy (Trading) Ltd,2024,TangibleAssets,801
Conrad Energy (Trading) Ltd,2025,TangibleAssets,0
,,,
Conrad Energy (Trading) Ltd,2019,IntangibleAssets,0
Conrad Energy (Trading) Ltd,2020,IntangibleAssets,1000
Conrad Energy (Trading) Ltd,2021,IntangibleAssets,65378
Conrad Energy (Trading) Ltd,2022,IntangibleAssets,39848
Conrad Energy (Trading) Ltd,2023,IntangibleAssets,39848
Conrad Energy (Trading) Ltd,2024,IntangibleAssets,39848
Conrad Energy (Trading) Ltd,2025,IntangibleAssets,39090
,,,
Conrad Energy (Trading) Ltd,2019,OtherCurrentAssets,0
Conrad Energy (Trading) Ltd,2020,OtherCurrentAssets,0
Conrad Energy (Trading) Ltd,2021,OtherCurrentAssets,0
Conrad Energy (Trading) Ltd,2022,OtherCurrentAssets,0
Conrad Energy (Trading) Ltd,2023,OtherCurrentAssets,0
Conrad Energy (Trading) Ltd,2024,OtherCurrentAssets,2948731
Conrad Energy (Trading) Ltd,2025,OtherCurrentAssets,4658471
,,,
Conrad Energy (Trading) Ltd,2019,Debtors,9861
Conrad Energy (Trading) Ltd,2020,Debtors,515762
Conrad Energy (Trading) Ltd,2021,Debtors,29596573
Conrad Energy (Trading) Ltd,2022,Debtors,152126386
Conrad Energy (Trading) Ltd,2023,Debtors,207013114
Conrad Energy (Trading) Ltd,2024,Debtors,134294908
Conrad Energy (Trading) Ltd,2025,Debtors,137631507
,,,
Conrad Energy (Trading) Ltd,2019,CashOrCashEquivalents,0
Conrad Energy (Trading) Ltd,2020,CashOrCashEquivalents,8013
Conrad Energy (Trading) Ltd,2021,CashOrCashEquivalents,6610438
Conrad Energy (Trading) Ltd,2022,CashOrCashEquivalents,34940248
Conrad Energy (Trading) Ltd,2023,CashOrCashEquivalents,51558039
Conrad Energy (Trading) Ltd,2024,CashOrCashEquivalents,3728142
Conrad Energy (Trading) Ltd,2025,CashOrCashEquivalents,5692099
,,,
Conrad Energy (Trading) Ltd,2019,CurrentAssets,9861
Conrad Energy (Trading) Ltd,2020,CurrentAssets,523775
Conrad Energy (Trading) Ltd,2021,CurrentAssets,36207011
Conrad Energy (Trading) Ltd,2022,CurrentAssets,187066634
Conrad Energy (Trading) Ltd,2023,CurrentAssets,258571153
Conrad Energy (Trading) Ltd,2024,CurrentAssets,140971781
Conrad Energy (Trading) Ltd,2025,CurrentAssets,147982077
,,,
Conrad Energy (Trading) Ltd,2019,Creditors_LT1Y,-11280
Conrad Energy (Trading) Ltd,2020,Creditors_LT1Y,-546782
Conrad Energy (Trading) Ltd,2021,Creditors_LT1Y,-36297975
Conrad Energy (Trading) Ltd,2022,Creditors_LT1Y,-182756350
Conrad Energy (Trading) Ltd,2023,Creditors_LT1Y,-243348760
Conrad Energy (Trading) Ltd,2024,Creditors_LT1Y,-131221398
Conrad Energy (Trading) Ltd,2025,Creditors_LT1Y,-143019690
,,,
Conrad Energy (Trading) Ltd,2019,NetCurrentAssets,-1419
Conrad Energy (Trading) Ltd,2020,NetCurrentAssets,-23007
Conrad Energy (Trading) Ltd,2021,NetCurrentAssets,-90964
Conrad Energy (Trading) Ltd,2022,NetCurrentAssets,4310284
Conrad Energy (Trading) Ltd,2023,NetCurrentAssets,15222393
Conrad Energy (Trading) Ltd,2024,NetCurrentAssets,9750383
Conrad Energy (Trading) Ltd,2025,NetCurrentAssets,4962387
,,,
Conrad Energy (Trading) Ltd,2019,TotalAssetsLessCurrentLiabilities,-1419
Conrad Energy (Trading) Ltd,2020,TotalAssetsLessCurrentLiabilities,-20929
Conrad Energy (Trading) Ltd,2021,TotalAssetsLessCurrentLiabilities,-24569
Conrad Energy (Trading) Ltd,2022,TotalAssetsLessCurrentLiabilities,4350933
Conrad Energy (Trading) Ltd,2023,TotalAssetsLessCurrentLiabilities,15263023
Conrad Energy (Trading) Ltd,2024,TotalAssetsLessCurrentLiabilities,9791032
Conrad Energy (Trading) Ltd,2025,TotalAssetsLessCurrentLiabilities,5001477
,,,
Conrad Energy (Trading) Ltd,2019,Creditors_GT1Y,0
Conrad Energy (Trading) Ltd,2020,Creditors_GT1Y,0
Conrad Energy (Trading) Ltd,2021,Creditors_GT1Y,0
Conrad Energy (Trading) Ltd,2022,Creditors_GT1Y,0
Conrad Energy (Trading) Ltd,2023,Creditors_GT1Y,0
Conrad Energy (Trading) Ltd,2024,Creditors_GT1Y,-19
Conrad Energy (Trading) Ltd,2025,Creditors_GT1Y,-10760
,,,
Conrad Energy (Trading) Ltd,2019,NetLiabilities,-1419
Conrad Energy (Trading) Ltd,2020,NetLiabilities,-20929
Conrad Energy (Trading) Ltd,2021,NetLiabilities,-24569
Conrad Energy (Trading) Ltd,2022,NetLiabilities,4350933
Conrad Energy (Trading) Ltd,2023,NetLiabilities,15263023
Conrad Energy (Trading) Ltd,2024,NetLiabilities,9791013
Conrad Energy (Trading) Ltd,2025,NetLiabilities,4990717
,,,
Conrad Energy (Trading) Ltd,2019,ShareCapital,1
Conrad Energy (Trading) Ltd,2020,ShareCapital,1
Conrad Energy (Trading) Ltd,2021,ShareCapital,1
Conrad Energy (Trading) Ltd,2022,ShareCapital,1
Conrad Energy (Trading) Ltd,2023,ShareCapital,1
Conrad Energy (Trading) Ltd,2024,ShareCapital,1
Conrad Energy (Trading) Ltd,2025,ShareCapital,1
,,,
Conrad Energy (Trading) Ltd,2019,RetainedEarningsOrPL,-1420
Conrad Energy (Trading) Ltd,2020,RetainedEarningsOrPL,-20930
Conrad Energy (Trading) Ltd,2021,RetainedEarningsOrPL,-24570
Conrad Energy (Trading) Ltd,2022,RetainedEarningsOrPL,4350932
Conrad Energy (Trading) Ltd,2023,RetainedEarningsOrPL,15263022
Conrad Energy (Trading) Ltd,2024,RetainedEarningsOrPL,9791012
Conrad Energy (Trading) Ltd,2025,RetainedEarningsOrPL,4990716
Crown Gas and Power 2 Ltd,2019,TangibleAssets,0
Crown Gas and Power 2 Ltd,2020,TangibleAssets,0
Crown Gas and Power 2 Ltd,2021,TangibleAssets,0
Crown Gas and Power 2 Ltd,2022,TangibleAssets,0
Crown Gas and Power 2 Ltd,2023,TangibleAssets,0
Crown Gas and Power 2 Ltd,2024,TangibleAssets,0
Crown Gas and Power 2 Ltd,2025,TangibleAssets,353830
,,,
Crown Gas and Power 2 Ltd,2019,IntangibleAssets,0
Crown Gas and Power 2 Ltd,2020,IntangibleAssets,0
Crown Gas and Power 2 Ltd,2021,IntangibleAssets,0
Crown Gas and Power 2 Ltd,2022,IntangibleAssets,0
Crown Gas and Power 2 Ltd,2023,IntangibleAssets,0
Crown Gas and Power 2 Ltd,2024,IntangibleAssets,197445
Crown Gas and Power 2 Ltd,2025,IntangibleAssets,299698
,,,
Crown Gas and Power 2 Ltd,2019,Debtors,1
Crown Gas and Power 2 Ltd,2020,Debtors,1
Crown Gas and Power 2 Ltd,2021,Debtors,1
Crown Gas and Power 2 Ltd,2022,Debtors,1
Crown Gas and Power 2 Ltd,2023,Debtors,38955
Crown Gas and Power 2 Ltd,2024,Debtors,7563757
Crown Gas and Power 2 Ltd,2025,Debtors,22549646
,,,
Crown Gas and Power 2 Ltd,2019,CashOrCashEquivalents,0
Crown Gas and Power 2 Ltd,2020,CashOrCashEquivalents,0
Crown Gas and Power 2 Ltd,2021,CashOrCashEquivalents,0
Crown Gas and Power 2 Ltd,2022,CashOrCashEquivalents,0
Crown Gas and Power 2 Ltd,2023,CashOrCashEquivalents,30372
Crown Gas and Power 2 Ltd,2024,CashOrCashEquivalents,2036339
Crown Gas and Power 2 Ltd,2025,CashOrCashEquivalents,10204734
,,,
Crown Gas and Power 2 Ltd,2019,CurrentAssets,1
Crown Gas and Power 2 Ltd,2020,CurrentAssets,1
Crown Gas and Power 2 Ltd,2021,CurrentAssets,1
Crown Gas and Power 2 Ltd,2022,CurrentAssets,1
Crown Gas and Power 2 Ltd,2023,CurrentAssets,69327
Crown Gas and Power 2 Ltd,2024,CurrentAssets,9600096
Crown Gas and Power 2 Ltd,2025,CurrentAssets,32754380
,,,
Crown Gas and Power 2 Ltd,2019,Creditors_LT1Y,0
Crown Gas and Power 2 Ltd,2020,Creditors_LT1Y,0
Crown Gas and Power 2 Ltd,2021,Creditors_LT1Y,0
Crown Gas and Power 2 Ltd,2022,Creditors_LT1Y,0
Crown Gas and Power 2 Ltd,2023,Creditors_LT1Y,-147451
Crown Gas and Power 2 Ltd,2024,Creditors_LT1Y,-7788190
Crown Gas and Power 2 Ltd,2025,Creditors_LT1Y,-23029005
,,,
Crown Gas and Power 2 Ltd,2019,NetCurrentAssets,1
Crown Gas and Power 2 Ltd,2020,NetCurrentAssets,1
Crown Gas and Power 2 Ltd,2021,NetCurrentAssets,1
Crown Gas and Power 2 Ltd,2022,NetCurrentAssets,1
Crown Gas and Power 2 Ltd,2023,NetCurrentAssets,-78124
Crown Gas and Power 2 Ltd,2024,NetCurrentAssets,1811906
Crown Gas and Power 2 Ltd,2025,NetCurrentAssets,9725375
,,,
Crown Gas and Power 2 Ltd,2019,TotalAssetsLessCurrentLiabilities,1
Crown Gas and Power 2 Ltd,2020,TotalAssetsLessCurrentLiabilities,1
Crown Gas and Power 2 Ltd,2021,TotalAssetsLessCurrentLiabilities,1
Crown Gas and Power 2 Ltd,2022,TotalAssetsLessCurrentLiabilities,1
Crown Gas and Power 2 Ltd,2023,TotalAssetsLessCurrentLiabilities,-78124
Crown Gas and Power 2 Ltd,2024,TotalAssetsLessCurrentLiabilities,2009351
Crown Gas and Power 2 Ltd,2025,TotalAssetsLessCurrentLiabilities,10378903
,,,
Crown Gas and Power 2 Ltd,2019,Creditors_GT1Y,0
Crown Gas and Power 2 Ltd,2020,Creditors_GT1Y,0
Crown Gas and Power 2 Ltd,2021,Creditors_GT1Y,0
Crown Gas and Power 2 Ltd,2022,Creditors_GT1Y,0
Crown Gas and Power 2 Ltd,2023,Creditors_GT1Y,0
Crown Gas and Power 2 Ltd,2024,Creditors_GT1Y,-21292
Crown Gas and Power 2 Ltd,2025,Creditors_GT1Y,-113639
,,,
Crown Gas and Power 2 Ltd,2019,NetLiabilities,1
Crown Gas and Power 2 Ltd,2020,NetLiabilities,1
Crown Gas and Power 2 Ltd,2021,NetLiabilities,1
Crown Gas and Power 2 Ltd,2022,NetLiabilities,1
Crown Gas and Power 2 Ltd,2023,NetLiabilities,-78124
Crown Gas and Power 2 Ltd,2024,NetLiabilities,1988059
Crown Gas and Power 2 Ltd,2025,NetLiabilities,10265264
,,,
Crown Gas and Power 2 Ltd,2019,ShareCapital,1
Crown Gas and Power 2 Ltd,2020,ShareCapital,1
Crown Gas and Power 2 Ltd,2021,ShareCapital,1
Crown Gas and Power 2 Ltd,2022,ShareCapital,1
Crown Gas and Power 2 Ltd,2023,ShareCapital,1000
Crown Gas and Power 2 Ltd,2024,ShareCapital,1000
Crown Gas and Power 2 Ltd,2025,ShareCapital,1000
,,,
Crown Gas and Power 2 Ltd,2019,RetainedEarningsOrPL,0
Crown Gas and Power 2 Ltd,2020,RetainedEarningsOrPL,0
Crown Gas and Power 2 Ltd,2021,RetainedEarningsOrPL,0
Crown Gas and Power 2 Ltd,2022,RetainedEarningsOrPL,0
Crown Gas and Power 2 Ltd,2023,RetainedEarningsOrPL,-79124
Crown Gas and Power 2 Ltd,2024,RetainedEarningsOrPL,1987059
Crown Gas and Power 2 Ltd,2025,RetainedEarningsOrPL,10264264
Dyce Energy Ltd,2017,TangibleAssets,0
Dyce Energy Ltd,2018,TangibleAssets,1781
Dyce Energy Ltd,2019,TangibleAssets,4745
Dyce Energy Ltd,2020,TangibleAssets,10046
Dyce Energy Ltd,2021,TangibleAssets,9008
Dyce Energy Ltd,2022,TangibleAssets,8996
Dyce Energy Ltd,2023,TangibleAssets,6136
Dyce Energy Ltd,2024,TangibleAssets,2642
Dyce Energy Ltd,2025,TangibleAssets,0
,,,
Dyce Energy Ltd,2017,IntangibleAssets,0
Dyce Energy Ltd,2018,IntangibleAssets,0
Dyce Energy Ltd,2019,IntangibleAssets,0
Dyce Energy Ltd,2020,IntangibleAssets,0
Dyce Energy Ltd,2021,IntangibleAssets,408305
Dyce Energy Ltd,2022,IntangibleAssets,365195
Dyce Energy Ltd,2023,IntangibleAssets,322085
Dyce Energy Ltd,2024,IntangibleAssets,278975
Dyce Energy Ltd,2025,IntangibleAssets,235865
,,,
Dyce Energy Ltd,2017,Debtors,0
Dyce Energy Ltd,2018,Debtors,7591
Dyce Energy Ltd,2019,Debtors,395487
Dyce Energy Ltd,2020,Debtors,818023
Dyce Energy Ltd,2021,Debtors,570293
Dyce Energy Ltd,2022,Debtors,37112
Dyce Energy Ltd,2023,Debtors,9108
Dyce Energy Ltd,2024,Debtors,11551
Dyce Energy Ltd,2025,Debtors,13456
,,,
Dyce Energy Ltd,2017,CashOrCashEquivalents,10
Dyce Energy Ltd,2018,CashOrCashEquivalents,8129
Dyce Energy Ltd,2019,CashOrCashEquivalents,328705
Dyce Energy Ltd,2020,CashOrCashEquivalents,203112
Dyce Energy Ltd,2021,CashOrCashEquivalents,503779
Dyce Energy Ltd,2022,CashOrCashEquivalents,80664
Dyce Energy Ltd,2023,CashOrCashEquivalents,9367
Dyce Energy Ltd,2024,CashOrCashEquivalents,13387
Dyce Energy Ltd,2025,CashOrCashEquivalents,3033
,,,
Dyce Energy Ltd,2017,CurrentAssets,10
Dyce Energy Ltd,2018,CurrentAssets,15720
Dyce Energy Ltd,2019,CurrentAssets,724192
Dyce Energy Ltd,2020,CurrentAssets,1021135
Dyce Energy Ltd,2021,CurrentAssets,1074072
Dyce Energy Ltd,2022,CurrentAssets,117776
Dyce Energy Ltd,2023,CurrentAssets,18475
Dyce Energy Ltd,2024,CurrentAssets,24938
Dyce Energy Ltd,2025,CurrentAssets,16489
,,,
Dyce Energy Ltd,2017,Creditors_LT1Y,0
Dyce Energy Ltd,2018,Creditors_LT1Y,-145548
Dyce Energy Ltd,2019,Creditors_LT1Y,-906447
Dyce Energy Ltd,2020,Creditors_LT1Y,-665238
Dyce Energy Ltd,2021,Creditors_LT1Y,-1674766
Dyce Energy Ltd,2022,Creditors_LT1Y,-3023647
Dyce Energy Ltd,2023,Creditors_LT1Y,-3214118
Dyce Energy Ltd,2024,Creditors_LT1Y,-2385415
Dyce Energy Ltd,2025,Creditors_LT1Y,-2323385
,,,
Dyce Energy Ltd,2017,NetCurrentAssets,10
Dyce Energy Ltd,2018,NetCurrentAssets,-129828
Dyce Energy Ltd,2019,NetCurrentAssets,-182255
Dyce Energy Ltd,2020,NetCurrentAssets,355897
Dyce Energy Ltd,2021,NetCurrentAssets,-600694
Dyce Energy Ltd,2022,NetCurrentAssets,-2905871
Dyce Energy Ltd,2023,NetCurrentAssets,-3195643
Dyce Energy Ltd,2024,NetCurrentAssets,-2360477
Dyce Energy Ltd,2025,NetCurrentAssets,-2306896
,,,
Dyce Energy Ltd,2017,TotalAssetsLessCurrentLiabilities,10
Dyce Energy Ltd,2018,TotalAssetsLessCurrentLiabilities,-128047
Dyce Energy Ltd,2019,TotalAssetsLessCurrentLiabilities,-177510
Dyce Energy Ltd,2020,TotalAssetsLessCurrentLiabilities,365943
Dyce Energy Ltd,2021,TotalAssetsLessCurrentLiabilities,-183381
Dyce Energy Ltd,2022,TotalAssetsLessCurrentLiabilities,-2531680
Dyce Energy Ltd,2023,TotalAssetsLessCurrentLiabilities,-2867422
Dyce Energy Ltd,2024,TotalAssetsLessCurrentLiabilities,-2078860
Dyce Energy Ltd,2025,TotalAssetsLessCurrentLiabilities,-2071031
,,,
Dyce Energy Ltd,2017,Creditors_GT1Y,0
Dyce Energy Ltd,2018,Creditors_GT1Y,0
Dyce Energy Ltd,2019,Creditors_GT1Y,0
Dyce Energy Ltd,2020,Creditors_GT1Y,-516447
Dyce Energy Ltd,2021,Creditors_GT1Y,-50000
Dyce Energy Ltd,2022,Creditors_GT1Y,-36780
Dyce Energy Ltd,2023,Creditors_GT1Y,-26615
Dyce Energy Ltd,2024,Creditors_GT1Y,-13387
Dyce Energy Ltd,2025,Creditors_GT1Y,-11247
,,,
Dyce Energy Ltd,2017,NetLiabilities,10
Dyce Energy Ltd,2018,NetLiabilities,-128047
Dyce Energy Ltd,2019,NetLiabilities,-177510
Dyce Energy Ltd,2020,NetLiabilities,-150504
Dyce Energy Ltd,2021,NetLiabilities,-233381
Dyce Energy Ltd,2022,NetLiabilities,-2568460
Dyce Energy Ltd,2023,NetLiabilities,-2894037
Dyce Energy Ltd,2024,NetLiabilities,-2092247
Dyce Energy Ltd,2025,NetLiabilities,-2082278
,,,
Dyce Energy Ltd,2017,ShareCapital,10
Dyce Energy Ltd,2018,ShareCapital,10
Dyce Energy Ltd,2019,ShareCapital,10
Dyce Energy Ltd,2020,ShareCapital,10
Dyce Energy Ltd,2021,ShareCapital,10
Dyce Energy Ltd,2022,ShareCapital,10
Dyce Energy Ltd,2023,ShareCapital,10
Dyce Energy Ltd,2024,ShareCapital,10
Dyce Energy Ltd,2025,ShareCapital,10
,,,
Dyce Energy Ltd,2017,RetainedEarningsOrPL,0
Dyce Energy Ltd,2018,RetainedEarningsOrPL,-128057
Dyce Energy Ltd,2019,RetainedEarningsOrPL,-177520
Dyce Energy Ltd,2020,RetainedEarningsOrPL,-150514
Dyce Energy Ltd,2021,RetainedEarningsOrPL,-233391
Dyce Energy Ltd,2022,RetainedEarningsOrPL,-2568470
Dyce Energy Ltd,2023,RetainedEarningsOrPL,-2894047
Dyce Energy Ltd,2024,RetainedEarningsOrPL,-2092257
Dyce Energy Ltd,2025,RetainedEarningsOrPL,-2082288
Edgware Energy Ltd,2015,SecurityDeposits,0
Edgware Energy Ltd,2016,SecurityDeposits,0
Edgware Energy Ltd,2017,SecurityDeposits,0
Edgware Energy Ltd,2018,SecurityDeposits,0
Edgware Energy Ltd,2019,SecurityDeposits,0
Edgware Energy Ltd,2020,SecurityDeposits,0
Edgware Energy Ltd,2021,SecurityDeposits,0
Edgware Energy Ltd,2022,SecurityDeposits,0
Edgware Energy Ltd,2023,SecurityDeposits,0
Edgware Energy Ltd,2024,SecurityDeposits,311175
Edgware Energy Ltd,2025,SecurityDeposits,402048
,,,
Edgware Energy Ltd,2015,TradeAndOtherReceivables,100
Edgware Energy Ltd,2016,TradeAndOtherReceivables,100
Edgware Energy Ltd,2017,TradeAndOtherReceivables,100
Edgware Energy Ltd,2018,TradeAndOtherReceivables,5458939
Edgware Energy Ltd,2019,TradeAndOtherReceivables,9830697
Edgware Energy Ltd,2020,TradeAndOtherReceivables,14446287
Edgware Energy Ltd,2021,TradeAndOtherReceivables,18508254
Edgware Energy Ltd,2022,TradeAndOtherReceivables,16822452
Edgware Energy Ltd,2023,TradeAndOtherReceivables,11025335
Edgware Energy Ltd,2024,TradeAndOtherReceivables,6176255
Edgware Energy Ltd,2025,TradeAndOtherReceivables,3014925
,,,
Edgware Energy Ltd,2015,TaxReceivables,0
Edgware Energy Ltd,2016,TaxReceivables,0
Edgware Energy Ltd,2017,TaxReceivables,0
Edgware Energy Ltd,2018,TaxReceivables,6608
Edgware Energy Ltd,2019,TaxReceivables,6608
Edgware Energy Ltd,2020,TaxReceivables,0
Edgware Energy Ltd,2021,TaxReceivables,0
Edgware Energy Ltd,2022,TaxReceivables,0
Edgware Energy Ltd,2023,TaxReceivables,0
Edgware Energy Ltd,2024,TaxReceivables,0
Edgware Energy Ltd,2025,TaxReceivables,0
,,,
Edgware Energy Ltd,2015,CashAndCashEquivalents,0
Edgware Energy Ltd,2016,CashAndCashEquivalents,0
Edgware Energy Ltd,2017,CashAndCashEquivalents,0
Edgware Energy Ltd,2018,CashAndCashEquivalents,0
Edgware Energy Ltd,2019,CashAndCashEquivalents,477653
Edgware Energy Ltd,2020,CashAndCashEquivalents,2377211
Edgware Energy Ltd,2021,CashAndCashEquivalents,2043277
Edgware Energy Ltd,2022,CashAndCashEquivalents,1061582
Edgware Energy Ltd,2023,CashAndCashEquivalents,774752
Edgware Energy Ltd,2024,CashAndCashEquivalents,1175088
Edgware Energy Ltd,2025,CashAndCashEquivalents,1573407
,,,
Edgware Energy Ltd,2015,TotalAssets,100
Edgware Energy Ltd,2016,TotalAssets,100
Edgware Energy Ltd,2017,TotalAssets,100
Edgware Energy Ltd,2018,TotalAssets,5465547
Edgware Energy Ltd,2019,TotalAssets,10314958
Edgware Energy Ltd,2020,TotalAssets,16823498
Edgware Energy Ltd,2021,TotalAssets,20551531
Edgware Energy Ltd,2022,TotalAssets,17884034
Edgware Energy Ltd,2023,TotalAssets,11800087
Edgware Energy Ltd,2024,TotalAssets,7662518
Edgware Energy Ltd,2025,TotalAssets,4990380
,,,
Edgware Energy Ltd,2015,ShareCapital,100
Edgware Energy Ltd,2016,ShareCapital,100
Edgware Energy Ltd,2017,ShareCapital,100
Edgware Energy Ltd,2018,ShareCapital,100
Edgware Energy Ltd,2019,ShareCapital,100
Edgware Energy Ltd,2020,ShareCapital,100
Edgware Energy Ltd,2021,ShareCapital,100
Edgware Energy Ltd,2022,ShareCapital,100
Edgware Energy Ltd,2023,ShareCapital,100
Edgware Energy Ltd,2024,ShareCapital,100
Edgware Energy Ltd,2025,ShareCapital,100
,,,
Edgware Energy Ltd,2015,RetainedEarnings,0
Edgware Energy Ltd,2016,RetainedEarnings,0
Edgware Energy Ltd,2017,RetainedEarnings,0
Edgware Energy Ltd,2018,RetainedEarnings,-28170
Edgware Energy Ltd,2019,RetainedEarnings,115689
Edgware Energy Ltd,2020,RetainedEarnings,314253
Edgware Energy Ltd,2021,RetainedEarnings,394751
Edgware Energy Ltd,2022,RetainedEarnings,594592
Edgware Energy Ltd,2023,RetainedEarnings,625043
Edgware Energy Ltd,2024,RetainedEarnings,678959
Edgware Energy Ltd,2025,RetainedEarnings,728337
,,,
Edgware Energy Ltd,2015,TotalEquity,100
Edgware Energy Ltd,2016,TotalEquity,100
Edgware Energy Ltd,2017,TotalEquity,100
Edgware Energy Ltd,2018,TotalEquity,-28070
Edgware Energy Ltd,2019,TotalEquity,115789
Edgware Energy Ltd,2020,TotalEquity,314353
Edgware Energy Ltd,2021,TotalEquity,394851
Edgware Energy Ltd,2022,TotalEquity,594692
Edgware Energy Ltd,2023,TotalEquity,625143
Edgware Energy Ltd,2024,TotalEquity,679059
Edgware Energy Ltd,2025,TotalEquity,728437
,,,
Edgware Energy Ltd,2015,TradeAndOtherPayables,0
Edgware Energy Ltd,2016,TradeAndOtherPayables,0
Edgware Energy Ltd,2017,TradeAndOtherPayables,0
Edgware Energy Ltd,2018,TradeAndOtherPayables,5493617
Edgware Energy Ltd,2019,TradeAndOtherPayables,10165425
Edgware Energy Ltd,2020,TradeAndOtherPayables,16428823
Edgware Energy Ltd,2021,TradeAndOtherPayables,20091220
Edgware Energy Ltd,2022,TradeAndOtherPayables,17223583
Edgware Energy Ltd,2023,TradeAndOtherPayables,11118714
Edgware Energy Ltd,2024,TradeAndOtherPayables,6956134
Edgware Energy Ltd,2025,TradeAndOtherPayables,4218147
,,,
Edgware Energy Ltd,2015,TaxPayables,0
Edgware Energy Ltd,2016,TaxPayables,0
Edgware Energy Ltd,2017,TaxPayables,0
Edgware Energy Ltd,2018,TaxPayables,0
Edgware Energy Ltd,2019,TaxPayables,33744
Edgware Energy Ltd,2020,TaxPayables,80322
Edgware Energy Ltd,2021,TaxPayables,65460
Edgware Energy Ltd,2022,TaxPayables,65759
Edgware Energy Ltd,2023,TaxPayables,56230
Edgware Energy Ltd,2024,TaxPayables,27325
Edgware Energy Ltd,2025,TaxPayables,43796
,,,
Edgware Energy Ltd,2015,TotalLiabilities,0
Edgware Energy Ltd,2016,TotalLiabilities,0
Edgware Energy Ltd,2017,TotalLiabilities,0
Edgware Energy Ltd,2018,TotalLiabilities,5493617
Edgware Energy Ltd,2019,TotalLiabilities,10199169
Edgware Energy Ltd,2020,TotalLiabilities,16509145
Edgware Energy Ltd,2021,TotalLiabilities,20156680
Edgware Energy Ltd,2022,TotalLiabilities,17289342
Edgware Energy Ltd,2023,TotalLiabilities,11174944
Edgware Energy Ltd,2024,TotalLiabilities,6983459
Edgware Energy Ltd,2025,TotalLiabilities,4261944
EPG Energy Ltd,2010,IntangibleAssets,0
EPG Energy Ltd,2011,IntangibleAssets,0
EPG Energy Ltd,2012,IntangibleAssets,0
EPG Energy Ltd,2013,IntangibleAssets,0
EPG Energy Ltd,2014,IntangibleAssets,0
EPG Energy Ltd,2015,IntangibleAssets,666085
EPG Energy Ltd,2016,IntangibleAssets,235361
EPG Energy Ltd,2017,IntangibleAssets,194190
EPG Energy Ltd,2018,IntangibleAssets,153019
EPG Energy Ltd,2019,IntangibleAssets,111848
EPG Energy Ltd,2020,IntangibleAssets,70677
EPG Energy Ltd,2021,IntangibleAssets,29506
EPG Energy Ltd,2022,IntangibleAssets,0
EPG Energy Ltd,2023,IntangibleAssets,0
EPG Energy Ltd,2024,IntangibleAssets,0
EPG Energy Ltd,2025,IntangibleAssets,0
,,,
EPG Energy Ltd,2010,TangibleAssets,0
EPG Energy Ltd,2011,TangibleAssets,0
EPG Energy Ltd,2012,TangibleAssets,0
EPG Energy Ltd,2013,TangibleAssets,0
EPG Energy Ltd,2014,TangibleAssets,0
EPG Energy Ltd,2015,TangibleAssets,4761
EPG Energy Ltd,2016,TangibleAssets,4095
EPG Energy Ltd,2017,TangibleAssets,38160
EPG Energy Ltd,2018,TangibleAssets,28143
EPG Energy Ltd,2019,TangibleAssets,22103
EPG Energy Ltd,2020,TangibleAssets,11428
EPG Energy Ltd,2021,TangibleAssets,1776
EPG Energy Ltd,2022,TangibleAssets,1367
EPG Energy Ltd,2023,TangibleAssets,4444
EPG Energy Ltd,2024,TangibleAssets,2892
EPG Energy Ltd,2025,TangibleAssets,3708
,,,
EPG Energy Ltd,2010,Investments,0
EPG Energy Ltd,2011,Investments,0
EPG Energy Ltd,2012,Investments,0
EPG Energy Ltd,2013,Investments,0
EPG Energy Ltd,2014,Investments,1
EPG Energy Ltd,2015,Investments,1
EPG Energy Ltd,2016,Investments,1
EPG Energy Ltd,2017,Investments,1
EPG Energy Ltd,2018,Investments,1
EPG Energy Ltd,2019,Investments,1
EPG Energy Ltd,2020,Investments,1
EPG Energy Ltd,2021,Investments,1
EPG Energy Ltd,2022,Investments,1
EPG Energy Ltd,2023,Investments,1
EPG Energy Ltd,2024,Investments,0
EPG Energy Ltd,2025,Investments,0
,,,
EPG Energy Ltd,2010,TradeReceivables,0
EPG Energy Ltd,2011,TradeReceivables,0
EPG Energy Ltd,2012,TradeReceivables,0
EPG Energy Ltd,2013,TradeReceivables,0
EPG Energy Ltd,2014,TradeReceivables,91426
EPG Energy Ltd,2015,TradeReceivables,6288365
EPG Energy Ltd,2016,TradeReceivables,4289854
EPG Energy Ltd,2017,TradeReceivables,3588797
EPG Energy Ltd,2018,TradeReceivables,4741561
EPG Energy Ltd,2019,TradeReceivables,4890288
EPG Energy Ltd,2020,TradeReceivables,5831539
EPG Energy Ltd,2021,TradeReceivables,6129477
EPG Energy Ltd,2022,TradeReceivables,11821214
EPG Energy Ltd,2023,TradeReceivables,14374521
EPG Energy Ltd,2024,TradeReceivables,11550702
EPG Energy Ltd,2025,TradeReceivables,11887546
,,,
EPG Energy Ltd,2010,Cash,1
EPG Energy Ltd,2011,Cash,0
EPG Energy Ltd,2012,Cash,0
EPG Energy Ltd,2013,Cash,0
EPG Energy Ltd,2014,Cash,232832
EPG Energy Ltd,2015,Cash,265246
EPG Energy Ltd,2016,Cash,136657
EPG Energy Ltd,2017,Cash,1502358
EPG Energy Ltd,2018,Cash,1391843
EPG Energy Ltd,2019,Cash,2564692
EPG Energy Ltd,2020,Cash,1840132
EPG Energy Ltd,2021,Cash,2173826
EPG Energy Ltd,2022,Cash,3544093
EPG Energy Ltd,2023,Cash,9127904
EPG Energy Ltd,2024,Cash,4691504
EPG Energy Ltd,2025,Cash,8089862
,,,
EPG Energy Ltd,2010,CurrentAssetsTotal,1
EPG Energy Ltd,2011,CurrentAssetsTotal,0
EPG Energy Ltd,2012,CurrentAssetsTotal,0
EPG Energy Ltd,2013,CurrentAssetsTotal,0
EPG Energy Ltd,2014,CurrentAssetsTotal,324259
EPG Energy Ltd,2015,CurrentAssetsTotal,6553611
EPG Energy Ltd,2016,CurrentAssetsTotal,4426511
EPG Energy Ltd,2017,CurrentAssetsTotal,5091155
EPG Energy Ltd,2018,CurrentAssetsTotal,6133404
EPG Energy Ltd,2019,CurrentAssetsTotal,7454980
EPG Energy Ltd,2020,CurrentAssetsTotal,7671671
EPG Energy Ltd,2021,CurrentAssetsTotal,8303303
EPG Energy Ltd,2022,CurrentAssetsTotal,15365307
EPG Energy Ltd,2023,CurrentAssetsTotal,23502425
EPG Energy Ltd,2024,CurrentAssetsTotal,16242206
EPG Energy Ltd,2025,CurrentAssetsTotal,19977408
,,,
EPG Energy Ltd,2010,CurrentLiabilities,0
EPG Energy Ltd,2011,CurrentLiabilities,0
EPG Energy Ltd,2012,CurrentLiabilities,0
EPG Energy Ltd,2013,CurrentLiabilities,0
EPG Energy Ltd,2014,CurrentLiabilities,-325903
EPG Energy Ltd,2015,CurrentLiabilities,-7449472
EPG Energy Ltd,2016,CurrentLiabilities,-4820878
EPG Energy Ltd,2017,CurrentLiabilities,-6534387
EPG Energy Ltd,2018,CurrentLiabilities,-7576507
EPG Energy Ltd,2019,CurrentLiabilities,-8887621
EPG Energy Ltd,2020,CurrentLiabilities,-8554673
EPG Energy Ltd,2021,CurrentLiabilities,-9360813
EPG Energy Ltd,2022,CurrentLiabilities,-16328467
EPG Energy Ltd,2023,CurrentLiabilities,-24203223
EPG Energy Ltd,2024,CurrentLiabilities,-16347685
EPG Energy Ltd,2025,CurrentLiabilities,-19650543
,,,
EPG Energy Ltd,2010,NetCurrentAssets,1
EPG Energy Ltd,2011,NetCurrentAssets,0
EPG Energy Ltd,2012,NetCurrentAssets,0
EPG Energy Ltd,2013,NetCurrentAssets,0
EPG Energy Ltd,2014,NetCurrentAssets,-1644
EPG Energy Ltd,2015,NetCurrentAssets,-895861
EPG Energy Ltd,2016,NetCurrentAssets,-394367
EPG Energy Ltd,2017,NetCurrentAssets,-1443232
EPG Energy Ltd,2018,NetCurrentAssets,-1443103
EPG Energy Ltd,2019,NetCurrentAssets,-1432641
EPG Energy Ltd,2020,NetCurrentAssets,-883002
EPG Energy Ltd,2021,NetCurrentAssets,-1057510
EPG Energy Ltd,2022,NetCurrentAssets,-963160
EPG Energy Ltd,2023,NetCurrentAssets,-700798
EPG Energy Ltd,2024,NetCurrentAssets,-105479
EPG Energy Ltd,2025,NetCurrentAssets,326865
,,,
EPG Energy Ltd,2010,TotalAssetsLessCurrentLiabilities,1
EPG Energy Ltd,2011,TotalAssetsLessCurrentLiabilities,0
EPG Energy Ltd,2012,TotalAssetsLessCurrentLiabilities,0
EPG Energy Ltd,2013,TotalAssetsLessCurrentLiabilities,0
EPG Energy Ltd,2014,TotalAssetsLessCurrentLiabilities,-1644
EPG Energy Ltd,2015,TotalAssetsLessCurrentLiabilities,-225014
EPG Energy Ltd,2016,TotalAssetsLessCurrentLiabilities,-154910
EPG Energy Ltd,2017,TotalAssetsLessCurrentLiabilities,-1210881
EPG Energy Ltd,2018,TotalAssetsLessCurrentLiabilities,-1261940
EPG Energy Ltd,2019,TotalAssetsLessCurrentLiabilities,-1298689
EPG Energy Ltd,2020,TotalAssetsLessCurrentLiabilities,-800896
EPG Energy Ltd,2021,TotalAssetsLessCurrentLiabilities,-1026227
EPG Energy Ltd,2022,TotalAssetsLessCurrentLiabilities,-961792
EPG Energy Ltd,2023,TotalAssetsLessCurrentLiabilities,-696353
EPG Energy Ltd,2024,TotalAssetsLessCurrentLiabilities,-102587
EPG Energy Ltd,2025,TotalAssetsLessCurrentLiabilities,330573
,,,
EPG Energy Ltd,2010,NonCurrentLiabilities,0
EPG Energy Ltd,2011,NonCurrentLiabilities,0
EPG Energy Ltd,2012,NonCurrentLiabilities,0
EPG Energy Ltd,2013,NonCurrentLiabilities,0
EPG Energy Ltd,2014,NonCurrentLiabilities,0
EPG Energy Ltd,2015,NonCurrentLiabilities,0
EPG Energy Ltd,2016,NonCurrentLiabilities,-42366
EPG Energy Ltd,2017,NonCurrentLiabilities,-33013
EPG Energy Ltd,2018,NonCurrentLiabilities,-26014
EPG Energy Ltd,2019,NonCurrentLiabilities,0
EPG Energy Ltd,2020,NonCurrentLiabilities,-468217
EPG Energy Ltd,2021,NonCurrentLiabilities,-158217
EPG Energy Ltd,2022,NonCurrentLiabilities,-158217
EPG Energy Ltd,2023,NonCurrentLiabilities,-158217
EPG Energy Ltd,2024,NonCurrentLiabilities,0
EPG Energy Ltd,2025,NonCurrentLiabilities,0
,,,
EPG Energy Ltd,2010,NetAssets,1
EPG Energy Ltd,2011,NetAssets,1
EPG Energy Ltd,2012,NetAssets,1
EPG Energy Ltd,2013,NetAssets,1
EPG Energy Ltd,2014,NetAssets,-1644
EPG Energy Ltd,2015,NetAssets,-225014
EPG Energy Ltd,2016,NetAssets,-197276
EPG Energy Ltd,2017,NetAssets,-1243894
EPG Energy Ltd,2018,NetAssets,-1287954
EPG Energy Ltd,2019,NetAssets,-1298689
EPG Energy Ltd,2020,NetAssets,-1269113
EPG Energy Ltd,2021,NetAssets,-1184444
EPG Energy Ltd,2022,NetAssets,-1120009
EPG Energy Ltd,2023,NetAssets,-854570
EPG Energy Ltd,2024,NetAssets,-102587
EPG Energy Ltd,2025,NetAssets,330573
,,,
EPG Energy Ltd,2010,ShareCapital,1
EPG Energy Ltd,2011,ShareCapital,1
EPG Energy Ltd,2012,ShareCapital,1
EPG Energy Ltd,2013,ShareCapital,1
EPG Energy Ltd,2014,ShareCapital,1
EPG Energy Ltd,2015,ShareCapital,1
EPG Energy Ltd,2016,ShareCapital,58
EPG Energy Ltd,2017,ShareCapital,58
EPG Energy Ltd,2018,ShareCapital,62
EPG Energy Ltd,2019,ShareCapital,62
EPG Energy Ltd,2020,ShareCapital,62
EPG Energy Ltd,2021,ShareCapital,62
EPG Energy Ltd,2022,ShareCapital,62
EPG Energy Ltd,2023,ShareCapital,62
EPG Energy Ltd,2024,ShareCapital,114
EPG Energy Ltd,2025,ShareCapital,114
,,,
EPG Energy Ltd,2010,RetainedEarnings,0
EPG Energy Ltd,2011,RetainedEarnings,0
EPG Energy Ltd,2012,RetainedEarnings,0
EPG Energy Ltd,2013,RetainedEarnings,0
EPG Energy Ltd,2014,RetainedEarnings,0
EPG Energy Ltd,2015,RetainedEarnings,-225015
EPG Energy Ltd,2016,RetainedEarnings,-197334
EPG Energy Ltd,2017,RetainedEarnings,-1243952
EPG Energy Ltd,2018,RetainedEarnings,-1288016
EPG Energy Ltd,2019,RetainedEarnings,-1298751
EPG Energy Ltd,2020,RetainedEarnings,-1269175
EPG Energy Ltd,2021,RetainedEarnings,-1184506
EPG Energy Ltd,2022,RetainedEarnings,-1120071
EPG Energy Ltd,2023,RetainedEarnings,-854632
EPG Energy Ltd,2024,RetainedEarnings,-102701
EPG Energy Ltd,2025,RetainedEarnings,330459
,,,
EPG Energy Ltd,2010,TotalEquity,1
EPG Energy Ltd,2011,TotalEquity,1
EPG Energy Ltd,2012,TotalEquity,1
EPG Energy Ltd,2013,TotalEquity,1
EPG Energy Ltd,2014,TotalEquity,1
EPG Energy Ltd,2015,TotalEquity,-225014
EPG Energy Ltd,2016,TotalEquity,-197276
EPG Energy Ltd,2017,TotalEquity,-1243894
EPG Energy Ltd,2018,TotalEquity,-1287954
EPG Energy Ltd,2019,TotalEquity,-1298689
EPG Energy Ltd,2020,TotalEquity,-1269113
EPG Energy Ltd,2021,TotalEquity,-1184444
EPG Energy Ltd,2022,TotalEquity,-1120009
EPG Energy Ltd,2023,TotalEquity,-854570
EPG Energy Ltd,2024,TotalEquity,-102587
EPG Energy Ltd,2025,TotalEquity,330573
Equinicity Ltd,2019,TangibleAssets,0
Equinicity Ltd,2020,TangibleAssets,4866
Equinicity Ltd,2021,TangibleAssets,3177
Equinicity Ltd,2022,TangibleAssets,1488
Equinicity Ltd,2023,TangibleAssets,1286
Equinicity Ltd,2024,TangibleAssets,643
Equinicity Ltd,2025,TangibleAssets,0
,,,
Equinicity Ltd,2019,Debtors,0
Equinicity Ltd,2020,Debtors,10349
Equinicity Ltd,2021,Debtors,44737
Equinicity Ltd,2022,Debtors,51396
Equinicity Ltd,2023,Debtors,1062862
Equinicity Ltd,2024,Debtors,1805899
Equinicity Ltd,2025,Debtors,864823
,,,
Equinicity Ltd,2019,Cash,9506
Equinicity Ltd,2020,Cash,452152
Equinicity Ltd,2021,Cash,1116565
Equinicity Ltd,2022,Cash,1154184
Equinicity Ltd,2023,Cash,1266826
Equinicity Ltd,2024,Cash,698697
Equinicity Ltd,2025,Cash,905838
,,,
Equinicity Ltd,2019,CurrentAssetsTotal,9506
Equinicity Ltd,2020,CurrentAssetsTotal,452153
Equinicity Ltd,2021,CurrentAssetsTotal,1161302
Equinicity Ltd,2022,CurrentAssetsTotal,1205580
Equinicity Ltd,2023,CurrentAssetsTotal,2329688
Equinicity Ltd,2024,CurrentAssetsTotal,2504596
Equinicity Ltd,2025,CurrentAssetsTotal,1770661
,,,
Equinicity Ltd,2019,PrepaymentsAccruedIncome,0
Equinicity Ltd,2020,PrepaymentsAccruedIncome,10348
Equinicity Ltd,2021,PrepaymentsAccruedIncome,0
Equinicity Ltd,2022,PrepaymentsAccruedIncome,0
Equinicity Ltd,2023,PrepaymentsAccruedIncome,0
Equinicity Ltd,2024,PrepaymentsAccruedIncome,0
Equinicity Ltd,2025,PrepaymentsAccruedIncome,0
,,,
Equinicity Ltd,2019,CurrentLiabilitiesWithin1Y,0
Equinicity Ltd,2020,CurrentLiabilitiesWithin1Y,-583420
Equinicity Ltd,2021,CurrentLiabilitiesWithin1Y,-1905925
Equinicity Ltd,2022,CurrentLiabilitiesWithin1Y,-2488983
Equinicity Ltd,2023,CurrentLiabilitiesWithin1Y,-4030959
Equinicity Ltd,2024,CurrentLiabilitiesWithin1Y,-3833661
Equinicity Ltd,2025,CurrentLiabilitiesWithin1Y,-3017636
,,,
Equinicity Ltd,2019,NetCurrentAssets,9506
Equinicity Ltd,2020,NetCurrentAssets,-120919
Equinicity Ltd,2021,NetCurrentAssets,-744623
Equinicity Ltd,2022,NetCurrentAssets,-1283403
Equinicity Ltd,2023,NetCurrentAssets,-1701271
Equinicity Ltd,2024,NetCurrentAssets,-1329065
Equinicity Ltd,2025,NetCurrentAssets,-1246975
,,,
Equinicity Ltd,2019,TotalAssetsLessCurrentLiabilities,9507
Equinicity Ltd,2020,TotalAssetsLessCurrentLiabilities,-116053
Equinicity Ltd,2021,TotalAssetsLessCurrentLiabilities,-741446
Equinicity Ltd,2022,TotalAssetsLessCurrentLiabilities,-1281915
Equinicity Ltd,2023,TotalAssetsLessCurrentLiabilities,-1699985
Equinicity Ltd,2024,TotalAssetsLessCurrentLiabilities,-1328422
Equinicity Ltd,2025,TotalAssetsLessCurrentLiabilities,-1246975
,,,
Equinicity Ltd,2019,NonCurrentLiabilities,10000
Equinicity Ltd,2020,NonCurrentLiabilities,68763
Equinicity Ltd,2021,NonCurrentLiabilities,0
Equinicity Ltd,2022,NonCurrentLiabilities,0
Equinicity Ltd,2023,NonCurrentLiabilities,0
Equinicity Ltd,2024,NonCurrentLiabilities,0
Equinicity Ltd,2025,NonCurrentLiabilities,0
,,,
Equinicity Ltd,2019,NetAssets,-493
Equinicity Ltd,2020,NetAssets,-184816
Equinicity Ltd,2021,NetAssets,-741446
Equinicity Ltd,2022,NetAssets,-1281915
Equinicity Ltd,2023,NetAssets,-1699985
Equinicity Ltd,2024,NetAssets,-1328422
Equinicity Ltd,2025,NetAssets,-1246975
,,,
Equinicity Ltd,2019,ShareCapital,1
Equinicity Ltd,2020,ShareCapital,1
Equinicity Ltd,2021,ShareCapital,1
Equinicity Ltd,2022,ShareCapital,1
Equinicity Ltd,2023,ShareCapital,1
Equinicity Ltd,2024,ShareCapital,1
Equinicity Ltd,2025,ShareCapital,1
,,,
Equinicity Ltd,2019,RetainedEarnings,-494
Equinicity Ltd,2020,RetainedEarnings,-184817
Equinicity Ltd,2021,RetainedEarnings,-741447
Equinicity Ltd,2022,RetainedEarnings,-1281916
Equinicity Ltd,2023,RetainedEarnings,-1699986
Equinicity Ltd,2024,RetainedEarnings,-1328423
Equinicity Ltd,2025,RetainedEarnings,-1246976
,,,
Equinicity Ltd,2019,TotalEquity,-493
Equinicity Ltd,2020,TotalEquity,-184816
Equinicity Ltd,2021,TotalEquity,-741446
Equinicity Ltd,2022,TotalEquity,-1281915
Equinicity Ltd,2023,TotalEquity,-1699985
Equinicity Ltd,2024,TotalEquity,-1328422
Equinicity Ltd,2025,TotalEquity,-1246975
Symbio Energy Ltd,2013,IntangibleAssets,0
Symbio Energy Ltd,2013-Dec,IntangibleAssets,0
Symbio Energy Ltd,2014,IntangibleAssets,7809926
Symbio Energy Ltd,2015,IntangibleAssets,7592245
Symbio Energy Ltd,2016,IntangibleAssets,6522526
Symbio Energy Ltd,2017,IntangibleAssets,6259229
Symbio Energy Ltd,2018,IntangibleAssets,1378317
Symbio Energy Ltd,2020-Mar,IntangibleAssets,1310836
Symbio Energy Ltd,2020-Dec,IntangibleAssets,1749942
,,,
Symbio Energy Ltd,2013,TangibleAssets,0
Symbio Energy Ltd,2013-Dec,TangibleAssets,0
Symbio Energy Ltd,2014,TangibleAssets,754178
Symbio Energy Ltd,2015,TangibleAssets,722752
Symbio Energy Ltd,2016,TangibleAssets,691440
Symbio Energy Ltd,2017,TangibleAssets,660210
Symbio Energy Ltd,2018,TangibleAssets,304
Symbio Energy Ltd,2020-Mar,TangibleAssets,43586
Symbio Energy Ltd,2020-Dec,TangibleAssets,50728
,,,
Symbio Energy Ltd,2013,Stocks,0
Symbio Energy Ltd,2013-Dec,Stocks,0
Symbio Energy Ltd,2014,Stocks,424321
Symbio Energy Ltd,2015,Stocks,430894
Symbio Energy Ltd,2016,Stocks,428810
Symbio Energy Ltd,2017,Stocks,393379
Symbio Energy Ltd,2018,Stocks,0
Symbio Energy Ltd,2020-Mar,Stocks,0
Symbio Energy Ltd,2020-Dec,Stocks,0
,,,
Symbio Energy Ltd,2013,Debtors,0
Symbio Energy Ltd,2013-Dec,Debtors,0
Symbio Energy Ltd,2014,Debtors,9216855
Symbio Energy Ltd,2015,Debtors,7252996
Symbio Energy Ltd,2016,Debtors,5983115
Symbio Energy Ltd,2017,Debtors,1965997
Symbio Energy Ltd,2018,Debtors,938691
Symbio Energy Ltd,2020-Mar,Debtors,3723587
Symbio Energy Ltd,2020-Dec,Debtors,7024997
,,,
Symbio Energy Ltd,2013,Cash,1
Symbio Energy Ltd,2013-Dec,Cash,1
Symbio Energy Ltd,2014,Cash,214
Symbio Energy Ltd,2015,Cash,7046
Symbio Energy Ltd,2016,Cash,1351
Symbio Energy Ltd,2017,Cash,101
Symbio Energy Ltd,2018,Cash,4447
Symbio Energy Ltd,2020-Mar,Cash,1154285
Symbio Energy Ltd,2020-Dec,Cash,167647
,,,
Symbio Energy Ltd,2013,CurrentAssetsTotal,1
Symbio Energy Ltd,2013-Dec,CurrentAssetsTotal,1
Symbio Energy Ltd,2014,CurrentAssetsTotal,9641390
Symbio Energy Ltd,2015,CurrentAssetsTotal,7690936
Symbio Energy Ltd,2016,CurrentAssetsTotal,6413276
Symbio Energy Ltd,2017,CurrentAssetsTotal,2359477
Symbio Energy Ltd,2018,CurrentAssetsTotal,943138
Symbio Energy Ltd,2020-Mar,CurrentAssetsTotal,4877872
Symbio Energy Ltd,2020-Dec,CurrentAssetsTotal,7192644
,,,
Symbio Energy Ltd,2013,CurrentLiabilitiesWithin1Y,0
Symbio Energy Ltd,2013-Dec,CurrentLiabilitiesWithin1Y,0
Symbio Energy Ltd,2014,CurrentLiabilitiesWithin1Y,1008572
Symbio Energy Ltd,2015,CurrentLiabilitiesWithin1Y,294041
Symbio Energy Ltd,2016,CurrentLiabilitiesWithin1Y,10986755
Symbio Energy Ltd,2017,CurrentLiabilitiesWithin1Y,11921531
Symbio Energy Ltd,2018,CurrentLiabilitiesWithin1Y,124641
Symbio Energy Ltd,2020-Mar,CurrentLiabilitiesWithin1Y,3539954
Symbio Energy Ltd,2020-Dec,CurrentLiabilitiesWithin1Y,7536119
,,,
Symbio Energy Ltd,2013,NetCurrentAssets,1
Symbio Energy Ltd,2013-Dec,NetCurrentAssets,1
Symbio Energy Ltd,2014,NetCurrentAssets,8632818
Symbio Energy Ltd,2015,NetCurrentAssets,7396895
Symbio Energy Ltd,2016,NetCurrentAssets,-4573479
Symbio Energy Ltd,2017,NetCurrentAssets,-9562054
Symbio Energy Ltd,2018,NetCurrentAssets,818497
Symbio Energy Ltd,2020-Mar,NetCurrentAssets,1337918
Symbio Energy Ltd,2020-Dec,NetCurrentAssets,-343475
,,,
Symbio Energy Ltd,2013,TotalAssetsLessCurrentLiabilities,1
Symbio Energy Ltd,2013-Dec,TotalAssetsLessCurrentLiabilities,1
Symbio Energy Ltd,2014,TotalAssetsLessCurrentLiabilities,17196922
Symbio Energy Ltd,2015,TotalAssetsLessCurrentLiabilities,15711892
Symbio Energy Ltd,2016,TotalAssetsLessCurrentLiabilities,2640487
Symbio Energy Ltd,2017,TotalAssetsLessCurrentLiabilities,-2642615
Symbio Energy Ltd,2018,TotalAssetsLessCurrentLiabilities,2197118
Symbio Energy Ltd,2020-Mar,TotalAssetsLessCurrentLiabilities,2692340
Symbio Energy Ltd,2020-Dec,TotalAssetsLessCurrentLiabilities,1457195
,,,
Symbio Energy Ltd,2013,NonCurrentLiabilities,0
Symbio Energy Ltd,2013-Dec,NonCurrentLiabilities,0
Symbio Energy Ltd,2014,NonCurrentLiabilities,-9338879
Symbio Energy Ltd,2015,NonCurrentLiabilities,-10738385
Symbio Energy Ltd,2016,NonCurrentLiabilities,-162375
Symbio Energy Ltd,2017,NonCurrentLiabilities,-38016
Symbio Energy Ltd,2018,NonCurrentLiabilities,0
Symbio Energy Ltd,2020-Mar,NonCurrentLiabilities,0
Symbio Energy Ltd,2020-Dec,NonCurrentLiabilities,-45276
,,,
Symbio Energy Ltd,2013,AccrualsDeferredIncome,0
Symbio Energy Ltd,2013-Dec,AccrualsDeferredIncome,0
Symbio Energy Ltd,2014,AccrualsDeferredIncome,-8743149
Symbio Energy Ltd,2015,AccrualsDeferredIncome,-7006236
Symbio Energy Ltd,2016,AccrualsDeferredIncome,-5619142
Symbio Energy Ltd,2017,AccrualsDeferredIncome,-1651142
Symbio Energy Ltd,2018,AccrualsDeferredIncome,0
Symbio Energy Ltd,2020-Mar,AccrualsDeferredIncome,0
Symbio Energy Ltd,2020-Dec,AccrualsDeferredIncome,0
,,,
Symbio Energy Ltd,2013,NetAssets,1
Symbio Energy Ltd,2013-Dec,NetAssets,1
Symbio Energy Ltd,2014,NetAssets,-885106
Symbio Energy Ltd,2015,NetAssets,-2032729
Symbio Energy Ltd,2016,NetAssets,-3141030
Symbio Energy Ltd,2017,NetAssets,-4331773
Symbio Energy Ltd,2018,NetAssets,2197118
Symbio Energy Ltd,2020-Mar,NetAssets,2692340
Symbio Energy Ltd,2020-Dec,NetAssets,1411919
,,,
Symbio Energy Ltd,2013,ShareCapital,1
Symbio Energy Ltd,2013-Dec,ShareCapital,1
Symbio Energy Ltd,2014,ShareCapital,1
Symbio Energy Ltd,2015,ShareCapital,1
Symbio Energy Ltd,2016,ShareCapital,1
Symbio Energy Ltd,2017,ShareCapital,1
Symbio Energy Ltd,2018,ShareCapital,1
Symbio Energy Ltd,2020-Mar,ShareCapital,1
Symbio Energy Ltd,2020-Dec,ShareCapital,1
,,,
Symbio Energy Ltd,2013,RetainedEarnings,0
Symbio Energy Ltd,2013-Dec,RetainedEarnings,0
Symbio Energy Ltd,2014,RetainedEarnings,-885107
Symbio Energy Ltd,2015,RetainedEarnings,-2032730
Symbio Energy Ltd,2016,RetainedEarnings,-3141031
Symbio Energy Ltd,2017,RetainedEarnings,-4331774
Symbio Energy Ltd,2018,RetainedEarnings,2197117
Symbio Energy Ltd,2020-Mar,RetainedEarnings,2692339
Symbio Energy Ltd,2020-Dec,RetainedEarnings,1411918
,,,
Symbio Energy Ltd,2013,TotalEquity,1
Symbio Energy Ltd,2013-Dec,TotalEquity,1
Symbio Energy Ltd,2014,TotalEquity,-885106
Symbio Energy Ltd,2015,TotalEquity,-2032729
Symbio Energy Ltd,2016,TotalEquity,-3141030
Symbio Energy Ltd,2017,TotalEquity,-4331773
Symbio Energy Ltd,2018,TotalEquity,2197118
Symbio Energy Ltd,2020-Mar,TotalEquity,2692340
Symbio Energy Ltd,2020-Dec,TotalEquity,1411919
Neon Reef Ltd,2018,CalledUpShareCapitalNotPaid,0
Neon Reef Ltd,2019,CalledUpShareCapitalNotPaid,0
Neon Reef Ltd,2020,CalledUpShareCapitalNotPaid,0
,,,
Neon Reef Ltd,2018,TangibleAssets,0
Neon Reef Ltd,2019,TangibleAssets,0
Neon Reef Ltd,2020,TangibleAssets,0
,,,
Neon Reef Ltd,2018,Debtors,0
Neon Reef Ltd,2019,Debtors,0
Neon Reef Ltd,2020,Debtors,0
,,,
Neon Reef Ltd,2018,Cash,10
Neon Reef Ltd,2019,Cash,17148
Neon Reef Ltd,2020,Cash,84805
,,,
Neon Reef Ltd,2018,TotalCurrentAssets,10
Neon Reef Ltd,2019,TotalCurrentAssets,17148
Neon Reef Ltd,2020,TotalCurrentAssets,84805
,,,
Neon Reef Ltd,2018,CurrentLiabilitiesWithin1Y,0
Neon Reef Ltd,2019,CurrentLiabilitiesWithin1Y,-31554
Neon Reef Ltd,2020,CurrentLiabilitiesWithin1Y,-123005
,,,
Neon Reef Ltd,2018,NetCurrentAssets,10
Neon Reef Ltd,2019,NetCurrentAssets,-14406
Neon Reef Ltd,2020,NetCurrentAssets,-38200
,,,
Neon Reef Ltd,2018,NonCurrentLiabilities,0
Neon Reef Ltd,2019,NonCurrentLiabilities,0
Neon Reef Ltd,2020,NonCurrentLiabilities,-35000
,,,
Neon Reef Ltd,2018,NetAssets,10
Neon Reef Ltd,2019,NetAssets,-14406
Neon Reef Ltd,2020,NetAssets,-73200
,,,
Neon Reef Ltd,2018,ShareCapital,10
Neon Reef Ltd,2019,ShareCapital,10
Neon Reef Ltd,2020,ShareCapital,10
,,,
Neon Reef Ltd,2018,RetainedEarnings,0
Neon Reef Ltd,2019,RetainedEarnings,-14416
Neon Reef Ltd,2020,RetainedEarnings,-73210
,,,
Neon Reef Ltd,2018,TotalEquity,10
Neon Reef Ltd,2019,TotalEquity,-14406
Neon Reef Ltd,2020,TotalEquity,-73200
Together Energy Ltd,2017,TangibleAssets,18931
Together Energy Ltd,2018,TangibleAssets,148223
Together Energy Ltd,2019,TangibleAssets,137892
Together Energy Ltd,2020,TangibleAssets,168173
,,,
Together Energy Ltd,2017,IntangibleAssets,
Together Energy Ltd,2018,IntangibleAssets,2914190
Together Energy Ltd,2019,IntangibleAssets,4476553
Together Energy Ltd,2020,IntangibleAssets,12326838
,,,
Together Energy Ltd,2017,Investments,
Together Energy Ltd,2018,Investments,333030
Together Energy Ltd,2019,Investments,333030
Together Energy Ltd,2020,Investments,333030
,,,
Together Energy Ltd,2017,TotalFixedAssets,18931
Together Energy Ltd,2018,TotalFixedAssets,3395443
Together Energy Ltd,2019,TotalFixedAssets,4947475
Together Energy Ltd,2020,TotalFixedAssets,12828041
,,,
Together Energy Ltd,2017,Debtors,506914
Together Energy Ltd,2018,Debtors,2842561
Together Energy Ltd,2019,Debtors,21429808
Together Energy Ltd,2020,Debtors,39838672
,,,
Together Energy Ltd,2017,Cash,342624
Together Energy Ltd,2018,Cash,1816689
Together Energy Ltd,2019,Cash,2011990
Together Energy Ltd,2020,Cash,422329
,,,
Together Energy Ltd,2017,TotalCurrentAssets,849538
Together Energy Ltd,2018,TotalCurrentAssets,4659250
Together Energy Ltd,2019,TotalCurrentAssets,23431798
Together Energy Ltd,2020,TotalCurrentAssets,40261001
,,,
Together Energy Ltd,2017,CurrentLiabilitiesWithin1Y,-1697131
Together Energy Ltd,2018,CurrentLiabilitiesWithin1Y,-15634389
Together Energy Ltd,2019,CurrentLiabilitiesWithin1Y,-28073371
Together Energy Ltd,2020,CurrentLiabilitiesWithin1Y,-52018085
,,,
Together Energy Ltd,2017,NetCurrentLiabilities,-847593
Together Energy Ltd,2018,NetCurrentLiabilities,-10975139
Together Energy Ltd,2019,NetCurrentLiabilities,-4641573
Together Energy Ltd,2020,NetCurrentLiabilities,-11757084
,,,
Together Energy Ltd,2017,TotalAssetsLessCurrentLiabilities,-828662
Together Energy Ltd,2018,TotalAssetsLessCurrentLiabilities,-7579696
Together Energy Ltd,2019,TotalAssetsLessCurrentLiabilities,305902
Together Energy Ltd,2020,TotalAssetsLessCurrentLiabilities,1070957
,,,
Together Energy Ltd,2017,Creditors_GT1Y,
Together Energy Ltd,2018,Creditors_GT1Y,
Together Energy Ltd,2019,Creditors_GT1Y,-19222280
Together Energy Ltd,2020,Creditors_GT1Y,-23714662
,,,
Together Energy Ltd,2017,NetLiabilities,-828662
Together Energy Ltd,2018,NetLiabilities,-7579696
Together Energy Ltd,2019,NetLiabilities,-18916378
Together Energy Ltd,2020,NetLiabilities,-22643705
,,,
Together Energy Ltd,2017,ShareCapital,1000
Together Energy Ltd,2018,ShareCapital,2000
Together Energy Ltd,2019,ShareCapital,2000
Together Energy Ltd,2020,ShareCapital,2000
,,,
Together Energy Ltd,2017,SharePremiumAccount,89857
Together Energy Ltd,2018,SharePremiumAccount,189597
Together Energy Ltd,2019,SharePremiumAccount,189597
Together Energy Ltd,2020,SharePremiumAccount,189597
,,,
Together Energy Ltd,2017,ProfitAndLossReserves,-919519
Together Energy Ltd,2018,ProfitAndLossReserves,-7771293
Together Energy Ltd,2019,ProfitAndLossReserves,-19107975
Together Energy Ltd,2020,ProfitAndLossReserves,-22835302
,,,
Together Energy Ltd,2017,TotalEquity,-828662
Together Energy Ltd,2018,TotalEquity,-7579696
Together Energy Ltd,2019,TotalEquity,-18916378
Together Energy Ltd,2020,TotalEquity,-22643705
Orbit Energy Ltd,2016,IntangibleAssets,0
Orbit Energy Ltd,2017,IntangibleAssets,100000
Orbit Energy Ltd,2018,IntangibleAssets,100000
Orbit Energy Ltd,2019,IntangibleAssets,100000
Orbit Energy Ltd,2020,IntangibleAssets,1937737
,,,
Orbit Energy Ltd,2016,TangibleAssets,0
Orbit Energy Ltd,2017,TangibleAssets,22042
Orbit Energy Ltd,2018,TangibleAssets,42779
Orbit Energy Ltd,2019,TangibleAssets,26608
Orbit Energy Ltd,2020,TangibleAssets,9097
,,,
Orbit Energy Ltd,2016,TotalNonCurrentAssets,0
Orbit Energy Ltd,2017,TotalNonCurrentAssets,122042
Orbit Energy Ltd,2018,TotalNonCurrentAssets,142779
Orbit Energy Ltd,2019,TotalNonCurrentAssets,126608
Orbit Energy Ltd,2020,TotalNonCurrentAssets,1946834
,,,
Orbit Energy Ltd,2016,TradeAndOtherReceivables,0
Orbit Energy Ltd,2017,TradeAndOtherReceivables,106538
Orbit Energy Ltd,2018,TradeAndOtherReceivables,1064366
Orbit Energy Ltd,2019,TradeAndOtherReceivables,8658821
Orbit Energy Ltd,2020,TradeAndOtherReceivables,15008523
,,,
Orbit Energy Ltd,2016,Cash,1
Orbit Energy Ltd,2017,Cash,2000009
Orbit Energy Ltd,2018,Cash,1369486
Orbit Energy Ltd,2019,Cash,2209153
Orbit Energy Ltd,2020,Cash,3658996
,,,
Orbit Energy Ltd,2016,TotalCurrentAssets,1
Orbit Energy Ltd,2017,TotalCurrentAssets,2106547
Orbit Energy Ltd,2018,TotalCurrentAssets,2433852
Orbit Energy Ltd,2019,TotalCurrentAssets,10867974
Orbit Energy Ltd,2020,TotalCurrentAssets,18667519
,,,
Orbit Energy Ltd,2016,TotalAssets,1
Orbit Energy Ltd,2017,TotalAssets,2228589
Orbit Energy Ltd,2018,TotalAssets,2576631
Orbit Energy Ltd,2019,TotalAssets,10994582
Orbit Energy Ltd,2020,TotalAssets,20634353
,,,
Orbit Energy Ltd,2016,TradeAndOtherPayables,0
Orbit Energy Ltd,2017,TradeAndOtherPayables,2955264
Orbit Energy Ltd,2018,TradeAndOtherPayables,1923568
Orbit Energy Ltd,2019,TradeAndOtherPayables,15194753
Orbit Energy Ltd,2020,TradeAndOtherPayables,29372992
,,,
Orbit Energy Ltd,2016,LeaseLiabilitiesCurrent,0
Orbit Energy Ltd,2017,LeaseLiabilitiesCurrent,0
Orbit Energy Ltd,2018,LeaseLiabilitiesCurrent,0
Orbit Energy Ltd,2019,LeaseLiabilitiesCurrent,0
Orbit Energy Ltd,2020,LeaseLiabilitiesCurrent,617411
,,,
Orbit Energy Ltd,2016,TotalCurrentLiabilities,0
Orbit Energy Ltd,2017,TotalCurrentLiabilities,2955264
Orbit Energy Ltd,2018,TotalCurrentLiabilities,1923568
Orbit Energy Ltd,2019,TotalCurrentLiabilities,15194753
Orbit Energy Ltd,2020,TotalCurrentLiabilities,29990403
,,,
Orbit Energy Ltd,2016,NetCurrentAssets,1
Orbit Energy Ltd,2017,NetCurrentAssets,-848717
Orbit Energy Ltd,2018,NetCurrentAssets,510284
Orbit Energy Ltd,2019,NetCurrentAssets,-4326779
Orbit Energy Ltd,2020,NetCurrentAssets,-11322884
,,,
Orbit Energy Ltd,2016,LeaseLiabilitiesNonCurrent,0
Orbit Energy Ltd,2017,LeaseLiabilitiesNonCurrent,0
Orbit Energy Ltd,2018,LeaseLiabilitiesNonCurrent,0
Orbit Energy Ltd,2019,LeaseLiabilitiesNonCurrent,0
Orbit Energy Ltd,2020,LeaseLiabilitiesNonCurrent,1305508
,,,
Orbit Energy Ltd,2016,TotalLiabilities,0
Orbit Energy Ltd,2017,TotalLiabilities,2955264
Orbit Energy Ltd,2018,TotalLiabilities,1923568
Orbit Energy Ltd,2019,TotalLiabilities,15194753
Orbit Energy Ltd,2020,TotalLiabilities,31295911
,,,
Orbit Energy Ltd,2016,NetAssets,1
Orbit Energy Ltd,2017,NetAssets,-726675
Orbit Energy Ltd,2018,NetAssets,653063
Orbit Energy Ltd,2019,NetAssets,-4200171
Orbit Energy Ltd,2020,NetAssets,-10681558
,,,
Orbit Energy Ltd,2016,ShareCapital,1
Orbit Energy Ltd,2017,ShareCapital,1
Orbit Energy Ltd,2018,ShareCapital,3
Orbit Energy Ltd,2019,ShareCapital,5
Orbit Energy Ltd,2020,ShareCapital,7
,,,
Orbit Energy Ltd,2016,SharePremiumAccount,0
Orbit Energy Ltd,2017,SharePremiumAccount,0
Orbit Energy Ltd,2018,SharePremiumAccount,4609998
Orbit Energy Ltd,2019,SharePremiumAccount,7009996
Orbit Energy Ltd,2020,SharePremiumAccount,9209994
,,,
Orbit Energy Ltd,2016,RevaluationReserve,0
Orbit Energy Ltd,2017,RevaluationReserve,100000
Orbit Energy Ltd,2018,RevaluationReserve,100000
Orbit Energy Ltd,2019,RevaluationReserve,100000
Orbit Energy Ltd,2020,RevaluationReserve,100000
,,,
Orbit Energy Ltd,2016,RetainedEarnings,0
Orbit Energy Ltd,2017,RetainedEarnings,-826676
Orbit Energy Ltd,2018,RetainedEarnings,-4056938
Orbit Energy Ltd,2019,RetainedEarnings,-11310172
Orbit Energy Ltd,2020,RetainedEarnings,-19991559
,,,
Orbit Energy Ltd,2016,TotalEquity,1
Orbit Energy Ltd,2017,TotalEquity,-726675
Orbit Energy Ltd,2018,TotalEquity,653063
Orbit Energy Ltd,2019,TotalEquity,-4200171
Orbit Energy Ltd,2020,TotalEquity,-10681558
