This is LuaHBTeX, Version 1.24.0 (TeX Live 2026)  (format=lualatex 2026.4.29)  28 SEP 2026 22:52
 restricted system commands enabled.
**d:/texlive/2026/work/thesis_Rev3_20260922/main
(d:/texlive/2026/work/thesis_Rev3_20260922/main.tex
LaTeX2e <2025-11-01>
L3 programming layer <2026-03-20>
Lua module: luaotfload 2024-12-03 v3.29 Lua based OpenType font support
Lua module: lualibs 2023-07-13 v2.76 ConTeXt Lua standard libraries.
Lua module: lualibs-extended 2023-07-13 v2.76 ConTeXt Lua libraries -- extended collection.
luaotfload | conf : Root cache directory is "D:/texlive/2026/texmf-var/luatex-cache/generic/names".
luaotfload | init : Loading fontloader "fontloader-2023-12-28.lua" from kpse-resolved path "d:/texlive/2026/texmf-dist/tex/luatex/luaotfload/fontloader-2023-12-28.lua".
Lua-only attribute luaotfload@noligature = 1
luaotfload | init : Context OpenType loader version 3.134
Inserting `luaotfload.node_processor' in `pre_linebreak_filter'.
Inserting `luaotfload.node_processor' in `hpack_filter'.
Inserting `luaotfload.glyph_stream' in `glyph_stream_provider'.
Inserting `luaotfload.define_font' in `define_font'.
Lua-only attribute luaotfload_color_attribute = 2
luaotfload | conf : Root cache directory is "D:/texlive/2026/texmf-var/luatex-cache/generic/names".
Inserting `luaotfload.harf.strip_prefix' in `find_opentype_file'.
Inserting `luaotfload.harf.strip_prefix' in `find_truetype_file'.
Removing  `luaotfload.glyph_stream' from `glyph_stream_provider'.
Inserting `luaotfload.harf.glyphstream' in `glyph_stream_provider'.
Inserting `luaotfload.harf.finalize_vlist' in `post_linebreak_filter'.
Inserting `luaotfload.harf.finalize_hlist' in `hpack_filter'.
Inserting `luaotfload.cleanup_files' in `wrapup_run'.
Inserting `luaotfload.harf.finalize_unicode' in `finish_pdffile'.
Inserting `luaotfload.glyphinfo' in `glyph_info'.
Lua-only attribute luaotfload.letterspace_done = 3
Inserting `luaotfload.aux.set_sscale_dimens' in `luaotfload.patch_font'.
Inserting `luaotfload.aux.set_font_index' in `luaotfload.patch_font'.
Inserting `luaotfload.aux.patch_cambria_domh' in `luaotfload.patch_font'.
Inserting `luaotfload.aux.fixup_fontdata' in `luaotfload.patch_font_unsafe'.
Inserting `luaotfload.aux.set_capheight' in `luaotfload.patch_font'.
Inserting `luaotfload.aux.set_xheight' in `luaotfload.patch_font'.
Inserting `luaotfload.rewrite_fontname' in `luaotfload.patch_font'.
Inserting `tracingstacklevels' in `input_level_string'. (d:/texlive/2026/texmf-dist/tex/luatex/luatexja/ltjsbook.cls
Document Class: ltjsbook 2025-05-26 ltjsclasses 
(d:/texlive/2026/texmf-dist/tex/luatex/luatexja/luatexja.sty
Package: luatexja 2026-04-20 Japanese Typesetting with Lua(La)TeX
 (d:/texlive/2026/texmf-dist/tex/luatex/luatexja/luatexja-core.sty
Package: luatexja-core 2023-10-07 Core of LuaTeX-ja
 (d:/texlive/2026/texmf-dist/tex/generic/infwarerr/infwarerr.sty
Package: infwarerr 2019/12/03 v1.5 Providing info/warning/error messages (HO)
) (d:/texlive/2026/texmf-dist/tex/luatex/luatexbase/luatexbase.sty
Package: luatexbase 2015/10/04 v1.3 luatexbase interface to LuaTeX 
 (d:/texlive/2026/texmf-dist/tex/luatex/ctablestack/ctablestack.sty
Package: ctablestack 2015/10/01 v1.0 Catcode table stable support
\@catcodetablestackcnt=\count273
)
\CatcodeTableOther=\catcodetable14
\CatcodeTableExpl=\catcodetable15
) (d:/texlive/2026/texmf-dist/tex/generic/ltxcmds/ltxcmds.sty
Package: ltxcmds 2023-12-04 v1.26 LaTeX kernel commands for general use (HO)
) (d:/texlive/2026/texmf-dist/tex/generic/pdftexcmds/pdftexcmds.sty
Package: pdftexcmds 2020-06-27 v0.33 Utility functions of pdfTeX for LuaTeX (HO)
 (d:/texlive/2026/texmf-dist/tex/generic/iftex/iftex.sty
Package: iftex 2024/12/12 v1.0g TeX engine tests
)
Package pdftexcmds Info: \pdf@primitive is available.
Package pdftexcmds Info: \pdf@ifprimitive is available.
Package pdftexcmds Info: \pdfdraftmode found.
\pdftexcmds@toks=\toks17
) (d:/texlive/2026/texmf-dist/tex/latex/xkeyval/xkeyval.sty
Package: xkeyval 2025/11/04 v2.10 package option processing (HA)
 (d:/texlive/2026/texmf-dist/tex/generic/xkeyval/xkeyval.tex (d:/texlive/2026/texmf-dist/tex/generic/xkeyval/xkvutils.tex
\XKV@toks=\toks18
\XKV@tempa@toks=\toks19
\XKV@tempb@toks=\toks20
 (d:/texlive/2026/texmf-dist/tex/generic/xkeyval/keyval.tex))
\XKV@depth=\count274
File: xkeyval.tex 2014/12/03 v2.7a key=value parser (HA)
)) (d:/texlive/2026/texmf-dist/tex/latex/etoolbox/etoolbox.sty
Package: etoolbox 2025/10/02 v2.5m e-TeX tools for LaTeX (JAW)
\etb@tempcnta=\count275
) (d:/texlive/2026/texmf-dist/tex/latex/everyhook/everyhook.sty (d:/texlive/2026/texmf-dist/tex/latex/svn-prov/svn-prov.sty
Package: svn-prov 2010/04/24 v3.1862 Package Date/Version from SVN Keywords
)
Package: everyhook 2014/11/26 v1.2 (SVN Rev: 12)\ Hooks for low level TeX everyX primitives.
\everypar=\toks21
\frozen@everymath=\toks22
\frozen@everydisplay=\toks23
\everyhbox=\toks24
\everyvbox=\toks25
\everycr=\toks26
)
\ltjlineendcomment=\count276
\ltj@dimen@zw=\dimen149
\ltj@dimen@zh=\dimen150
\ltj@dimen@jQ=\dimen151
\ltj@icflag=\attribute4
\ltj@curjfnt=\attribute5
\ltj@curtfnt=\attribute6
\ltj@charclass=\attribute7
\ltj@charcode=\attribute8
\ltj@autospc=\attribute9
\ltj@autoxspc=\attribute10
\ltj@yablshift=\attribute11
\ltj@ykblshift=\attribute12
\ltj@tablshift=\attribute13
\ltj@tkblshift=\attribute14
\jfam=\attribute15
\ltj@vert@ori=\attribute16
\ltj@dir=\attribute17
\ltj@@japanese=\language2
\ltj@tempcnta=\count277
\ltj@tempdima=\dimen152
\ltj@@stack=\count278
\ltj@@group@level=\count279
\ltj@kcat0=\attribute18
\ltj@kcat1=\attribute19
\ltj@kcat2=\attribute20
\ltj@kcat3=\attribute21
\ltj@kcat4=\attribute22
\ltj@kcat5=\attribute23
\ltj@kcat6=\attribute24
Custom whatsit inhibitglue = 1
Custom whatsit stack_marker = 2
Custom whatsit begin_par = 3
Custom whatsit direction = 4
Custom whatsit box_boundary = 5
Custom whatsit ja_al_boundary = 6
Module luatexbase Info: Uninstalling kernel luatexbase code on input line 184
(load cache: ltj-cid-auto-adobe-japan1.luc)
Lua module: luatexja.charrange 2022-08-19 Handling the range of Japanese characters
Lua module: luatexja.stack 2022-08-20 LuaTeX-ja stack system
Inserting `ltj.create_dir_whatsit' in `hpack_filter'.
Inserting `ltj.create_dir_whatsit' in `post_linebreak_filter'.
Inserting `ltj.direction' in `vpack_filter'.
Inserting `ltj.direction' in `pre_output_filter'.
Inserting `ltj.lineskip' in `post_linebreak_filter'.
Inserting `ltj.lineskip' in `append_to_vlist_filter'.
Lua module: luatexja.jfont 2025-05-04 Loader for Japanese fonts
Removing  `luaotfload.define_font' from `define_font'.
Inserting `luatexja.font_callback' in `define_font'.
Removing  `luaotfload.aux.set_sscale_dimens' from `luaotfload.patch_font'.
Removing  `luaotfload.aux.set_font_index' from `luaotfload.patch_font'.
Removing  `luaotfload.aux.patch_cambria_domh' from `luaotfload.patch_font'.
Removing  `luaotfload.aux.set_capheight' from `luaotfload.patch_font'.
Removing  `luaotfload.aux.set_xheight' from `luaotfload.patch_font'.
Removing  `luaotfload.rewrite_fontname' from `luaotfload.patch_font'.
Inserting `ltj.prepare_extra_data' in `luaotfload.patch_font'.
Inserting `luaotfload.aux.set_sscale_dimens' in `luaotfload.patch_font'.
Inserting `luaotfload.aux.set_font_index' in `luaotfload.patch_font'.
Inserting `luaotfload.aux.patch_cambria_domh' in `luaotfload.patch_font'.
Inserting `luaotfload.aux.set_capheight' in `luaotfload.patch_font'.
Inserting `luaotfload.aux.set_xheight' in `luaotfload.patch_font'.
Inserting `luaotfload.rewrite_fontname' in `luaotfload.patch_font'.
Inserting `ltj.prepare_extra_data' in `luatexja.define_font'.
Inserting `ltj.get_vert_form' in `luatexja.define_jfont'.
Removing  `ltj.prepare_extra_data' from `luaotfload.patch_font'.
Removing  `luaotfload.aux.set_sscale_dimens' from `luaotfload.patch_font'.
Removing  `luaotfload.aux.set_font_index' from `luaotfload.patch_font'.
Removing  `luaotfload.aux.patch_cambria_domh' from `luaotfload.patch_font'.
Removing  `luaotfload.aux.set_capheight' from `luaotfload.patch_font'.
Removing  `luaotfload.aux.set_xheight' from `luaotfload.patch_font'.
Removing  `luaotfload.rewrite_fontname' from `luaotfload.patch_font'.
Inserting `ltj.supply_tounicode' in `luaotfload.patch_font'.
Inserting `ltj.prepare_extra_data' in `luaotfload.patch_font'.
Inserting `luaotfload.aux.set_sscale_dimens' in `luaotfload.patch_font'.
Inserting `luaotfload.aux.set_font_index' in `luaotfload.patch_font'.
Inserting `luaotfload.aux.patch_cambria_domh' in `luaotfload.patch_font'.
Inserting `luaotfload.aux.set_capheight' in `luaotfload.patch_font'.
Inserting `luaotfload.aux.set_xheight' in `luaotfload.patch_font'.
Inserting `luaotfload.rewrite_fontname' in `luaotfload.patch_font'.
Inserting `ltj.process_input_buffer' in `process_input_buffer'.
Inserting `ltj.hyphenate' in `hyphenate'.
Removing  `luaotfload.node_processor' from `hpack_filter'.
Removing  `luaotfload.harf.finalize_hlist' from `hpack_filter'.
Removing  `ltj.create_dir_whatsit' from `hpack_filter'.
Inserting `ltj.set_stack_level' in `hpack_filter'.
Inserting `luaotfload.node_processor' in `hpack_filter'.
Inserting `luaotfload.harf.finalize_hlist' in `hpack_filter'.
Inserting `ltj.create_dir_whatsit' in `hpack_filter'.
Removing  `luaotfload.node_processor' from `pre_linebreak_filter'.
Inserting `ltj.set_stack_level' in `pre_linebreak_filter'.
Inserting `luaotfload.node_processor' in `pre_linebreak_filter'.
Lua module: luatexja.jfmglue 2026-01-07 Insertion process of JFM glues, [x]kanjiskip and others
Inserting `luatexja.beginpar.np_info' in `luatexja.jfmglue.whatsit_getinfo'.
Inserting `luatexja.beginpar.np_info_after' in `luatexja.jfmglue.whatsit_after'.
Inserting `ltj.mlist_to_hlist_pre' in `pre_mlist_to_hlist_filter'.
Inserting `ltj.main' in `pre_linebreak_filter'.
Removing  `luaotfload.harf.finalize_hlist' from `hpack_filter'.
Removing  `ltj.create_dir_whatsit' from `hpack_filter'.
Inserting `ltj.main' in `hpack_filter'.
Inserting `luaotfload.harf.finalize_hlist' in `hpack_filter'.
Inserting `ltj.create_dir_whatsit' in `hpack_filter'.
Removing  `ltj.set_stack_level' from `pre_linebreak_filter'.
Removing  `luaotfload.node_processor' from `pre_linebreak_filter'.
Removing  `ltj.main' from `pre_linebreak_filter'.
Inserting `ltj.adjust_icflag' in `pre_linebreak_filter'.
Inserting `ltj.set_stack_level' in `pre_linebreak_filter'.
Inserting `luaotfload.node_processor' in `pre_linebreak_filter'.
Inserting `ltj.main' in `pre_linebreak_filter'.
Removing  `ltj.set_stack_level' from `hpack_filter'.
Removing  `luaotfload.node_processor' from `hpack_filter'.
Removing  `ltj.main' from `hpack_filter'.
Removing  `luaotfload.harf.finalize_hlist' from `hpack_filter'.
Removing  `ltj.create_dir_whatsit' from `hpack_filter'.
Inserting `ltj.adjust_icflag' in `hpack_filter'.
Inserting `ltj.set_stack_level' in `hpack_filter'.
Inserting `luaotfload.node_processor' in `hpack_filter'.
Inserting `ltj.main' in `hpack_filter'.
Inserting `luaotfload.harf.finalize_hlist' in `hpack_filter'.
Inserting `ltj.create_dir_whatsit' in `hpack_filter'. (d:/texlive/2026/texmf-dist/tex/luatex/luatexja/ltj-base.sty
Package: ltj-base 2021-03-16
\ltj@tempcntb=\count280
\ltj@tempcntc=\count281
\ltj@afbox=\box53
)
\ltj@@italic@inner=\luafunction31
\ltj@@start@time@measure@inner=\luafunction32
\ltj@@stop@time@measure@inner=\luafunction33
\ltj@@jfont@inner=\luafunction34
\ltj@zw@inner=\luafunction35
\ltj@zh@inner=\luafunction36
\ltj@reset@globaldefs@inner=\luafunction37
\ltj@restore@globaldefs@inner=\luafunction38
\ltj@@disihb@inner=\luafunction39
\ltj@@ihb@inner=\luafunction40
\ltj@@fakeparbegin@inner=\luafunction41
\ltj@@fakeboxbdd@inner=\luafunction42
\ltj@@ins@xk@inner=\luafunction43
\ltj@@ins@k@inner=\luafunction44
\ltjsetkanjiskip@inner=\luafunction45
\ltjsetxkanjiskip@inner=\luafunction46
\ltj@@getparam@one@inner=\luafunction47
\ltj@alljachar@inner=\luafunction48
\ltj@@lua@populate@insertwhatsit@inner=\luafunction49
\ltj@@vadjust@begin@inner=\luafunction50
\ltj@@vadjust@dirhook@inner=\luafunction51
\ltj@@vadjust@check@dir@inner=\luafunction52
\ltj@@box@dirhook@inner=\luafunction53
\ltj@@reset@badness@inner=\luafunction54
\ltj@@lua@raisebox@inner=\luafunction55
\ltj@@vsplit@inner=\luafunction56
\ltj@@lua@unboxcheckdir@inner=\luafunction57
\ltj@@lua@uncopycheckdir@inner=\luafunction58
\ltj@@lua@uncopy@restore@whatsit@inner=\luafunction59
(load cache: ltj-kinsoku_default.luc) (d:/texlive/2026/texmf-dist/tex/luatex/luatexja/ltj-latex.sty
Package: ltj-latex 2026-04-20 LaTeX support of LuaTeX-ja
Inserting `ltj.direction' in `pre_shipout_filter'. (d:/texlive/2026/texmf-dist/tex/luatex/luatexja/patches/lltjfont.sty
Package: lltjfont 2026-03-15 Patch to NFSS2 for LuaTeX-ja
\ltj@@latex@plv=\count282
 (d:/texlive/2026/texmf-dist/tex/latex/base/tuenc.def
File: tuenc.def 2025/07/18 v2.1d Standard LaTeX file
\@remove@tlig@@@=\luafunction60
LaTeX Font Info:    Redeclaring font encoding TU on input line 105.
LaTeX Encoding Info:    Redeclaring text command \textquotesingle (encoding TU) on input line 148.
LaTeX Encoding Info:    Redeclaring text command \textasciigrave (encoding TU) on input line 149.
LaTeX Encoding Info:    Redeclaring text command \textquotedbl (encoding TU) on input line 150.
LaTeX Encoding Info:    Redeclaring text command \textdollar (encoding TU) on input line 151.
LaTeX Encoding Info:    Redeclaring text command \textless (encoding TU) on input line 152.
LaTeX Encoding Info:    Redeclaring text command \textgreater (encoding TU) on input line 153.
LaTeX Encoding Info:    Redeclaring text command \textbackslash (encoding TU) on input line 154.
LaTeX Encoding Info:    Redeclaring text command \textasciicircum (encoding TU) on input line 155.
LaTeX Encoding Info:    Redeclaring text command \textunderscore (encoding TU) on input line 156.
LaTeX Encoding Info:    Redeclaring text command \textbraceleft (encoding TU) on input line 157.
LaTeX Encoding Info:    Redeclaring text command \textbar (encoding TU) on input line 158.
LaTeX Encoding Info:    Redeclaring text command \textbraceright (encoding TU) on input line 159.
LaTeX Encoding Info:    Redeclaring text command \textasciitilde (encoding TU) on input line 160.
LaTeX Encoding Info:    Redeclaring text command \textexclamdown (encoding TU) on input line 161.
LaTeX Encoding Info:    Redeclaring text command \textcent (encoding TU) on input line 162.
LaTeX Encoding Info:    Redeclaring text command \textsterling (encoding TU) on input line 163.
LaTeX Encoding Info:    Redeclaring text command \textcurrency (encoding TU) on input line 164.
LaTeX Encoding Info:    Redeclaring text command \textyen (encoding TU) on input line 165.
LaTeX Encoding Info:    Redeclaring text command \textbrokenbar (encoding TU) on input line 166.
LaTeX Encoding Info:    Redeclaring text command \textsection (encoding TU) on input line 167.
LaTeX Encoding Info:    Redeclaring text command \textasciidieresis (encoding TU) on input line 168.
LaTeX Encoding Info:    Redeclaring text command \textcopyright (encoding TU) on input line 169.
LaTeX Encoding Info:    Redeclaring text command \textordfeminine (encoding TU) on input line 170.
LaTeX Encoding Info:    Redeclaring text command \guillemetleft (encoding TU) on input line 171.
LaTeX Encoding Info:    Redeclaring text command \guillemotleft (encoding TU) on input line 172.
LaTeX Encoding Info:    Redeclaring text command \textlnot (encoding TU) on input line 173.
LaTeX Encoding Info:    Redeclaring text command \textregistered (encoding TU) on input line 174.
LaTeX Encoding Info:    Redeclaring text command \textasciimacron (encoding TU) on input line 175.
LaTeX Encoding Info:    Redeclaring text command \textdegree (encoding TU) on input line 176.
LaTeX Encoding Info:    Redeclaring text command \textpm (encoding TU) on input line 177.
LaTeX Encoding Info:    Redeclaring text command \texttwosuperior (encoding TU) on input line 178.
LaTeX Encoding Info:    Redeclaring text command \textthreesuperior (encoding TU) on input line 179.
LaTeX Encoding Info:    Redeclaring text command \textasciiacute (encoding TU) on input line 180.
LaTeX Encoding Info:    Redeclaring text command \textmu (encoding TU) on input line 181.
LaTeX Encoding Info:    Redeclaring text command \textparagraph (encoding TU) on input line 182.
LaTeX Encoding Info:    Redeclaring text command \textperiodcentered (encoding TU) on input line 183.
LaTeX Encoding Info:    Redeclaring text command \textonesuperior (encoding TU) on input line 184.
LaTeX Encoding Info:    Redeclaring text command \textordmasculine (encoding TU) on input line 185.
LaTeX Encoding Info:    Redeclaring text command \guillemetright (encoding TU) on input line 186.
LaTeX Encoding Info:    Redeclaring text command \guillemotright (encoding TU) on input line 187.
LaTeX Encoding Info:    Redeclaring text command \textonequarter (encoding TU) on input line 188.
LaTeX Encoding Info:    Redeclaring text command \textonehalf (encoding TU) on input line 189.
LaTeX Encoding Info:    Redeclaring text command \textthreequarters (encoding TU) on input line 190.
LaTeX Encoding Info:    Redeclaring text command \textquestiondown (encoding TU) on input line 191.
LaTeX Encoding Info:    Redeclaring text command \AE (encoding TU) on input line 192.
LaTeX Encoding Info:    Redeclaring text command \DH (encoding TU) on input line 193.
LaTeX Encoding Info:    Redeclaring text command \texttimes (encoding TU) on input line 194.
LaTeX Encoding Info:    Redeclaring text command \O (encoding TU) on input line 195.
LaTeX Encoding Info:    Redeclaring text command \TH (encoding TU) on input line 196.
LaTeX Encoding Info:    Redeclaring text command \ss (encoding TU) on input line 197.
LaTeX Encoding Info:    Redeclaring text command \ae (encoding TU) on input line 198.
LaTeX Encoding Info:    Redeclaring text command \dh (encoding TU) on input line 199.
LaTeX Encoding Info:    Redeclaring text command \textdiv (encoding TU) on input line 200.
LaTeX Encoding Info:    Redeclaring text command \o (encoding TU) on input line 201.
LaTeX Encoding Info:    Redeclaring text command \th (encoding TU) on input line 202.
LaTeX Encoding Info:    Redeclaring text command \DJ (encoding TU) on input line 203.
LaTeX Encoding Info:    Redeclaring text command \dj (encoding TU) on input line 204.
LaTeX Encoding Info:    Redeclaring text command \i (encoding TU) on input line 205.
LaTeX Encoding Info:    Redeclaring text command \IJ (encoding TU) on input line 206.
LaTeX Encoding Info:    Redeclaring text command \ij (encoding TU) on input line 207.
LaTeX Encoding Info:    Redeclaring text command \L (encoding TU) on input line 208.
LaTeX Encoding Info:    Redeclaring text command \l (encoding TU) on input line 209.
LaTeX Encoding Info:    Redeclaring text command \NG (encoding TU) on input line 210.
LaTeX Encoding Info:    Redeclaring text command \ng (encoding TU) on input line 211.
LaTeX Encoding Info:    Redeclaring text command \OE (encoding TU) on input line 212.
LaTeX Encoding Info:    Redeclaring text command \oe (encoding TU) on input line 213.
LaTeX Encoding Info:    Redeclaring text command \textflorin (encoding TU) on input line 214.
LaTeX Encoding Info:    Redeclaring text command \j (encoding TU) on input line 215.
LaTeX Encoding Info:    Redeclaring text command \textasciicaron (encoding TU) on input line 216.
LaTeX Encoding Info:    Redeclaring text command \textasciibreve (encoding TU) on input line 217.
LaTeX Encoding Info:    Redeclaring text command \textacutedbl (encoding TU) on input line 218.
LaTeX Encoding Info:    Redeclaring text command \textgravedbl (encoding TU) on input line 219.
LaTeX Encoding Info:    Redeclaring text command \texttildelow (encoding TU) on input line 220.
LaTeX Encoding Info:    Redeclaring text command \textbaht (encoding TU) on input line 221.
LaTeX Encoding Info:    Redeclaring text command \SS (encoding TU) on input line 222.
LaTeX Encoding Info:    Redeclaring text command \textcompwordmark (encoding TU) on input line 223.
LaTeX Encoding Info:    Redeclaring text command \textendash (encoding TU) on input line 224.
LaTeX Encoding Info:    Redeclaring text command \textemdash (encoding TU) on input line 225.
LaTeX Encoding Info:    Redeclaring text command \textnonbreakinghyphen (encoding TU) on input line 226.
LaTeX Encoding Info:    Redeclaring text command \textfiguredash (encoding TU) on input line 228.
LaTeX Encoding Info:    Redeclaring text command \texthorizontalbar (encoding TU) on input line 230.
LaTeX Encoding Info:    Redeclaring text command \textbardbl (encoding TU) on input line 232.
LaTeX Encoding Info:    Redeclaring text command \textquoteleft (encoding TU) on input line 233.
LaTeX Encoding Info:    Redeclaring text command \textquoteright (encoding TU) on input line 234.
LaTeX Encoding Info:    Redeclaring text command \quotesinglbase (encoding TU) on input line 235.
LaTeX Encoding Info:    Redeclaring text command \textquotedblleft (encoding TU) on input line 236.
LaTeX Encoding Info:    Redeclaring text command \textquotedblright (encoding TU) on input line 237.
LaTeX Encoding Info:    Redeclaring text command \quotedblbase (encoding TU) on input line 238.
LaTeX Encoding Info:    Redeclaring text command \textdagger (encoding TU) on input line 239.
LaTeX Encoding Info:    Redeclaring text command \textdaggerdbl (encoding TU) on input line 240.
LaTeX Encoding Info:    Redeclaring text command \textbullet (encoding TU) on input line 241.
LaTeX Encoding Info:    Redeclaring text command \textellipsis (encoding TU) on input line 242.
LaTeX Encoding Info:    Redeclaring text command \textperthousand (encoding TU) on input line 243.
LaTeX Encoding Info:    Redeclaring text command \textpertenthousand (encoding TU) on input line 244.
LaTeX Encoding Info:    Redeclaring text command \guilsinglleft (encoding TU) on input line 245.
LaTeX Encoding Info:    Redeclaring text command \guilsinglright (encoding TU) on input line 246.
LaTeX Encoding Info:    Redeclaring text command \textreferencemark (encoding TU) on input line 247.
LaTeX Encoding Info:    Redeclaring text command \textinterrobang (encoding TU) on input line 248.
LaTeX Encoding Info:    Redeclaring text command \textfractionsolidus (encoding TU) on input line 249.
LaTeX Encoding Info:    Redeclaring text command \textlquill (encoding TU) on input line 250.
LaTeX Encoding Info:    Redeclaring text command \textrquill (encoding TU) on input line 251.
LaTeX Encoding Info:    Redeclaring text command \textdiscount (encoding TU) on input line 252.
LaTeX Encoding Info:    Redeclaring text command \textcolonmonetary (encoding TU) on input line 253.
LaTeX Encoding Info:    Redeclaring text command \textlira (encoding TU) on input line 254.
LaTeX Encoding Info:    Redeclaring text command \textnaira (encoding TU) on input line 255.
LaTeX Encoding Info:    Redeclaring text command \textwon (encoding TU) on input line 256.
LaTeX Encoding Info:    Redeclaring text command \textdong (encoding TU) on input line 257.
LaTeX Encoding Info:    Redeclaring text command \texteuro (encoding TU) on input line 258.
LaTeX Encoding Info:    Redeclaring text command \textpeso (encoding TU) on input line 259.
LaTeX Encoding Info:    Redeclaring text command \textcelsius (encoding TU) on input line 260.
LaTeX Encoding Info:    Redeclaring text command \textnumero (encoding TU) on input line 261.
LaTeX Encoding Info:    Redeclaring text command \textcircledP (encoding TU) on input line 262.
LaTeX Encoding Info:    Redeclaring text command \textrecipe (encoding TU) on input line 263.
LaTeX Encoding Info:    Redeclaring text command \textservicemark (encoding TU) on input line 264.
LaTeX Encoding Info:    Redeclaring text command \texttrademark (encoding TU) on input line 265.
LaTeX Encoding Info:    Redeclaring text command \textohm (encoding TU) on input line 266.
LaTeX Encoding Info:    Redeclaring text command \textmho (encoding TU) on input line 267.
LaTeX Encoding Info:    Redeclaring text command \textestimated (encoding TU) on input line 268.
LaTeX Encoding Info:    Redeclaring text command \textleftarrow (encoding TU) on input line 269.
LaTeX Encoding Info:    Redeclaring text command \textuparrow (encoding TU) on input line 270.
LaTeX Encoding Info:    Redeclaring text command \textrightarrow (encoding TU) on input line 271.
LaTeX Encoding Info:    Redeclaring text command \textdownarrow (encoding TU) on input line 272.
LaTeX Encoding Info:    Redeclaring text command \textminus (encoding TU) on input line 273.
LaTeX Encoding Info:    Redeclaring text command \Hwithstroke (encoding TU) on input line 275.
LaTeX Encoding Info:    Redeclaring text command \hwithstroke (encoding TU) on input line 276.
LaTeX Encoding Info:    Redeclaring text command \textasteriskcentered (encoding TU) on input line 277.
LaTeX Encoding Info:    Redeclaring text command \textsurd (encoding TU) on input line 288.
LaTeX Encoding Info:    Redeclaring text command \textlangle (encoding TU) on input line 289.
LaTeX Encoding Info:    Redeclaring text command \textrangle (encoding TU) on input line 290.
LaTeX Encoding Info:    Redeclaring text command \textblank (encoding TU) on input line 291.
LaTeX Encoding Info:    Redeclaring text command \textvisiblespace (encoding TU) on input line 292.
LaTeX Encoding Info:    Redeclaring text command \textopenbullet (encoding TU) on input line 293.
LaTeX Encoding Info:    Redeclaring text command \textbigcircle (encoding TU) on input line 294.
LaTeX Encoding Info:    Redeclaring text command \textmusicalnote (encoding TU) on input line 295.
LaTeX Encoding Info:    Redeclaring text command \textmarried (encoding TU) on input line 296.
LaTeX Encoding Info:    Redeclaring text command \textdivorced (encoding TU) on input line 297.
LaTeX Encoding Info:    Redeclaring text command \textinterrobangdown (encoding TU) on input line 298.
LaTeX Encoding Info:    Redeclaring text command \` (encoding TU) on input line 299.
LaTeX Encoding Info:    Redeclaring text command \' (encoding TU) on input line 300.
LaTeX Encoding Info:    Redeclaring text command \^ (encoding TU) on input line 301.
LaTeX Encoding Info:    Redeclaring text command \~ (encoding TU) on input line 302.
LaTeX Encoding Info:    Redeclaring text command \= (encoding TU) on input line 303.
LaTeX Encoding Info:    Redeclaring text command \u (encoding TU) on input line 304.
LaTeX Encoding Info:    Redeclaring text command \. (encoding TU) on input line 305.
LaTeX Encoding Info:    Redeclaring text command \" (encoding TU) on input line 306.
LaTeX Encoding Info:    Redeclaring text command \r (encoding TU) on input line 307.
LaTeX Encoding Info:    Redeclaring text command \H (encoding TU) on input line 308.
LaTeX Encoding Info:    Redeclaring text command \v (encoding TU) on input line 309.
LaTeX Encoding Info:    Redeclaring text command \b (encoding TU) on input line 310.
LaTeX Encoding Info:    Redeclaring text command \d (encoding TU) on input line 311.
LaTeX Encoding Info:    Redeclaring text command \c (encoding TU) on input line 312.
LaTeX Encoding Info:    Redeclaring text command \k (encoding TU) on input line 313.
LaTeX Encoding Info:    Redeclaring text command \textcommabelow (encoding TU) on input line 314.
)
\Cht=\dimen153
\cht=\dimen154
\Cdp=\dimen155
\cdp=\dimen156
\Cwd=\dimen157
\cwd=\dimen158
\Cvs=\dimen159
\cvs=\dimen160
\Chs=\dimen161
\chs=\dimen162
\cHT=\dimen163
\dstrutbox=\box54
\tstrutbox=\box55
\zstrutbox=\box56
LaTeX Info: Redefining \strut on input line 71.
\ltj@@add@fenc@@inner=\luafunction61
\ltj@@add@kyenc@@inner=\luafunction62
\ltj@@add@ktenc@@inner=\luafunction63
\ltj@@is@kyenc@@inner=\luafunction64
\ltj@@is@ktenc@@inner=\luafunction65
\ltj@@is@kenc@@inner=\luafunction66
\ltj@@is@ffam@@inner=\luafunction67
\ltj@@add@ffam@@inner=\luafunction68
\ltj@@add@kfam@@inner=\luafunction69
\ltj@@adjust@baseline@inner=\luafunction70
LaTeX Info: Redefining \fontencoding on input line 573.
LaTeX Info: Redefining \fontfamily on input line 619.
LaTeX Info: Redefining \fontseries on input line 813.
LaTeX Info: Redefining \fontseriesforce on input line 814.
LaTeX Info: Redefining \fontshape on input line 822.
LaTeX Info: Redefining \fontshapeforce on input line 833.
\ltj@@jfont@@jfmonly@@inner=\luafunction71
\ltj@@does@alt@set@@inner=\luafunction72
\ltj@@cipath@clear@inner=\luafunction73
) (d:/texlive/2026/texmf-dist/tex/luatex/luatexja/patches/lltjdefs.sty
Package: lltjdefs 2024-05-16 Default font settings of LuaTeX-ja
luaotfload | db : Font names database loaded from D:/texlive/2026/texmf-var/luatex-cache/generic/names/luaotfload-names.luc.gz(load cache: extra_lmroman10-regular.luc)
LaTeX Font Info:    Font shape `JT3/mc/m/n' will be
(Font)              scaled to size 9.24713pt on input line 69.

(d:/texlive/2026/texmf-dist/tex/luatex/luatexja/jfm-ujisv.lua)
LaTeX Font Info:    Font shape `JY3/mc/m/n' will be
(Font)              scaled to size 9.24713pt on input line 69.
(load cache: extra_haranoajimincho-regular.luc)
(d:/texlive/2026/texmf-dist/tex/luatex/luatexja/jfm-ujis.lua)
\symmincho=\mathgroup4
LaTeX Font Info:    Overwriting symbol font `mincho' in version `bold'
(Font)                  JY3/mc/m/n --> JY3/gt/m/n on input line 78.
) (d:/texlive/2026/texmf-dist/tex/luatex/luatexja/patches/lltjcore.sty
Package: lltjcore 2026-04-20 Patch to LaTeX2e Kernel for LuaTeX-ja (for LaTeX2e >=2025-06-01)
 (d:/texlive/2026/texmf-dist/tex/latex/l3kernel/expl3.sty
Package: expl3 2026-03-20 L3 programming layer (loader) 
 (d:/texlive/2026/texmf-dist/tex/latex/l3backend/l3backend-luatex.def
File: l3backend-luatex.def 2026-02-18 L3 backend support: PDF output (LuaTeX)
\l__color_backend_stack_int=\count283
Inserting `l3color' in `luaotfload.parse_color'.))
\@tombowwidth=\dimen164
\@TL=\box57
\@Tl=\box58
\@TC=\box59
\@TR=\box60
\@Tr=\box61
\@BL=\box62
\@Bl=\box63
\@BC=\box64
\@BR=\box65
\@Br=\box66
\@CL=\box67
\@CR=\box68
(load cache: extra_lmmono9-regular.luc)
\@bannertoken=\toks27
\@@paperheight=\dimen165
\@@paperwidth=\dimen166
\@@topmargin=\dimen167
LaTeX Info: Redefining \underline on input line 302.
) (d:/texlive/2026/texmf-dist/tex/luatex/luatexja/patches/lltjp-atbegshi.sty
Package: lltjp-atbegshi 2024-05-14 Patching \shipout hooks for LuaTeX-ja
\l__platex_shipout_dummy_box=\box69
) (d:/texlive/2026/texmf-dist/tex/luatex/luatexja/patches/lltjp-geometry.sty
Package: lltjp-geometry 2024-05-16 Patch to geometry for LuaTeX-ja with vertical writing mode
 (d:/texlive/2026/texmf-dist/tex/generic/iftex/ifluatex.sty
Package: ifluatex 2019/10/25 v1.5 ifluatex legacy package. Use iftex instead.
)))
\ltj@temp@cctb=\catcodetable16
) (d:/texlive/2026/texmf-dist/tex/luatex/luatexja/luatexja-compat.sty
Package: luatexja-compat 2025-09-21 Compatibility with pTeX
(load cache: ltj-jisx0208.luc)
\hour=\count284
\minute=\count285
))
\jsc@mpt=\dimen168
\jsc@mmm=\dimen169
\ltjs@@magnify@font@calc=\luafunction74
\jsc@smallskipamount=\skip49
(load cache: extra_lmroman8-regular.luc)
LaTeX Font Info:    Font shape `JY3/mc/m/n' will be
(Font)              scaled to size 7.70596pt on input line 425.
LaTeX Font Info:    Font shape `JT3/mc/m/n' will be
(Font)              scaled to size 9.24713pt on input line 425.
LaTeX Font Info:    Font shape `JY3/mc/m/n' will be
(Font)              scaled to size 9.24713pt on input line 425.
\fullwidth=\dimen170
LaTeX Font Info:    Font shape `JT3/mc/m/n' will be
(Font)              scaled to size 7.3977pt on input line 574.
LaTeX Font Info:    Font shape `JY3/mc/m/n' will be
(Font)              scaled to size 7.3977pt on input line 574.
\c@part=\count286
\c@chapter=\count287
\c@section=\count288
\c@subsection=\count289
\c@subsubsection=\count290
\c@paragraph=\count291
\c@subparagraph=\count292
\c@figure=\count293
\c@table=\count294
\abovecaptionskip=\skip50
\belowcaptionskip=\skip51
LaTeX Info: Redefining \mc on input line 1285.
LaTeX Info: Redefining \gt on input line 1286.
\jsc@tocl@width=\dimen171
\@lnumwidth=\dimen172
\bibindent=\dimen173
 (d:/texlive/2026/texmf-dist/tex/platex/jsclasses/jslogo.sty
Package: jslogo 2019/07/25 okumura, texjporg
LaTeX Info: Redefining \TeX on input line 82.
LaTeX Info: Redefining \LaTeX on input line 135.
LaTeX Info: Redefining \LaTeXe on input line 188.
)
\heisei=\count295
) (d:/texlive/2026/texmf-dist/tex/latex/pgfplots/pgfplots.sty (d:/texlive/2026/texmf-dist/tex/generic/pgfplots/pgfplots.revision.tex)
Package: pgfplots 2025/08/14 v1.18.2 Data Visualization (1.18.2)
 (d:/texlive/2026/texmf-dist/tex/latex/graphics/graphicx.sty
Package: graphicx 2024/12/31 v1.2e Enhanced LaTeX Graphics (DPC,SPQR)
 (d:/texlive/2026/texmf-dist/tex/latex/graphics/graphics.sty
Package: graphics 2024/08/06 v1.4g Standard LaTeX Graphics (DPC,SPQR)
 (d:/texlive/2026/texmf-dist/tex/latex/graphics/trig.sty
Package: trig 2023/12/02 v1.11 sin cos tan (DPC)
) (d:/texlive/2026/texmf-dist/tex/latex/graphics-cfg/graphics.cfg
File: graphics.cfg 2016/06/04 v1.11 sample graphics configuration
)
Package graphics Info: Driver file: luatex.def on input line 106.
 (d:/texlive/2026/texmf-dist/tex/latex/graphics-def/luatex.def
File: luatex.def 2025/09/29 v1.2f Graphics/color driver for luatex
))
\Gin@req@height=\dimen174
\Gin@req@width=\dimen175
) (d:/texlive/2026/texmf-dist/tex/latex/pgf/frontendlayer/tikz.sty (d:/texlive/2026/texmf-dist/tex/latex/pgf/basiclayer/pgf.sty (d:/texlive/2026/texmf-dist/tex/latex/pgf/utilities/pgfrcs.sty (d:/texlive/2026/texmf-dist/tex/generic/pgf/utilities/pgfutil-common.tex
\pgfutil@everybye=\toks28
\pgfutil@tempdima=\dimen176
\pgfutil@tempdimb=\dimen177
) (d:/texlive/2026/texmf-dist/tex/generic/pgf/utilities/pgfutil-latex.def
\pgfutil@abb=\box70
) (d:/texlive/2026/texmf-dist/tex/generic/pgf/utilities/pgfrcs.code.tex (d:/texlive/2026/texmf-dist/tex/generic/pgf/pgf.revision.tex)
Package: pgfrcs 2025-08-29 v3.1.11a (3.1.11a)
))
Package: pgf 2025-08-29 v3.1.11a (3.1.11a)
 (d:/texlive/2026/texmf-dist/tex/latex/pgf/basiclayer/pgfcore.sty (d:/texlive/2026/texmf-dist/tex/latex/pgf/systemlayer/pgfsys.sty (d:/texlive/2026/texmf-dist/tex/generic/pgf/systemlayer/pgfsys.code.tex
Package: pgfsys 2025-08-29 v3.1.11a (3.1.11a)
 (d:/texlive/2026/texmf-dist/tex/generic/pgf/utilities/pgfkeys.code.tex
\pgfkeys@pathtoks=\toks29
\pgfkeys@temptoks=\toks30
 (d:/texlive/2026/texmf-dist/tex/generic/pgf/utilities/pgfkeyslibraryfiltered.code.tex
\pgfkeys@tmptoks=\toks31
))
\pgf@x=\dimen178
\pgf@y=\dimen179
\pgf@xa=\dimen180
\pgf@ya=\dimen181
\pgf@xb=\dimen182
\pgf@yb=\dimen183
\pgf@xc=\dimen184
\pgf@yc=\dimen185
\pgf@xd=\dimen186
\pgf@yd=\dimen187
\w@pgf@writea=\write3
\r@pgf@reada=\read2
\c@pgf@counta=\count296
\c@pgf@countb=\count297
\c@pgf@countc=\count298
\c@pgf@countd=\count299
\t@pgf@toka=\toks32
\t@pgf@tokb=\toks33
\t@pgf@tokc=\toks34
\pgf@sys@id@count=\count300
 (d:/texlive/2026/texmf-dist/tex/generic/pgf/systemlayer/pgf.cfg
File: pgf.cfg 2025-08-29 v3.1.11a (3.1.11a)
)
Driver file for pgf: pgfsys-luatex.def
 (d:/texlive/2026/texmf-dist/tex/generic/pgf/systemlayer/pgfsys-luatex.def
File: pgfsys-luatex.def 2025-08-29 v3.1.11a (3.1.11a)
 (d:/texlive/2026/texmf-dist/tex/generic/pgf/systemlayer/pgfsys-common-pdf.def
File: pgfsys-common-pdf.def 2025-08-29 v3.1.11a (3.1.11a)
))) (d:/texlive/2026/texmf-dist/tex/generic/pgf/systemlayer/pgfsyssoftpath.code.tex
File: pgfsyssoftpath.code.tex 2025-08-29 v3.1.11a (3.1.11a)
\pgfsyssoftpath@smallbuffer@items=\count301
\pgfsyssoftpath@bigbuffer@items=\count302
) (d:/texlive/2026/texmf-dist/tex/generic/pgf/systemlayer/pgfsysprotocol.code.tex
File: pgfsysprotocol.code.tex 2025-08-29 v3.1.11a (3.1.11a)
)) (d:/texlive/2026/texmf-dist/tex/latex/xcolor/xcolor.sty
Package: xcolor 2024/09/29 v3.02 LaTeX color extensions (UK)
 (d:/texlive/2026/texmf-dist/tex/latex/graphics-cfg/color.cfg
File: color.cfg 2016/01/02 v1.6 sample color configuration
)
Package xcolor Info: Driver file: luatex.def on input line 274.
 (d:/texlive/2026/texmf-dist/tex/latex/graphics/mathcolor.ltx)
Package xcolor Info: Model `cmy' substituted by `cmy0' on input line 1349.
Package xcolor Info: Model `hsb' substituted by `rgb' on input line 1353.
Package xcolor Info: Model `RGB' extended on input line 1365.
Package xcolor Info: Model `HTML' substituted by `rgb' on input line 1367.
Package xcolor Info: Model `Hsb' substituted by `hsb' on input line 1368.
Package xcolor Info: Model `tHsb' substituted by `hsb' on input line 1369.
Package xcolor Info: Model `HSB' substituted by `hsb' on input line 1370.
Package xcolor Info: Model `Gray' substituted by `gray' on input line 1371.
Package xcolor Info: Model `wave' substituted by `hsb' on input line 1372.
) (d:/texlive/2026/texmf-dist/tex/generic/pgf/basiclayer/pgfcore.code.tex
Package: pgfcore 2025-08-29 v3.1.11a (3.1.11a)
 (d:/texlive/2026/texmf-dist/tex/generic/pgf/math/pgfmath.code.tex (d:/texlive/2026/texmf-dist/tex/generic/pgf/math/pgfmathutil.code.tex) (d:/texlive/2026/texmf-dist/tex/generic/pgf/math/pgfmathparser.code.tex
\pgfmath@dimen=\dimen188
\pgfmath@count=\count303
\pgfmath@box=\box71
\pgfmath@toks=\toks35
\pgfmath@stack@operand=\toks36
\pgfmath@stack@operation=\toks37
) (d:/texlive/2026/texmf-dist/tex/generic/pgf/math/pgfmathfunctions.code.tex) (d:/texlive/2026/texmf-dist/tex/generic/pgf/math/pgfmathfunctions.basic.code.tex) (d:/texlive/2026/texmf-dist/tex/generic/pgf/math/pgfmathfunctions.trigonometric.code.tex) (d:/texlive/2026/texmf-dist/tex/generic/pgf/math/pgfmathfunctions.random.code.tex) (d:/texlive/2026/texmf-dist/tex/generic/pgf/math/pgfmathfunctions.comparison.code.tex) (d:/texlive/2026/texmf-dist/tex/generic/pgf/math/pgfmathfunctions.base.code.tex) (d:/texlive/2026/texmf-dist/tex/generic/pgf/math/pgfmathfunctions.round.code.tex) (d:/texlive/2026/texmf-dist/tex/generic/pgf/math/pgfmathfunctions.misc.code.tex) (d:/texlive/2026/texmf-dist/tex/generic/pgf/math/pgfmathfunctions.integerarithmetics.code.tex) (d:/texlive/2026/texmf-dist/tex/generic/pgf/math/pgfmathcalc.code.tex) (d:/texlive/2026/texmf-dist/tex/generic/pgf/math/pgfmathfloat.code.tex
\c@pgfmathroundto@lastzeros=\count304
)) (d:/texlive/2026/texmf-dist/tex/generic/pgf/math/pgfint.code.tex) (d:/texlive/2026/texmf-dist/tex/generic/pgf/basiclayer/pgfcorepoints.code.tex
File: pgfcorepoints.code.tex 2025-08-29 v3.1.11a (3.1.11a)
\pgf@picminx=\dimen189
\pgf@picmaxx=\dimen190
\pgf@picminy=\dimen191
\pgf@picmaxy=\dimen192
\pgf@pathminx=\dimen193
\pgf@pathmaxx=\dimen194
\pgf@pathminy=\dimen195
\pgf@pathmaxy=\dimen196
\pgf@xx=\dimen197
\pgf@xy=\dimen198
\pgf@yx=\dimen199
\pgf@yy=\dimen256
\pgf@zx=\dimen257
\pgf@zy=\dimen258
) (d:/texlive/2026/texmf-dist/tex/generic/pgf/basiclayer/pgfcorepathconstruct.code.tex
File: pgfcorepathconstruct.code.tex 2025-08-29 v3.1.11a (3.1.11a)
\pgf@path@lastx=\dimen259
\pgf@path@lasty=\dimen260
) (d:/texlive/2026/texmf-dist/tex/generic/pgf/basiclayer/pgfcorepathusage.code.tex
File: pgfcorepathusage.code.tex 2025-08-29 v3.1.11a (3.1.11a)
\pgf@shorten@end@additional=\dimen261
\pgf@shorten@start@additional=\dimen262
) (d:/texlive/2026/texmf-dist/tex/generic/pgf/basiclayer/pgfcorescopes.code.tex
File: pgfcorescopes.code.tex 2025-08-29 v3.1.11a (3.1.11a)
\pgfpic=\box72
\pgf@hbox=\box73
\pgf@layerbox@main=\box74
\pgf@picture@serial@count=\count305
) (d:/texlive/2026/texmf-dist/tex/generic/pgf/basiclayer/pgfcoregraphicstate.code.tex
File: pgfcoregraphicstate.code.tex 2025-08-29 v3.1.11a (3.1.11a)
\pgflinewidth=\dimen263
) (d:/texlive/2026/texmf-dist/tex/generic/pgf/basiclayer/pgfcoretransformations.code.tex
File: pgfcoretransformations.code.tex 2025-08-29 v3.1.11a (3.1.11a)
\pgf@pt@x=\dimen264
\pgf@pt@y=\dimen265
\pgf@pt@temp=\dimen266
) (d:/texlive/2026/texmf-dist/tex/generic/pgf/basiclayer/pgfcorequick.code.tex
File: pgfcorequick.code.tex 2025-08-29 v3.1.11a (3.1.11a)
) (d:/texlive/2026/texmf-dist/tex/generic/pgf/basiclayer/pgfcoreobjects.code.tex
File: pgfcoreobjects.code.tex 2025-08-29 v3.1.11a (3.1.11a)
) (d:/texlive/2026/texmf-dist/tex/generic/pgf/basiclayer/pgfcorepathprocessing.code.tex
File: pgfcorepathprocessing.code.tex 2025-08-29 v3.1.11a (3.1.11a)
) (d:/texlive/2026/texmf-dist/tex/generic/pgf/basiclayer/pgfcorearrows.code.tex
File: pgfcorearrows.code.tex 2025-08-29 v3.1.11a (3.1.11a)
\pgfarrowsep=\dimen267
) (d:/texlive/2026/texmf-dist/tex/generic/pgf/basiclayer/pgfcoreshade.code.tex
File: pgfcoreshade.code.tex 2025-08-29 v3.1.11a (3.1.11a)
\pgf@max=\dimen268
\pgf@sys@shading@range@num=\count306
\pgf@shadingcount=\count307
) (d:/texlive/2026/texmf-dist/tex/generic/pgf/basiclayer/pgfcoreimage.code.tex
File: pgfcoreimage.code.tex 2025-08-29 v3.1.11a (3.1.11a)
) (d:/texlive/2026/texmf-dist/tex/generic/pgf/basiclayer/pgfcoreexternal.code.tex
File: pgfcoreexternal.code.tex 2025-08-29 v3.1.11a (3.1.11a)
\pgfexternal@startupbox=\box75
) (d:/texlive/2026/texmf-dist/tex/generic/pgf/basiclayer/pgfcorelayers.code.tex
File: pgfcorelayers.code.tex 2025-08-29 v3.1.11a (3.1.11a)
) (d:/texlive/2026/texmf-dist/tex/generic/pgf/basiclayer/pgfcoretransparency.code.tex
File: pgfcoretransparency.code.tex 2025-08-29 v3.1.11a (3.1.11a)
) (d:/texlive/2026/texmf-dist/tex/generic/pgf/basiclayer/pgfcorepatterns.code.tex
File: pgfcorepatterns.code.tex 2025-08-29 v3.1.11a (3.1.11a)
) (d:/texlive/2026/texmf-dist/tex/generic/pgf/basiclayer/pgfcorerdf.code.tex
File: pgfcorerdf.code.tex 2025-08-29 v3.1.11a (3.1.11a)
))) (d:/texlive/2026/texmf-dist/tex/generic/pgf/modules/pgfmoduleshapes.code.tex
File: pgfmoduleshapes.code.tex 2025-08-29 v3.1.11a (3.1.11a)
\pgfnodeparttextbox=\box76
) (d:/texlive/2026/texmf-dist/tex/generic/pgf/modules/pgfmoduleplot.code.tex
File: pgfmoduleplot.code.tex 2025-08-29 v3.1.11a (3.1.11a)
) (d:/texlive/2026/texmf-dist/tex/latex/pgf/compatibility/pgfcomp-version-0-65.sty
Package: pgfcomp-version-0-65 2025-08-29 v3.1.11a (3.1.11a)
\pgf@nodesepstart=\dimen269
\pgf@nodesepend=\dimen270
) (d:/texlive/2026/texmf-dist/tex/latex/pgf/compatibility/pgfcomp-version-1-18.sty
Package: pgfcomp-version-1-18 2025-08-29 v3.1.11a (3.1.11a)
)) (d:/texlive/2026/texmf-dist/tex/latex/pgf/utilities/pgffor.sty (d:/texlive/2026/texmf-dist/tex/latex/pgf/utilities/pgfkeys.sty (d:/texlive/2026/texmf-dist/tex/generic/pgf/utilities/pgfkeys.code.tex)) (d:/texlive/2026/texmf-dist/tex/latex/pgf/math/pgfmath.sty (d:/texlive/2026/texmf-dist/tex/generic/pgf/math/pgfmath.code.tex)) (d:/texlive/2026/texmf-dist/tex/generic/pgf/utilities/pgffor.code.tex
Package: pgffor 2025-08-29 v3.1.11a (3.1.11a)
\pgffor@iter=\dimen271
\pgffor@skip=\dimen272
\pgffor@stack=\toks38
\pgffor@toks=\toks39
)) (d:/texlive/2026/texmf-dist/tex/generic/pgf/frontendlayer/tikz/tikz.code.tex
Package: tikz 2025-08-29 v3.1.11a (3.1.11a)
 (d:/texlive/2026/texmf-dist/tex/generic/pgf/libraries/pgflibraryplothandlers.code.tex
File: pgflibraryplothandlers.code.tex 2025-08-29 v3.1.11a (3.1.11a)
\pgf@plot@mark@count=\count308
\pgfplotmarksize=\dimen273
)
\tikz@lastx=\dimen274
\tikz@lasty=\dimen275
\tikz@lastxsaved=\dimen276
\tikz@lastysaved=\dimen277
\tikz@lastmovetox=\dimen278
\tikz@lastmovetoy=\dimen279
\tikzleveldistance=\dimen280
\tikzsiblingdistance=\dimen281
\tikz@figbox=\box77
\tikz@figbox@bg=\box78
\tikz@tempbox=\box79
\tikz@tempbox@bg=\box80
\tikztreelevel=\count309
\tikznumberofchildren=\count310
\tikznumberofcurrentchild=\count311
\tikz@fig@count=\count312
 (d:/texlive/2026/texmf-dist/tex/generic/pgf/modules/pgfmodulematrix.code.tex
File: pgfmodulematrix.code.tex 2025-08-29 v3.1.11a (3.1.11a)
\pgfmatrixcurrentrow=\count313
\pgfmatrixcurrentcolumn=\count314
\pgf@matrix@numberofcolumns=\count315
)
\tikz@expandcount=\count316
 (d:/texlive/2026/texmf-dist/tex/generic/pgf/frontendlayer/tikz/libraries/tikzlibrarytopaths.code.tex
File: tikzlibrarytopaths.code.tex 2025-08-29 v3.1.11a (3.1.11a)
))) (d:/texlive/2026/texmf-dist/tex/generic/pgfplots/pgfplots.code.tex (d:/texlive/2026/texmf-dist/tex/generic/pgfplots/pgfplotscore.code.tex
Package pgfplots info on input line 124: Initializing with LUA version Lua 5.3
\pgfplots@luabackend@table=\catcodetable17
\t@pgfplots@toka=\toks40
\t@pgfplots@tokb=\toks41
\t@pgfplots@tokc=\toks42
\pgfplots@tmpa=\dimen282
\c@pgfplots@coordindex=\count317
\c@pgfplots@scanlineindex=\count318
 (d:/texlive/2026/texmf-dist/tex/generic/pgfplots/sys/pgfplotssysgeneric.code.tex)) (d:/texlive/2026/texmf-dist/tex/generic/pgfplots/libs/pgfplotslibrary.code.tex) (d:/texlive/2026/texmf-dist/tex/generic/pgfplots/oldpgfcompatib/pgfplotsoldpgfsupp_loader.code.tex (d:/texlive/2026/texmf-dist/tex/generic/pgf/libraries/pgflibraryfpu.code.tex) (d:/texlive/2026/texmf-dist/tex/generic/pgfplots/oldpgfcompatib/pgfplotsoldpgfsupp_pgfutil-common-lists.tex) (d:/texlive/2026/texmf-dist/tex/generic/pgf/libraries/luamath/pgflibraryluamath.code.tex)
Package pgfplots info on input line 292: luamath library shipped with pgf 3.1.11a is up-to-date
) (d:/texlive/2026/texmf-dist/tex/generic/pgfplots/util/pgfplotsutil.code.tex
Package pgfplots info on input line 82: Found new luatex: initializing lua commands instead of write18 (shell-escape)
 (d:/texlive/2026/texmf-dist/tex/generic/pgfplots/liststructure/pgfplotsliststructure.code.tex) (d:/texlive/2026/texmf-dist/tex/generic/pgfplots/liststructure/pgfplotsliststructureext.code.tex) (d:/texlive/2026/texmf-dist/tex/generic/pgfplots/liststructure/pgfplotsarray.code.tex
\c@pgfplotsarray@tmp=\count319
) (d:/texlive/2026/texmf-dist/tex/generic/pgfplots/liststructure/pgfplotsmatrix.code.tex) (d:/texlive/2026/texmf-dist/tex/generic/pgfplots/numtable/pgfplotstableshared.code.tex
\c@pgfplotstable@counta=\count320
\t@pgfplotstable@a=\toks43
) (d:/texlive/2026/texmf-dist/tex/generic/pgfplots/liststructure/pgfplotsdeque.code.tex) (d:/texlive/2026/texmf-dist/tex/generic/pgfplots/util/pgfplotsbinary.code.tex (d:/texlive/2026/texmf-dist/tex/generic/pgfplots/util/pgfplotsbinary.data.code.tex)) (d:/texlive/2026/texmf-dist/tex/generic/pgfplots/util/pgfplotsutil.verb.code.tex) (d:/texlive/2026/texmf-dist/tex/generic/pgfplots/libs/pgflibrarypgfplots.surfshading.code.tex
\c@pgfplotslibrarysurf@no=\count321
 (d:/texlive/2026/texmf-dist/tex/generic/pgfplots/sys/pgflibrarypgfplots.surfshading.pgfsys-luatex.def))) (d:/texlive/2026/texmf-dist/tex/generic/pgfplots/util/pgfplotscolormap.code.tex (d:/texlive/2026/texmf-dist/tex/generic/pgfplots/util/pgfplotscolor.code.tex)) (d:/texlive/2026/texmf-dist/tex/generic/pgfplots/pgfplotsstackedplots.code.tex) (d:/texlive/2026/texmf-dist/tex/generic/pgfplots/pgfplotsplothandlers.code.tex (d:/texlive/2026/texmf-dist/tex/generic/pgfplots/pgfplotsmeshplothandler.code.tex (d:/texlive/2026/texmf-dist/tex/generic/pgfplots/pgfplotsmeshplotimage.code.tex))) (d:/texlive/2026/texmf-dist/tex/generic/pgfplots/pgfplots.scaling.code.tex) (d:/texlive/2026/texmf-dist/tex/generic/pgfplots/pgfplotscoordprocessing.code.tex) (d:/texlive/2026/texmf-dist/tex/generic/pgfplots/pgfplots.errorbars.code.tex) (d:/texlive/2026/texmf-dist/tex/generic/pgfplots/pgfplots.markers.code.tex) (d:/texlive/2026/texmf-dist/tex/generic/pgfplots/pgfplotsticks.code.tex) (d:/texlive/2026/texmf-dist/tex/generic/pgfplots/pgfplots.paths.code.tex) (d:/texlive/2026/texmf-dist/tex/generic/pgf/frontendlayer/tikz/libraries/tikzlibrarydecorations.code.tex (d:/texlive/2026/texmf-dist/tex/generic/pgf/modules/pgfmoduledecorations.code.tex
\pgfdecoratedcompleteddistance=\dimen283
\pgfdecoratedremainingdistance=\dimen284
\pgfdecoratedinputsegmentcompleteddistance=\dimen285
\pgfdecoratedinputsegmentremainingdistance=\dimen286
\pgf@decorate@distancetomove=\dimen287
\pgf@decorate@repeatstate=\count322
\pgfdecorationsegmentamplitude=\dimen288
\pgfdecorationsegmentlength=\dimen289
)
\tikz@lib@dec@box=\box81
) (d:/texlive/2026/texmf-dist/tex/generic/pgf/frontendlayer/tikz/libraries/tikzlibrarydecorations.pathmorphing.code.tex (d:/texlive/2026/texmf-dist/tex/generic/pgf/libraries/decorations/pgflibrarydecorations.pathmorphing.code.tex)) (d:/texlive/2026/texmf-dist/tex/generic/pgf/frontendlayer/tikz/libraries/tikzlibrarydecorations.pathreplacing.code.tex (d:/texlive/2026/texmf-dist/tex/generic/pgf/libraries/decorations/pgflibrarydecorations.pathreplacing.code.tex)) (d:/texlive/2026/texmf-dist/tex/generic/pgfplots/libs/tikzlibrarypgfplots.contourlua.code.tex)
\pgfplots@numplots=\count323
\pgfplots@xmin@reg=\dimen290
\pgfplots@xmax@reg=\dimen291
\pgfplots@ymin@reg=\dimen292
\pgfplots@ymax@reg=\dimen293
\pgfplots@zmin@reg=\dimen294
\pgfplots@zmax@reg=\dimen295
) (d:/texlive/2026/texmf-dist/tex/generic/pgf/frontendlayer/tikz/libraries/tikzlibraryplotmarks.code.tex
File: tikzlibraryplotmarks.code.tex 2025-08-29 v3.1.11a (3.1.11a)
 (d:/texlive/2026/texmf-dist/tex/generic/pgf/libraries/pgflibraryplotmarks.code.tex
File: pgflibraryplotmarks.code.tex 2025-08-29 v3.1.11a (3.1.11a)
))) (d:/texlive/2026/texmf-dist/tex/latex/koma-script/scrtime.sty
Package: scrtime 2026/02/02 v3.49.2 KOMA-Script package (time of LaTeX run)
 (d:/texlive/2026/texmf-dist/tex/latex/koma-script/scrkbase.sty
Package: scrkbase 2026/02/02 v3.49.2 KOMA-Script package (KOMA-Script-dependent basics and keyval usage)
 (d:/texlive/2026/texmf-dist/tex/latex/koma-script/scrbase.sty
Package: scrbase 2026/02/02 v3.49.2 KOMA-Script package (KOMA-Script-independent basics and keyval usage)

(d:/texlive/2026/texmf-dist/tex/latex/koma-script/scrlfile.sty
Package: scrlfile 2026/02/02 v3.49.2 KOMA-Script package (file load hooks)
 (d:/texlive/2026/texmf-dist/tex/latex/koma-script/scrlfile-hook.sty
Package: scrlfile-hook 2026/02/02 v3.49.2 KOMA-Script package (using LaTeX hooks)
 (d:/texlive/2026/texmf-dist/tex/latex/koma-script/scrlogo.sty
Package: scrlogo 2026/02/02 v3.49.2 KOMA-Script package (logo)
)))
Applying: [2021/05/01] Usage of raw or classic option list on input line 254.
Already applied: [0000/00/00] Usage of raw or classic option list on input line 370.
))) (d:/texlive/2026/texmf-dist/tex/luatex/luatexja/addons/luatexja-fontspec.sty
Package: luatexja-fontspec 2025-09-30 fontspec support of LuaTeX-ja
 (d:/texlive/2026/texmf-dist/tex/latex/l3packages/l3keys2e/l3keys2e.sty
Package: l3keys2e 2025-10-09 LaTeX2e option processing using LaTeX3 keys
) (d:/texlive/2026/texmf-dist/tex/latex/fontspec/fontspec.sty (d:/texlive/2026/texmf-dist/tex/latex/l3packages/xparse/xparse.sty
Package: xparse 2025-10-09 L3 Experimental document command parser
)
Package: fontspec 2025/09/29 v2.9g Font selection for XeLaTeX and LuaLaTeX
Lua module: fontspec 2025/09/29 v2.9g Font selection for XeLaTeX and LuaLaTeX (d:/texlive/2026/texmf-dist/tex/latex/fontspec/fontspec-luatex.sty
Package: fontspec-luatex 2025/09/29 v2.9g Font selection for XeLaTeX and LuaLaTeX
\l__fontspec_script_int=\count324
\l__fontspec_language_int=\count325
\l__fontspec_strnum_int=\count326
\l__fontspec_tmp_int=\count327
\l__fontspec_tmpa_int=\count328
\l__fontspec_tmpb_int=\count329
\l__fontspec_tmpc_int=\count330
\l__fontspec_em_int=\count331
\l__fontspec_emdef_int=\count332
\l__fontspec_strong_int=\count333
\l__fontspec_strongdef_int=\count334
\l__fontspec_tmpa_dim=\dimen296
\l__fontspec_tmpb_dim=\dimen297
\l__fontspec_tmpc_dim=\dimen298
 (d:/texlive/2026/texmf-dist/tex/latex/base/fontenc.sty
Package: fontenc 2025/07/18 v2.1d Standard LaTeX package
) (d:/texlive/2026/texmf-dist/tex/latex/fontspec/fontspec.cfg)(load cache: extra_lmroman10-bold.luc)
LaTeX Font Info:    Font shape `JT3/mc/b/n' in size <10> not available
(Font)              Font shape `JT3/gt/m/n' tried instead on input line 3974.
LaTeX Font Info:    Font shape `JT3/gt/m/n' will be
(Font)              scaled to size 7.70596pt on input line 3974.
LaTeX Font Info:    Font shape `JY3/mc/b/n' in size <10> not available
(Font)              Font shape `JY3/gt/m/n' tried instead on input line 3974.
LaTeX Font Info:    Font shape `JY3/gt/m/n' will be
(Font)              scaled to size 7.70596pt on input line 3974.
(load cache: extra_haranoajigothic-medium.luc))) (d:/texlive/2026/texmf-dist/tex/luatex/luatexja/patches/lltjp-fontspec.sty) (d:/texlive/2026/texmf-dist/tex/luatex/luatexja/addons/luatexja-fontspec-29e.sty
Package: luatexja-fontspec-29e 2025-11-01 fontspec support of LuaTeX-ja
\g__ltj_fontspec_altnumber_int=\count335
))
luaotfload | cache : Lookup cache loaded from D:/texlive/2026/texmf-var/luatex-cache/generic/names/luaotfload-lookup-cache.luc.(load cache: extra_ipaexmincho.luc)

Package fontspec Info: 
(fontspec)             IPAexMincho scale = 0.924715.

(load cache: extra_ipaexgothic.luc)

Package fontspec Info: 
(fontspec)             Could not resolve font "IPAexGothic/I" (it probably
(fontspec)             doesn't exist).


Package fontspec Info: 
(fontspec)             Could not resolve font "IPAexMincho/BI" (it probably
(fontspec)             doesn't exist).


Package fontspec Info: 
(fontspec)             Could not resolve font "IPAexMincho/I" (it probably
(fontspec)             doesn't exist).


Package fontspec Info: 
(fontspec)             IPAexMincho scale = 0.924715.


Package fontspec Info: 
(fontspec)             IPAexMincho scale = 0.924715.


Package fontspec Info: 
(fontspec)             IPAexGothic scale = 0.924715.


Package fontspec Info: 
(fontspec)             IPAexGothic scale = 0.924715.


Package fontspec Info: 
(fontspec)             Font family 'IPAexMincho(0)' created for font
(fontspec)             'IPAexMincho' with options
(fontspec)             [YokoFeatures={JFM=ujis},TateFeatures={JFM=ujisv},Scale=0.924715,Kerning=Off,Script=CJK,BoldFont=IPAexGothic].
(fontspec)              
(fontspec)              This font family consists of the following NFSS
(fontspec)             series/shapes:
(fontspec)              

LaTeX Font Info:    Redeclaring symbol font `mincho' on input line 14.
LaTeX Font Info:    Overwriting symbol font `mincho' in version `normal'
(Font)                  JY3/mc/m/n --> JY3/IPAexMincho(0)/m/n on input line 14.
LaTeX Font Info:    Overwriting symbol font `mincho' in version `bold'
(Font)                  JY3/gt/m/n --> JY3/IPAexMincho(0)/m/n on input line 14.
LaTeX Font Info:    Overwriting symbol font `mincho' in version `bold'
(Font)                  JY3/IPAexMincho(0)/m/n --> JY3/IPAexMincho(0)/b/n on input line 14.
LaTeX Font Info:    Font shape `JT3/IPAexMincho(0)/m/n' will be
(Font)              scaled to size 9.24713pt on input line 14.
LaTeX Font Info:    Font shape `JY3/IPAexMincho(0)/m/n' will be
(Font)              scaled to size 9.24713pt on input line 14.

Package fontspec Info: 
(fontspec)             IPAexGothic scale = 0.924715.


Package fontspec Info: 
(fontspec)             Could not resolve font "IPAexGothic/BI" (it probably
(fontspec)             doesn't exist).


Package fontspec Info: 
(fontspec)             Could not resolve font "IPAexGothic/B" (it probably
(fontspec)             doesn't exist).


Package fontspec Info: 
(fontspec)             Could not resolve font "IPAexGothic/I" (it probably
(fontspec)             doesn't exist).


Package fontspec Info: 
(fontspec)             IPAexGothic scale = 0.924715.


Package fontspec Info: 
(fontspec)             IPAexGothic scale = 0.924715.


Package fontspec Info: 
(fontspec)             Font family 'IPAexGothic(0)' created for font
(fontspec)             'IPAexGothic' with options
(fontspec)             [YokoFeatures={JFM=ujis},TateFeatures={JFM=ujisv},Scale=0.924715,Kerning=Off,Script=CJK].
(fontspec)              
(fontspec)              This font family consists of the following NFSS
(fontspec)             series/shapes:
(fontspec)              

LaTeX Font Info:    Redeclaring math alphabet \mathgt on input line 15.
LaTeX Font Info:    Overwriting math alphabet `\mathgt' in version `normal'
(Font)                  JY3/gt/m/n --> JY3/IPAexGothic(0)/m/n on input line 15.
LaTeX Font Info:    Overwriting math alphabet `\mathgt' in version `bold'
(Font)                  JY3/gt/m/n --> JY3/IPAexGothic(0)/m/n on input line 15.
 (d:/texlive/2026/texmf-dist/tex/latex/geometry/geometry.sty
Package: geometry 2026/03/07 v6.0 Page Geometry
 (d:/texlive/2026/texmf-dist/tex/generic/iftex/ifvtex.sty
Package: ifvtex 2019/10/25 v1.7 ifvtex legacy package. Use iftex instead.
)
\Gm@cnth=\count336
\Gm@cntv=\count337
\c@Gm@tempcnt=\count338
\Gm@bindingoffset=\dimen299
\Gm@wd@mp=\dimen300
\Gm@odd@mp=\dimen301
\Gm@even@mp=\dimen302
\Gm@layoutwidth=\dimen303
\Gm@layoutheight=\dimen304
\Gm@layouthoffset=\dimen305
\Gm@layoutvoffset=\dimen306
\Gm@dimlist=\toks44
) (d:/texlive/2026/texmf-dist/tex/latex/here/here.sty) (d:/texlive/2026/texmf-dist/tex/latex/float/float.sty
Package: float 2001/11/08 v1.3d Float enhancements (AL)
\c@float@type=\count339
\float@exts=\toks45
\float@box=\box82
\@float@everytoks=\toks46
\@floatcapt=\box83
) (d:/texlive/2026/texmf-dist/tex/latex/amsmath/amsmath.sty
Package: amsmath 2025/07/09 v2.17z AMS math features
\@mathmargin=\skip52

For additional information on amsmath, use the `?' option.
(d:/texlive/2026/texmf-dist/tex/latex/amsmath/amstext.sty
Package: amstext 2024/11/17 v2.01 AMS text
 (d:/texlive/2026/texmf-dist/tex/latex/amsmath/amsgen.sty
File: amsgen.sty 1999/11/30 v2.0 generic functions
\@emptytoks=\toks47
\ex@=\dimen307
)) (d:/texlive/2026/texmf-dist/tex/latex/amsmath/amsbsy.sty
Package: amsbsy 1999/11/29 v1.2d Bold Symbols
\pmbraise@=\dimen308
) (d:/texlive/2026/texmf-dist/tex/latex/amsmath/amsopn.sty
Package: amsopn 2022/04/08 v2.04 operator names
)
\inf@bad=\count340
LaTeX Info: Redefining \frac on input line 235.
\uproot@=\count341
\leftroot@=\count342
LaTeX Info: Redefining \overline on input line 398.
LaTeX Info: Redefining \colon on input line 409.
\classnum@=\count343
\DOTSCASE@=\count344
LaTeX Info: Redefining \ldots on input line 495.
LaTeX Info: Redefining \dots on input line 498.
LaTeX Info: Redefining \cdots on input line 619.
\Mathstrutbox@=\box84
\strutbox@=\box85
LaTeX Info: Redefining \big on input line 721.
LaTeX Info: Redefining \Big on input line 722.
LaTeX Info: Redefining \bigg on input line 723.
LaTeX Info: Redefining \Bigg on input line 724.
\big@size=\dimen309
LaTeX Font Info:    Redeclaring font encoding OML on input line 742.
LaTeX Font Info:    Redeclaring font encoding OMS on input line 743.
\macc@depth=\count345
LaTeX Info: Redefining \bmod on input line 904.
LaTeX Info: Redefining \pmod on input line 909.
LaTeX Info: Redefining \smash on input line 939.
LaTeX Info: Redefining \relbar on input line 969.
LaTeX Info: Redefining \Relbar on input line 970.
\c@MaxMatrixCols=\count346
\dotsspace@=\muskip17
\c@parentequation=\count347
\dspbrk@lvl=\count348
\tag@help=\toks48
\row@=\count349
\column@=\count350
\maxfields@=\count351
\andhelp@=\toks49
\eqnshift@=\dimen310
\alignsep@=\dimen311
\tagshift@=\dimen312
\tagwidth@=\dimen313
\totwidth@=\dimen314
\lineht@=\dimen315
\@envbody=\toks50
\multlinegap=\skip53
\multlinetaggap=\skip54
\mathdisplay@stack=\toks51
LaTeX Info: Redefining \[ on input line 2950.
LaTeX Info: Redefining \] on input line 2951.
) (d:/texlive/2026/texmf-dist/tex/latex/amsfonts/amssymb.sty
Package: amssymb 2013/01/14 v3.01 AMS font symbols
 (d:/texlive/2026/texmf-dist/tex/latex/amsfonts/amsfonts.sty
Package: amsfonts 2013/01/14 v3.01 Basic AMSFonts support
\symAMSa=\mathgroup5
\symAMSb=\mathgroup6
LaTeX Font Info:    Redeclaring math symbol \hbar on input line 98.
LaTeX Font Info:    Overwriting math alphabet `\mathfrak' in version `bold'
(Font)                  U/euf/m/n --> U/euf/b/n on input line 106.
)) (d:/texlive/2026/texmf-dist/tex/latex/booktabs/booktabs.sty
Package: booktabs 2020/01/12 v1.61803398 Publication quality tables
\heavyrulewidth=\dimen316
\lightrulewidth=\dimen317
\cmidrulewidth=\dimen318
\belowrulesep=\dimen319
\belowbottomsep=\dimen320
\aboverulesep=\dimen321
\abovetopsep=\dimen322
\cmidrulesep=\dimen323
\cmidrulekern=\dimen324
\defaultaddspace=\dimen325
\@cmidla=\count352
\@cmidlb=\count353
\@aboverulesep=\dimen326
\@belowrulesep=\dimen327
\@thisruleclass=\count354
\@lastruleclass=\count355
\@thisrulewidth=\dimen328
) (d:/texlive/2026/texmf-dist/tex/latex/tools/longtable.sty
Package: longtable 2025-10-13 v4.24 Multi-page Table package (DPC)
\LTleft=\skip55
\LTright=\skip56
\LTpre=\skip57
\LTpost=\skip58
\LTchunksize=\count356
\LTcapwidth=\dimen329
\LT@head=\box86
\LT@firsthead=\box87
\LT@foot=\box88
\LT@lastfoot=\box89
\LT@gbox=\box90
\LT@cols=\count357
\LT@rows=\count358
\c@LT@tables=\count359
\c@LT@chunks=\count360
\LT@p@ftn=\toks52
) (d:/texlive/2026/texmf-dist/tex/latex/multirow/multirow.sty
Package: multirow 2024/11/12 v2.9 Span multiple rows of a table
\multirow@colwidth=\skip59
\multirow@cntb=\count361
\multirow@dima=\skip60
\bigstrutjot=\dimen330
) (d:/texlive/2026/texmf-dist/tex/latex/tools/tabularx.sty
Package: tabularx 2023/12/11 v2.12a `tabularx' package (DPC)
 (d:/texlive/2026/texmf-dist/tex/latex/tools/array.sty
Package: array 2025/09/25 v2.6n Tabular extension package (FMi)
\col@sep=\dimen331
\ar@mcellbox=\box91
\extrarowheight=\dimen332
\NC@list=\toks53
\extratabsurround=\skip61
\backup@length=\skip62
\ar@cellbox=\box92
)
\TX@col@width=\dimen333
\TX@old@table=\dimen334
\TX@old@col=\dimen335
\TX@target=\dimen336
\TX@delta=\dimen337
\TX@cols=\count362
\TX@ftn=\toks54
) (d:/texlive/2026/texmf-dist/tex/latex/setspace/setspace.sty
Package: setspace 2022/12/04 v6.7b set line spacing
) (d:/texlive/2026/texmf-dist/tex/latex/xtab/xtab.sty
Package: xtab 2011/07/31 v2.3f Extended supertabular package
\c@tracingst=\count363
\PWSTcapht=\dimen338
\ST@wd=\dimen339
\ST@rightskip=\skip63
\ST@leftskip=\skip64
\ST@parfillskip=\skip65
\c@PWSTtable=\count364
\PWSTlastpage=\count365
\PWSTpenultimate=\count366
\PWSTcurpage=\count367
\PWSTtempc=\count368
\PWSTlines=\count369
\PWST@lastht=\dimen340
\PWST@generalht=\dimen341
\PWST@ht=\dimen342
\ST@pageleft=\dimen343
\ST@headht=\dimen344
\ST@tailht=\dimen345
\ST@pagesofar=\dimen346
\ST@pboxht=\dimen347
\ST@lineht=\dimen348
\ST@stretchht=\dimen349
\ST@prevht=\dimen350
\ST@toadd=\dimen351
\ST@dimen=\dimen352
\ST@pbox=\box93
) (d:/texlive/2026/texmf-dist/tex/generic/pgf/libraries/pgflibraryarrows.meta.code.tex
File: pgflibraryarrows.meta.code.tex 2025-08-29 v3.1.11a (3.1.11a)
\pgfarrowinset=\dimen353
\pgfarrowlength=\dimen354
\pgfarrowwidth=\dimen355
\pgfarrowlinewidth=\dimen356
) (d:/texlive/2026/texmf-dist/tex/generic/pgf/frontendlayer/tikz/libraries/tikzlibrarypositioning.code.tex
File: tikzlibrarypositioning.code.tex 2025-08-29 v3.1.11a (3.1.11a)
) (d:/texlive/2026/texmf-dist/tex/generic/pgf/frontendlayer/tikz/libraries/tikzlibraryshapes.code.tex
File: tikzlibraryshapes.code.tex 2025-08-29 v3.1.11a (3.1.11a)
 (d:/texlive/2026/texmf-dist/tex/generic/pgf/frontendlayer/tikz/libraries/tikzlibraryshapes.geometric.code.tex
File: tikzlibraryshapes.geometric.code.tex 2025-08-29 v3.1.11a (3.1.11a)
 (d:/texlive/2026/texmf-dist/tex/generic/pgf/libraries/shapes/pgflibraryshapes.geometric.code.tex
File: pgflibraryshapes.geometric.code.tex 2025-08-29 v3.1.11a (3.1.11a)
)) (d:/texlive/2026/texmf-dist/tex/generic/pgf/frontendlayer/tikz/libraries/tikzlibraryshapes.misc.code.tex
File: tikzlibraryshapes.misc.code.tex 2025-08-29 v3.1.11a (3.1.11a)
 (d:/texlive/2026/texmf-dist/tex/generic/pgf/libraries/shapes/pgflibraryshapes.misc.code.tex
File: pgflibraryshapes.misc.code.tex 2025-08-29 v3.1.11a (3.1.11a)
)) (d:/texlive/2026/texmf-dist/tex/generic/pgf/frontendlayer/tikz/libraries/tikzlibraryshapes.symbols.code.tex
File: tikzlibraryshapes.symbols.code.tex 2025-08-29 v3.1.11a (3.1.11a)
 (d:/texlive/2026/texmf-dist/tex/generic/pgf/libraries/shapes/pgflibraryshapes.symbols.code.tex
File: pgflibraryshapes.symbols.code.tex 2025-08-29 v3.1.11a (3.1.11a)
)) (d:/texlive/2026/texmf-dist/tex/generic/pgf/frontendlayer/tikz/libraries/tikzlibraryshapes.arrows.code.tex
File: tikzlibraryshapes.arrows.code.tex 2025-08-29 v3.1.11a (3.1.11a)
 (d:/texlive/2026/texmf-dist/tex/generic/pgf/libraries/shapes/pgflibraryshapes.arrows.code.tex
File: pgflibraryshapes.arrows.code.tex 2025-08-29 v3.1.11a (3.1.11a)
)) (d:/texlive/2026/texmf-dist/tex/generic/pgf/frontendlayer/tikz/libraries/tikzlibraryshapes.callouts.code.tex (d:/texlive/2026/texmf-dist/tex/generic/pgf/libraries/shapes/pgflibraryshapes.callouts.code.tex)) (d:/texlive/2026/texmf-dist/tex/generic/pgf/frontendlayer/tikz/libraries/tikzlibraryshapes.multipart.code.tex
File: tikzlibraryshapes.multipart.code.tex 2025-08-29 v3.1.11a (3.1.11a)
 (d:/texlive/2026/texmf-dist/tex/generic/pgf/libraries/shapes/pgflibraryshapes.multipart.code.tex
File: pgflibraryshapes.multipart.code.tex 2025-08-29 v3.1.11a (3.1.11a)
\pgfnodepartlowerbox=\box94
\pgfnodeparttwobox=\box95
\pgfnodepartthreebox=\box96
\pgfnodepartfourbox=\box97
\pgfnodeparttwentybox=\box98
\pgfnodepartnineteenbox=\box99
\pgfnodeparteighteenbox=\box100
\pgfnodepartseventeenbox=\box101
\pgfnodepartsixteenbox=\box102
\pgfnodepartfifteenbox=\box103
\pgfnodepartfourteenbox=\box104
\pgfnodepartthirteenbox=\box105
\pgfnodeparttwelvebox=\box106
\pgfnodepartelevenbox=\box107
\pgfnodeparttenbox=\box108
\pgfnodepartninebox=\box109
\pgfnodeparteightbox=\box110
\pgfnodepartsevenbox=\box111
\pgfnodepartsixbox=\box112
\pgfnodepartfivebox=\box113
))) (d:/texlive/2026/texmf-dist/tex/generic/pgf/frontendlayer/tikz/libraries/tikzlibrarycalc.code.tex
File: tikzlibrarycalc.code.tex 2025-08-29 v3.1.11a (3.1.11a)
) (d:/texlive/2026/texmf-dist/tex/generic/pgf/frontendlayer/tikz/libraries/tikzlibraryfit.code.tex
File: tikzlibraryfit.code.tex 2025-08-29 v3.1.11a (3.1.11a)
) (d:/texlive/2026/texmf-dist/tex/generic/pgf/frontendlayer/tikz/libraries/tikzlibrarybackgrounds.code.tex
File: tikzlibrarybackgrounds.code.tex 2025-08-29 v3.1.11a (3.1.11a)
\pgf@layerbox@background=\box114
\pgf@layerboxsaved@background=\box115
) (d:/texlive/2026/texmf-dist/tex/latex/pdflscape/pdflscape.sty
Package: pdflscape 2025-06-23 v0.14 Display of landscape pages in PDF
 (d:/texlive/2026/texmf-dist/tex/latex/pdflscape/pdflscape-nometadata.sty
Package: pdflscape-nometadata 2025-06-23 v0.14 Display of landscape pages in PDF (HO)
 (d:/texlive/2026/texmf-dist/tex/latex/graphics/lscape.sty
Package: lscape 2020/05/28 v3.02 Landscape Pages (DPC)
)
Package pdflscape Info: Auto-detected driver: pdftex on input line 81.
)) (d:/texlive/2026/texmf-dist/tex/latex/caption/caption.sty
Package: caption 2023/08/05 v3.6o Customizing captions (AR)
 (d:/texlive/2026/texmf-dist/tex/latex/caption/caption3.sty
Package: caption3 2023/07/31 v2.4d caption3 kernel (AR)
\caption@tempdima=\dimen357
\captionmargin=\dimen358
\caption@leftmargin=\dimen359
\caption@rightmargin=\dimen360
\caption@width=\dimen361
\caption@indent=\dimen362
\caption@parindent=\dimen363
\caption@hangindent=\dimen364
Package caption Info: Unknown document class (or package),
(caption)             standard defaults will be used.
Package caption Info: \@makecaption = \long macro:#1#2->{\small \advance \leftskip .0628\linewidth \advance \rightskip .0628\linewidth \vskip \abovecaptionskip \sbox \@tempboxa {#1{\hskip 1\zw }#2}\ifdim \wd \@tempboxa <\hsize \centering \fi #1{\hskip 1\zw }#2\par \vskip \belowcaptionskip } on input line 1175.
)

Package caption Warning: Unknown document class (or package),
(caption)                standard defaults will be used.
See the caption package documentation for explanation.

\c@caption@flags=\count370
\c@continuedfloat=\count371
Package caption Info: float package is loaded.
Package caption Info: longtable package is loaded.
(d:/texlive/2026/texmf-dist/tex/latex/caption/ltcaption.sty
Package: ltcaption 2021/01/08 v1.4c longtable captions (AR)
)
Package caption Info: xtab package is loaded.
) (d:/texlive/2026/texmf-dist/tex/latex/caption/subcaption.sty
Package: subcaption 2023/07/28 v1.6b Sub-captions (AR)
Package caption Info: New subtype `subfigure' on input line 238.
\c@subfigure=\count372
Package caption Info: New subtype `subtable' on input line 238.
\c@subtable=\count373
) (d:/texlive/2026/texmf-dist/tex/latex/hyperref/hyperref.sty
Package: hyperref 2026-04-24 v7.01q Hypertext links for LaTeX
 (d:/texlive/2026/texmf-dist/tex/latex/kvsetkeys/kvsetkeys.sty
Package: kvsetkeys 2022-10-05 v1.19 Key value parser (HO)
) (d:/texlive/2026/texmf-dist/tex/generic/kvdefinekeys/kvdefinekeys.sty
Package: kvdefinekeys 2019-12-19 v1.6 Define keys (HO)
) (d:/texlive/2026/texmf-dist/tex/generic/pdfescape/pdfescape.sty
Package: pdfescape 2019/12/09 v1.15 Implements pdfTeX's escape features (HO)
) (d:/texlive/2026/texmf-dist/tex/latex/hycolor/hycolor.sty
Package: hycolor 2020-01-27 v1.10 Color options for hyperref/bookmark (HO)
) (d:/texlive/2026/texmf-dist/tex/latex/hyperref/nameref.sty
Package: nameref 2026-01-29 v2.58 Cross-referencing by name of section
 (d:/texlive/2026/texmf-dist/tex/latex/refcount/refcount.sty
Package: refcount 2019/12/15 v3.6 Data extraction from label references (HO)
) (d:/texlive/2026/texmf-dist/tex/generic/gettitlestring/gettitlestring.sty
Package: gettitlestring 2019/12/15 v1.6 Cleanup title references (HO)
 (d:/texlive/2026/texmf-dist/tex/latex/kvoptions/kvoptions.sty
Package: kvoptions 2022-06-15 v3.15 Key value format for package options (HO)
))
\c@section@level=\count374
) (d:/texlive/2026/texmf-dist/tex/generic/stringenc/stringenc.sty
Package: stringenc 2019/11/29 v1.12 Convert strings between diff. encodings (HO)
)
\@linkdim=\dimen365
\Hy@linkcounter=\count375
\Hy@pagecounter=\count376
 (d:/texlive/2026/texmf-dist/tex/latex/hyperref/pd1enc.def
File: pd1enc.def 2026-04-24 v7.01q Hyperref: PDFDocEncoding definition (HO)
) (d:/texlive/2026/texmf-dist/tex/generic/intcalc/intcalc.sty
Package: intcalc 2019/12/15 v1.3 Expandable calculations with integers (HO)
)
\Hy@SavedSpaceFactor=\count377
 (d:/texlive/2026/texmf-dist/tex/latex/hyperref/puenc.def
File: puenc.def 2026-04-24 v7.01q Hyperref: PDF Unicode definition (HO)
)
Package hyperref Info: Hyper figures OFF on input line 4199.
Package hyperref Info: Link nesting OFF on input line 4204.
Package hyperref Info: Hyper index ON on input line 4207.
Package hyperref Info: Plain pages OFF on input line 4214.
Package hyperref Info: Backreferencing OFF on input line 4219.
Package hyperref Info: Implicit mode ON; LaTeX internals redefined.
Package hyperref Info: Bookmarks ON on input line 4466.
\c@Hy@tempcnt=\count378
 (d:/texlive/2026/texmf-dist/tex/latex/url/url.sty
\Urlmuskip=\muskip18
Package: url 2013/09/16  ver 3.4  Verb mode for urls, etc.
)
LaTeX Info: Redefining \url on input line 4805.
\XeTeXLinkMargin=\dimen366
 (d:/texlive/2026/texmf-dist/tex/generic/bitset/bitset.sty
Package: bitset 2019/12/09 v1.3 Handle bit-vector datatype (HO)
 (d:/texlive/2026/texmf-dist/tex/generic/bigintcalc/bigintcalc.sty
Package: bigintcalc 2019/12/15 v1.5 Expandable calculations on big integers (HO)
))
\Fld@menulength=\count379
\Field@Width=\dimen367
\Fld@charsize=\dimen368
Package hyperref Info: Hyper figures OFF on input line 6091.
Package hyperref Info: Link nesting OFF on input line 6096.
Package hyperref Info: Hyper index ON on input line 6099.
Package hyperref Info: backreferencing OFF on input line 6106.
Package hyperref Info: Link coloring OFF on input line 6111.
Package hyperref Info: Link coloring with OCG OFF on input line 6116.
Package hyperref Info: PDF/A mode OFF on input line 6121.
\Hy@abspage=\count380
\c@Item=\count381
\c@Hfootnote=\count382
)
Package hyperref Info: Driver (autodetected): hluatex.
 (d:/texlive/2026/texmf-dist/tex/latex/hyperref/hluatex.def
File: hluatex.def 2026-04-24 v7.01q Hyperref driver for luaTeX
\Fld@listcount=\count383
\c@bookmark@seq@number=\count384
 (d:/texlive/2026/texmf-dist/tex/latex/rerunfilecheck/rerunfilecheck.sty
Package: rerunfilecheck 2025-06-21 v1.11 Rerun checks for auxiliary files (HO)
 (d:/texlive/2026/texmf-dist/tex/generic/uniquecounter/uniquecounter.sty
Package: uniquecounter 2019/12/15 v1.4 Provide unlimited unique counter (HO)
)
Package uniquecounter Info: New unique counter `rerunfilecheck' on input line 284.
)
\Hy@SectionHShift=\skip66
)
Package hyperref Info: Option `colorlinks' set `true' on input line 48.
 (d:/texlive/2026/texmf-dist/tex/latex/biblatex/biblatex.sty
Package: biblatex 2025/07/10 v3.21 programmable bibliographies (PK/MW)
 (d:/texlive/2026/texmf-dist/tex/latex/logreq/logreq.sty
Package: logreq 2010/08/04 v1.0 xml request logger
\lrq@indent=\count385
 (d:/texlive/2026/texmf-dist/tex/latex/logreq/logreq.def
File: logreq.def 2010/08/04 v1.0 logreq spec v1.0
)) (d:/texlive/2026/texmf-dist/tex/latex/base/ifthen.sty
Package: ifthen 2024/03/16 v1.1e Standard LaTeX ifthen package (DPC)
)
\c@tabx@nest=\count386
\c@listtotal=\count387
\c@listcount=\count388
\c@liststart=\count389
\c@liststop=\count390
\c@citecount=\count391
\c@citetotal=\count392
\c@multicitecount=\count393
\c@multicitetotal=\count394
\c@instcount=\count395
\c@maxnames=\count396
\c@minnames=\count397
\c@maxitems=\count398
\c@minitems=\count399
\c@citecounter=\count400
\c@maxcitecounter=\count401
\c@savedcitecounter=\count402
\c@uniquelist=\count403
\c@uniquename=\count404
\c@refsection=\count405
\c@refsegment=\count406
\c@maxextratitle=\count407
\c@maxextratitleyear=\count408
\c@maxextraname=\count409
\c@maxextradate=\count410
\c@maxextraalpha=\count411
\c@abbrvpenalty=\count412
\c@highnamepenalty=\count413
\c@lownamepenalty=\count414
\c@maxparens=\count415
\c@parenlevel=\count416
\blx@tempcnta=\count417
\blx@tempcntb=\count418
\blx@tempcntc=\count419
\c@blx@maxsection=\count420
\blx@maxsegment@0=\count421
\blx@notetype=\count422
\blx@parenlevel@text=\count423
\blx@parenlevel@foot=\count424
\blx@sectionciteorder@0=\count425
\blx@sectionciteorderinternal@0=\count426
\blx@entrysetcounter=\count427
\blx@biblioinstance=\count428
\labelnumberwidth=\skip67
\labelalphawidth=\skip68
\biblabelsep=\skip69
\bibitemsep=\skip70
\bibnamesep=\skip71
\bibinitsep=\skip72
\bibparsep=\skip73
\bibhang=\skip74
\blx@bcfin=\read3
\blx@bcfout=\write4
\blx@langwohyphens=\language3
\c@mincomprange=\count429
\c@maxcomprange=\count430
\c@mincompwidth=\count431
Package biblatex Info: Trying to load biblatex default data model...
Package biblatex Info: ... file 'blx-dm.def' found.
 (d:/texlive/2026/texmf-dist/tex/latex/biblatex/blx-dm.def
File: blx-dm.def 2025/07/10 v3.21 biblatex datamodel (PK/MW)
)
Package biblatex Info: Trying to load biblatex style data model...
Package biblatex Info: ... file 'authoryear.dbx' not found.
Package biblatex Info: Trying to load biblatex custom data model...
Package biblatex Info: ... file 'biblatex-dm.cfg' not found.
\c@afterword=\count432
\c@savedafterword=\count433
\c@annotator=\count434
\c@savedannotator=\count435
\c@author=\count436
\c@savedauthor=\count437
\c@bookauthor=\count438
\c@savedbookauthor=\count439
\c@commentator=\count440
\c@savedcommentator=\count441
\c@editor=\count442
\c@savededitor=\count443
\c@editora=\count444
\c@savededitora=\count445
\c@editorb=\count446
\c@savededitorb=\count447
\c@editorc=\count448
\c@savededitorc=\count449
\c@foreword=\count450
\c@savedforeword=\count451
\c@holder=\count452
\c@savedholder=\count453
\c@introduction=\count454
\c@savedintroduction=\count455
\c@namea=\count456
\c@savednamea=\count457
\c@nameb=\count458
\c@savednameb=\count459
\c@namec=\count460
\c@savednamec=\count461
\c@translator=\count462
\c@savedtranslator=\count463
\c@shortauthor=\count464
\c@savedshortauthor=\count465
\c@shorteditor=\count466
\c@savedshorteditor=\count467
\c@labelname=\count468
\c@savedlabelname=\count469
\c@institution=\count470
\c@savedinstitution=\count471
\c@lista=\count472
\c@savedlista=\count473
\c@listb=\count474
\c@savedlistb=\count475
\c@listc=\count476
\c@savedlistc=\count477
\c@listd=\count478
\c@savedlistd=\count479
\c@liste=\count480
\c@savedliste=\count481
\c@listf=\count482
\c@savedlistf=\count483
\c@location=\count484
\c@savedlocation=\count485
\c@organization=\count486
\c@savedorganization=\count487
\c@origlocation=\count488
\c@savedoriglocation=\count489
\c@origpublisher=\count490
\c@savedorigpublisher=\count491
\c@publisher=\count492
\c@savedpublisher=\count493
\c@language=\count494
\c@savedlanguage=\count495
\c@origlanguage=\count496
\c@savedoriglanguage=\count497
\c@pageref=\count498
\c@savedpageref=\count499
\shorthandwidth=\skip75
\shortjournalwidth=\skip76
\shortserieswidth=\skip77
\shorttitlewidth=\skip78
\shortauthorwidth=\skip79
\shorteditorwidth=\skip80
\locallabelnumberwidth=\skip81
\locallabelalphawidth=\skip82
\localshorthandwidth=\skip83
\localshortjournalwidth=\skip84
\localshortserieswidth=\skip85
\localshorttitlewidth=\skip86
\localshortauthorwidth=\skip87
\localshorteditorwidth=\skip88
Package biblatex Info: Trying to load enhanced support for Unicode engines...
Package biblatex Info: ... file 'blx-unicode.def' found.
 (d:/texlive/2026/texmf-dist/tex/latex/biblatex/blx-unicode.def)
Package biblatex Info: Trying to load compatibility code...
Package biblatex Info: ... file 'blx-compat.def' found.
 (d:/texlive/2026/texmf-dist/tex/latex/biblatex/blx-compat.def
File: blx-compat.def 2025/07/10 v3.21 biblatex compatibility (PK/MW)
)
Package biblatex Info: Trying to load generic definitions...
Package biblatex Info: ... file 'biblatex.def' found.
 (d:/texlive/2026/texmf-dist/tex/latex/biblatex/biblatex.def
File: biblatex.def 2025/07/10 v3.21 biblatex compatibility (PK/MW)
\c@textcitecount=\count500
\c@textcitetotal=\count501
\c@textcitemaxnames=\count502
\c@biburlbigbreakpenalty=\count503
\c@biburlbreakpenalty=\count504
\c@biburlnumpenalty=\count505
\c@biburlucpenalty=\count506
\c@biburllcpenalty=\count507
\biburlbigskip=\muskip19
\biburlnumskip=\muskip20
\biburlucskip=\muskip21
\biburllcskip=\muskip22
\c@smartand=\count508
)
Package biblatex Info: Trying to load bibliography style 'authoryear'...
Package biblatex Info: ... file 'authoryear.bbx' found.
 (d:/texlive/2026/texmf-dist/tex/latex/biblatex/bbx/authoryear.bbx
File: authoryear.bbx 2025/07/10 v3.21 biblatex bibliography style (PK/MW)
Package biblatex Info: Trying to load bibliography style 'standard'...
Package biblatex Info: ... file 'standard.bbx' found.
 (d:/texlive/2026/texmf-dist/tex/latex/biblatex/bbx/standard.bbx
File: standard.bbx 2025/07/10 v3.21 biblatex bibliography style (PK/MW)
\c@bbx:relatedcount=\count509
\c@bbx:relatedtotal=\count510
))
Package biblatex Info: Trying to load citation style 'authoryear'...
Package biblatex Info: ... file 'authoryear.cbx' found.
 (d:/texlive/2026/texmf-dist/tex/latex/biblatex/cbx/authoryear.cbx
File: authoryear.cbx 2025/07/10 v3.21 biblatex citation style (PK/MW)
Package biblatex Info: Redefining '\cite'.
Package biblatex Info: Redefining '\parencite'.
Package biblatex Info: Redefining '\footcite'.
Package biblatex Info: Redefining '\footcitetext'.
Package biblatex Info: Redefining '\smartcite'.
Package biblatex Info: Redefining '\textcite'.
Package biblatex Info: Redefining '\textcites'.
)
Package biblatex Info: Trying to load configuration file...
Package biblatex Info: ... file 'biblatex.cfg' found.
 (d:/texlive/2026/texmf-dist/tex/latex/biblatex/biblatex.cfg
File: biblatex.cfg 
)
Package biblatex Info: LuaTeX detected.
(biblatex)             Assuming input encoding 'utf8'.
Package biblatex Info: Document encoding is UTF8 ....
Package biblatex Info: ... and expl3
(biblatex)             2026-03-20 L3 programming layer (loader) 
(biblatex)             is new enough (at least 2020/04/06),
(biblatex)             setting 'casechanger=expl3'.
 (d:/texlive/2026/texmf-dist/tex/latex/biblatex/blx-case-expl3.sty
Package: blx-case-expl3 2025/07/10 v3.21 expl3 case changing code for biblatex
)) (d:/texlive/2026/texmf-dist/tex/latex/fancyhdr/fancyhdr.sty
Package: fancyhdr 2025/02/07 v5.2 Extensive control of page headers and footers
\f@nch@headwidth=\skip89
\f@nch@offset@elh=\skip90
\f@nch@offset@erh=\skip91
\f@nch@offset@olh=\skip92
\f@nch@offset@orh=\skip93
\f@nch@offset@elf=\skip94
\f@nch@offset@erf=\skip95
\f@nch@offset@olf=\skip96
\f@nch@offset@orf=\skip97
\f@nch@height=\skip98
\f@nch@footalignment=\skip99
\f@nch@widthL=\skip100
\f@nch@widthC=\skip101
\f@nch@widthR=\skip102
\@temptokenb=\toks55
) (d:/texlive/2026/texmf-dist/tex/latex/tocloft/tocloft.sty
Package: tocloft 2017/08/31 v2.3i parameterised ToC, etc., typesetting
Package tocloft Info: The document has chapter divisions on input line 51.
\cftparskip=\skip103
\cftbeforetoctitleskip=\skip104
\cftaftertoctitleskip=\skip105
\cftbeforepartskip=\skip106
\cftpartnumwidth=\skip107
\cftpartindent=\skip108
\cftbeforechapskip=\skip109
\cftchapindent=\skip110
\cftchapnumwidth=\skip111
\cftbeforesecskip=\skip112
\cftsecindent=\skip113
\cftsecnumwidth=\skip114
\cftbeforesubsecskip=\skip115
\cftsubsecindent=\skip116
\cftsubsecnumwidth=\skip117
\cftbeforesubsubsecskip=\skip118
\cftsubsubsecindent=\skip119
\cftsubsubsecnumwidth=\skip120
\cftbeforeparaskip=\skip121
\cftparaindent=\skip122
\cftparanumwidth=\skip123
\cftbeforesubparaskip=\skip124
\cftsubparaindent=\skip125
\cftsubparanumwidth=\skip126
\cftbeforeloftitleskip=\skip127
\cftafterloftitleskip=\skip128
\cftbeforefigskip=\skip129
\cftfigindent=\skip130
\cftfignumwidth=\skip131
\c@lofdepth=\count511
\c@lotdepth=\count512
\cftbeforelottitleskip=\skip132
\cftafterlottitleskip=\skip133
\cftbeforetabskip=\skip134
\cfttabindent=\skip135
\cfttabnumwidth=\skip136
) (d:/texlive/2026/texmf-dist/tex/luatex/luatexja/patches/lltjp-array.sty
Package: lltjp-array 2024-07-21 Patch to array for LuaTeX-ja
)
\@quotelevel=\count513
\@quotereset=\count514
 (./main.aux (./chapters/chapter1.aux) (./chapters/chapter2.aux) (./chapters/chapter3.aux) (./chapters/chapter4.aux) (./chapters/chapter5.aux) (./chapters/chapter6.aux) (./chapters/chapter7.aux) (./chapters/chapter8.aux) (./chapters/chapter9.aux) (./chapters/appendix_A.aux) (./chapters/appendix_B.aux) (./chapters/appendix_C.aux) (./chapters/appendix_D.aux) (./chapters/appendix_E.aux) (./chapters/appendix_F.aux))
\openout1 = main.aux

LaTeX Font Info:    Checking defaults for OML/cmm/m/it on input line 99.
LaTeX Font Info:    ... okay on input line 99.
LaTeX Font Info:    Checking defaults for OMS/cmsy/m/n on input line 99.
LaTeX Font Info:    ... okay on input line 99.
LaTeX Font Info:    Checking defaults for OT1/cmr/m/n on input line 99.
LaTeX Font Info:    ... okay on input line 99.
LaTeX Font Info:    Checking defaults for T1/cmr/m/n on input line 99.
LaTeX Font Info:    ... okay on input line 99.
LaTeX Font Info:    Checking defaults for TS1/cmr/m/n on input line 99.
LaTeX Font Info:    ... okay on input line 99.
LaTeX Font Info:    Checking defaults for TU/lmr/m/n on input line 99.
LaTeX Font Info:    ... okay on input line 99.
LaTeX Font Info:    Checking defaults for OMX/cmex/m/n on input line 99.
LaTeX Font Info:    ... okay on input line 99.
LaTeX Font Info:    Checking defaults for U/cmr/m/n on input line 99.
LaTeX Font Info:    ... okay on input line 99.
LaTeX Font Info:    Checking defaults for JY3/mc/m/n on input line 99.
LaTeX Font Info:    ... okay on input line 99.
LaTeX Font Info:    Checking defaults for JT3/mc/m/n on input line 99.
LaTeX Font Info:    ... okay on input line 99.
LaTeX Font Info:    Checking defaults for PD1/pdf/m/n on input line 99.
LaTeX Font Info:    ... okay on input line 99.
LaTeX Font Info:    Checking defaults for PU/pdf/m/n on input line 99.
LaTeX Font Info:    ... okay on input line 99.
 (d:/texlive/2026/texmf-dist/tex/context/base/mkii/supp-pdf.mkii
[Loading MPS to PDF converter (version 2006.09.02).]
\scratchcounter=\count515
\scratchdimen=\dimen369
\scratchbox=\box116
\nofMPsegments=\count516
\nofMParguments=\count517
\everyMPshowfont=\toks56
\MPscratchCnt=\count518
\MPscratchDim=\dimen370
\MPnumerator=\count519
\makeMPintoPDFobject=\count520
\everyMPtoPDFconversion=\toks57
) (d:/texlive/2026/texmf-dist/tex/latex/epstopdf-pkg/epstopdf-base.sty
Package: epstopdf-base 2020-01-24 v2.11 Base part for package epstopdf
Package epstopdf-base Info: Redefining graphics rule for `.eps' on input line 485.
 (d:/texlive/2026/texmf-dist/tex/latex/latexconfig/epstopdf-sys.cfg
File: epstopdf-sys.cfg 2010/07/13 v1.3 Configuration of (r)epstopdf for TeX Live
))
Package pgfplots notification 'compat/show suggested version=true': document has been generated with the most recent feature set (\pgfplotsset{compat=1.18}).


Package fontspec Info: 
(fontspec)             Adjusting the maths setup (use [no-math] to avoid
(fontspec)             this).

\symlegacymaths=\mathgroup7
LaTeX Font Info:    Overwriting symbol font `legacymaths' in version `bold'
(Font)                  OT1/cmr/m/n --> OT1/cmr/bx/n on input line 99.
LaTeX Font Info:    Redeclaring math accent \acute on input line 99.
LaTeX Font Info:    Redeclaring math accent \grave on input line 99.
LaTeX Font Info:    Redeclaring math accent \ddot on input line 99.
LaTeX Font Info:    Redeclaring math accent \tilde on input line 99.
LaTeX Font Info:    Redeclaring math accent \bar on input line 99.
LaTeX Font Info:    Redeclaring math accent \breve on input line 99.
LaTeX Font Info:    Redeclaring math accent \check on input line 99.
LaTeX Font Info:    Redeclaring math accent \hat on input line 99.
LaTeX Font Info:    Redeclaring math accent \dot on input line 99.
LaTeX Font Info:    Redeclaring math accent \mathring on input line 99.
LaTeX Font Info:    Redeclaring math symbol \Gamma on input line 99.
LaTeX Font Info:    Redeclaring math symbol \Delta on input line 99.
LaTeX Font Info:    Redeclaring math symbol \Theta on input line 99.
LaTeX Font Info:    Redeclaring math symbol \Lambda on input line 99.
LaTeX Font Info:    Redeclaring math symbol \Xi on input line 99.
LaTeX Font Info:    Redeclaring math symbol \Pi on input line 99.
LaTeX Font Info:    Redeclaring math symbol \Sigma on input line 99.
LaTeX Font Info:    Redeclaring math symbol \Upsilon on input line 99.
LaTeX Font Info:    Redeclaring math symbol \Phi on input line 99.
LaTeX Font Info:    Redeclaring math symbol \Psi on input line 99.
LaTeX Font Info:    Redeclaring math symbol \Omega on input line 99.
LaTeX Font Info:    Redeclaring math symbol \mathdollar on input line 99.
LaTeX Font Info:    Redeclaring symbol font `operators' on input line 99.
LaTeX Font Info:    Encoding `OT1' has changed to `TU' for symbol font
(Font)              `operators' in the math version `normal' on input line 99.
LaTeX Font Info:    Overwriting symbol font `operators' in version `normal'
(Font)                  OT1/cmr/m/n --> TU/lmr/m/n on input line 99.
LaTeX Font Info:    Encoding `OT1' has changed to `TU' for symbol font
(Font)              `operators' in the math version `bold' on input line 99.
LaTeX Font Info:    Overwriting symbol font `operators' in version `bold'
(Font)                  OT1/cmr/bx/n --> TU/lmr/m/n on input line 99.
LaTeX Font Info:    Overwriting symbol font `operators' in version `normal'
(Font)                  TU/lmr/m/n --> TU/lmr/m/n on input line 99.
LaTeX Font Info:    Overwriting math alphabet `\mathit' in version `normal'
(Font)                  OT1/cmr/m/it --> TU/lmr/m/it on input line 99.
LaTeX Font Info:    Overwriting math alphabet `\mathbf' in version `normal'
(Font)                  OT1/cmr/bx/n --> TU/lmr/b/n on input line 99.
LaTeX Font Info:    Overwriting math alphabet `\mathsf' in version `normal'
(Font)                  OT1/cmss/m/n --> TU/lmss/m/n on input line 99.
LaTeX Font Info:    Overwriting math alphabet `\mathtt' in version `normal'
(Font)                  OT1/cmtt/m/n --> TU/lmtt/m/n on input line 99.
LaTeX Font Info:    Overwriting symbol font `operators' in version `bold'
(Font)                  TU/lmr/m/n --> TU/lmr/b/n on input line 99.
LaTeX Font Info:    Overwriting math alphabet `\mathit' in version `bold'
(Font)                  OT1/cmr/bx/it --> TU/lmr/b/it on input line 99.
LaTeX Font Info:    Overwriting math alphabet `\mathsf' in version `bold'
(Font)                  OT1/cmss/bx/n --> TU/lmss/b/n on input line 99.
LaTeX Font Info:    Overwriting math alphabet `\mathtt' in version `bold'
(Font)                  OT1/cmtt/m/n --> TU/lmtt/b/n on input line 99.
*geometry* driver: auto-detecting
*geometry* detected driver: luatex
*geometry* verbose mode - [ preamble ] result:
* driver: luatex
* paper: a4paper
* layout: <same size as paper>
* layoutoffset:(h,v)=(0.0pt,0.0pt)
* modes: twoside 
* h-part:(L,W,R)=(71.13188pt, 455.24411pt, 71.13188pt)
* v-part:(T,H,B)=(85.35826pt, 674.33032pt, 85.35826pt)
* \paperwidth=597.50787pt
* \paperheight=845.04684pt
* \textwidth=455.24411pt
* \textheight=674.33032pt
* \oddsidemargin=-1.1381pt
* \evensidemargin=-1.1381pt
* \topmargin=-28.08432pt
* \headheight=23.99994pt
* \headsep=17.17265pt
* \topskip=15.31325pt
* \footskip=20.0pt
* \marginparwidth=22.19305pt
* \marginparsep=22.19305pt
* \columnsep=22.19305pt
* \skip\footins=19.19995pt plus 5.99998pt minus 2.4pt
* \hoffset=0.0pt
* \voffset=0.0pt
* \mag=1000
* \@twocolumnfalse
* \@twosidetrue
* \@mparswitchtrue
* \@reversemarginfalse
* (1in=72.27pt=25.4mm, 1cm=28.453pt)

Package caption Info: Begin \AtBeginDocument code.
Package caption Info: hyperref package is loaded.
Package caption Info: End \AtBeginDocument code.
Package hyperref Info: Link coloring ON on input line 99.
(./main.out) (./main.out)
\@outlinefile=\write5

\openout5 = main.out
Package biblatex Info: Trying to load language 'english'...
Package biblatex Info: ... file 'english.lbx' found.
 (d:/texlive/2026/texmf-dist/tex/latex/biblatex/lbx/english.lbx
File: english.lbx 2025/07/10 v3.21 biblatex localization (PK/MW)
)
Package biblatex Info: LuaTeX detected.
(biblatex)             Assuming input encoding 'utf8'.
Package biblatex Info: Automatic encoding selection.
(biblatex)             Assuming data encoding 'utf8'.

\openout4 = main.bcf
Package biblatex Info: Trying to load bibliographic data...
Package biblatex Info: ... file 'main.bbl' found.
 (./main.bbl

Package biblatex Warning: The following entry could not be found
(biblatex)                in the database:
(biblatex)                METI2021AdjustmentFee
(biblatex)                Please verify the spelling and rerun
(biblatex)                LaTeX afterwards.


Package biblatex Warning: The following entry could not be found
(biblatex)                in the database:
(biblatex)                OCCTO2021ImbalanceReform
(biblatex)                Please verify the spelling and rerun
(biblatex)                LaTeX afterwards.


Package biblatex Warning: The following entry could not be found
(biblatex)                in the database:
(biblatex)                Ofgem2021PriceCapUpdate
(biblatex)                Please verify the spelling and rerun
(biblatex)                LaTeX afterwards.

)
Package biblatex Info: Reference section=0 on input line 99.
Package biblatex Info: Reference segment=0 on input line 99.
 (./chapters/titlepage.tex(load cache: extra_lmroman12-regular.luc)
LaTeX Font Info:    Font shape `JT3/IPAexMincho(0)/m/n' will be
(Font)              scaled to size 13.31586pt on input line 4.
LaTeX Font Info:    Font shape `JY3/IPAexMincho(0)/m/n' will be
(Font)              scaled to size 13.31586pt on input line 4.
LaTeX Font Info:    Font shape `JT3/IPAexMincho(0)/m/n' will be
(Font)              scaled to size 11.09656pt on input line 5.
LaTeX Font Info:    Font shape `JY3/IPAexMincho(0)/m/n' will be
(Font)              scaled to size 11.09656pt on input line 5.
 [1


{d:/texlive/2026/texmf-var/fonts/map/pdftex/updmap/pdftex.map}]) [2

](load cache: extra_lmroman17-regular.luc)
LaTeX Font Info:    Font shape `JT3/IPAexMincho(0)/m/n' will be
(Font)              scaled to size 23.00687pt on input line 108.
LaTeX Font Info:    Font shape `JY3/IPAexMincho(0)/m/n' will be
(Font)              scaled to size 23.00687pt on input line 108.
(load cache: extra_lmroman12-bold.luc)
LaTeX Font Info:    Font shape `JT3/IPAexMincho(0)/b/n' will be
(Font)              scaled to size 23.00687pt on input line 108.
LaTeX Font Info:    Font shape `JY3/IPAexMincho(0)/b/n' will be
(Font)              scaled to size 23.00687pt on input line 108.
 (./main.toc
LaTeX Font Info:    Font shape `JT3/IPAexMincho(0)/b/n' will be
(Font)              scaled to size 9.24713pt on input line 1.
LaTeX Font Info:    Font shape `JY3/IPAexMincho(0)/b/n' will be
(Font)              scaled to size 9.24713pt on input line 1.
LaTeX Font Info:    Calculating math sizes for size <11.99997> on input line 1.
(load cache: extra_lmroman7-regular.luc)(load cache: extra_lmroman5-regular.luc)
LaTeX Font Info:    Font shape `JY3/IPAexMincho(0)/m/n' will be
(Font)              scaled to size 6.47295pt on input line 1.
LaTeX Font Info:    Font shape `JY3/IPAexMincho(0)/m/n' will be
(Font)              scaled to size 4.62357pt on input line 1.
LaTeX Font Info:    Trying loading font information for U+msa on input line 1.
 (d:/texlive/2026/texmf-dist/tex/latex/amsfonts/umsa.fd
File: umsa.fd 2013/01/14 v3.01 AMS symbols A
)
LaTeX Font Info:    Trying loading font information for U+msb on input line 1.
 (d:/texlive/2026/texmf-dist/tex/latex/amsfonts/umsb.fd
File: umsb.fd 2013/01/14 v3.01 AMS symbols B
) [1]
LaTeX Font Info:    Font shape `JT3/IPAexMincho(0)/m/n' will be
(Font)              scaled to size 6.47295pt on input line 88.
LaTeX Font Info:    Font shape `JT3/IPAexMincho(0)/m/n' will be
(Font)              scaled to size 4.62357pt on input line 88.
(load cache: extra_lmroman7-bold.luc)
LaTeX Font Info:    Font shape `JT3/IPAexMincho(0)/b/n' will be
(Font)              scaled to size 6.47295pt on input line 91.
LaTeX Font Info:    Font shape `JY3/IPAexMincho(0)/b/n' will be
(Font)              scaled to size 6.47295pt on input line 91.
(load cache: extra_lmroman5-bold.luc)
LaTeX Font Info:    Font shape `JT3/IPAexMincho(0)/b/n' will be
(Font)              scaled to size 4.62357pt on input line 91.
LaTeX Font Info:    Font shape `JY3/IPAexMincho(0)/b/n' will be
(Font)              scaled to size 4.62357pt on input line 91.
 [2] [3] [4])
\tf@toc=\write6

\openout6 = main.toc
 [5] [6

]
\openout2 = chapters/chapter1.aux
 (./chapters/chapter1.tex
第1章
LaTeX Font Info:    Font shape `JT3/IPAexMincho(0)/m/n' will be
(Font)              scaled to size 19.17854pt on input line 1.
LaTeX Font Info:    Font shape `JY3/IPAexMincho(0)/m/n' will be
(Font)              scaled to size 19.17854pt on input line 1.
LaTeX Font Info:    Font shape `JT3/IPAexGothic(0)/m/n' will be
(Font)              scaled to size 19.17854pt on input line 1.
LaTeX Font Info:    Font shape `JY3/IPAexGothic(0)/m/n' will be
(Font)              scaled to size 19.17854pt on input line 1.
(load cache: extra_lmsans17-regular.luc)
LaTeX Font Info:    Font shape `JT3/IPAexGothic(0)/m/n' will be
(Font)              scaled to size 23.00687pt on input line 1.
LaTeX Font Info:    Font shape `JY3/IPAexGothic(0)/m/n' will be
(Font)              scaled to size 23.00687pt on input line 1.
LaTeX Font Info:    Font shape `JT3/IPAexGothic(0)/m/n' will be
(Font)              scaled to size 13.31586pt on input line 12.
LaTeX Font Info:    Font shape `JY3/IPAexGothic(0)/m/n' will be
(Font)              scaled to size 13.31586pt on input line 12.
(load cache: extra_lmsans12-regular.luc)
LaTeX Font Info:    Font shape `JT3/IPAexMincho(0)/m/n' will be
(Font)              scaled to size 7.3977pt on input line 32.
LaTeX Font Info:    Font shape `JY3/IPAexMincho(0)/m/n' will be
(Font)              scaled to size 7.3977pt on input line 32.
LaTeX Font Info:    Calculating math sizes for size <9.59998> on input line 32.
(load cache: extra_lmroman6-regular.luc)

LaTeX Font Warning: Font shape `OML/cmm/m/it' in size <5.59996> not available
(Font)              size <6> substituted on input line 32.


LaTeX Font Warning: Font shape `OML/cmm/m/it' in size <4> not available
(Font)              size <5> substituted on input line 32.


LaTeX Font Warning: Font shape `OMS/cmsy/m/n' in size <5.59996> not available
(Font)              size <6> substituted on input line 32.


LaTeX Font Warning: Font shape `OMS/cmsy/m/n' in size <4> not available
(Font)              size <5> substituted on input line 32.

LaTeX Font Info:    Font shape `JY3/IPAexMincho(0)/m/n' will be
(Font)              scaled to size 5.17834pt on input line 32.
LaTeX Font Info:    Font shape `JY3/IPAexMincho(0)/m/n' will be
(Font)              scaled to size 3.69885pt on input line 32.

LaTeX Font Warning: Font shape `OT1/cmr/m/n' in size <5.59996> not available
(Font)              size <6> substituted on input line 32.


LaTeX Font Warning: Font shape `OT1/cmr/m/n' in size <4> not available
(Font)              size <5> substituted on input line 32.

LaTeX Font Info:    Font shape `JT3/IPAexMincho(0)/m/n' will be
(Font)              scaled to size 5.17834pt on input line 32.

warning  (pdf backend): ignoring duplicate destination with the name 'page.1'
[1


]
LaTeX Font Info:    Font shape `JT3/IPAexGothic(0)/m/n' will be
(Font)              scaled to size 11.09656pt on input line 48.
LaTeX Font Info:    Font shape `JY3/IPAexGothic(0)/m/n' will be
(Font)              scaled to size 11.09656pt on input line 48.

warning  (pdf backend): ignoring duplicate destination with the name 'page.2'
[2] [3]
LaTeX Font Info:    Font shape `JT3/IPAexGothic(0)/m/n' will be
(Font)              scaled to size 9.24713pt on input line 165.
LaTeX Font Info:    Font shape `JY3/IPAexGothic(0)/m/n' will be
(Font)              scaled to size 9.24713pt on input line 165.
(load cache: extra_lmsans10-regular.luc) [4] [5] [6] [7] [8] [9] [10](load cache: extra_lmroman9-regular.luc)
LaTeX Font Info:    Font shape `JT3/IPAexMincho(0)/m/n' will be
(Font)              scaled to size 8.32242pt on input line 459.
LaTeX Font Info:    Font shape `JY3/IPAexMincho(0)/m/n' will be
(Font)              scaled to size 8.32242pt on input line 459.
(load cache: extra_lmroman9-bold.luc)
LaTeX Font Info:    Font shape `JT3/IPAexMincho(0)/b/n' will be
(Font)              scaled to size 8.32242pt on input line 519.
LaTeX Font Info:    Font shape `JY3/IPAexMincho(0)/b/n' will be
(Font)              scaled to size 8.32242pt on input line 519.
 [11

] [12

] [13] [14] [15] [16]
<../figure/jepx_volume_2020_2024.pdf, id=740, 617.97437pt x 401.16374pt>
File: ../figure/jepx_volume_2020_2024.pdf Graphic file (type pdf)
<use ../figure/jepx_volume_2020_2024.pdf>
Package luatex.def Info: ../figure/jepx_volume_2020_2024.pdf  used on input line 734.
(luatex.def)             Requested size: 398.33858pt x 258.58641pt.
<../figure/jepx_participants_2020_2024.pdf, id=741, 617.97437pt x 401.16374pt>
File: ../figure/jepx_participants_2020_2024.pdf Graphic file (type pdf)
<use ../figure/jepx_participants_2020_2024.pdf>
Package luatex.def Info: ../figure/jepx_participants_2020_2024.pdf  used on input line 749.
(luatex.def)             Requested size: 398.33858pt x 258.58641pt.
 [17<../figure/jepx_volume_2020_2024.pdf>]
<../figure/exit_count_2020_2024.pdf, id=785, 722.7pt x 433.62pt>
File: ../figure/exit_count_2020_2024.pdf Graphic file (type pdf)
<use ../figure/exit_count_2020_2024.pdf>
Package luatex.def Info: ../figure/exit_count_2020_2024.pdf  used on input line 765.
(luatex.def)             Requested size: 398.33858pt x 239.0012pt.
 [18<../figure/jepx_participants_2020_2024.pdf>]
<../figure/jepx_spot_timeseries_2020_2024.pdf, id=831, 730.65158pt x 415.96176pt>
File: ../figure/jepx_spot_timeseries_2020_2024.pdf Graphic file (type pdf)
<use ../figure/jepx_spot_timeseries_2020_2024.pdf>
Package luatex.def Info: ../figure/jepx_spot_timeseries_2020_2024.pdf  used on input line 784.
(luatex.def)             Requested size: 426.79134pt x 242.97804pt.
 [19<../figure/exit_count_2020_2024.pdf>]
<../figure/jepx_spot_hist_2020_2024.pdf, id=873, 611.7323pt x 401.82245pt>
File: ../figure/jepx_spot_hist_2020_2024.pdf Graphic file (type pdf)
<use ../figure/jepx_spot_hist_2020_2024.pdf>
Package luatex.def Info: ../figure/jepx_spot_hist_2020_2024.pdf  used on input line 796.
(luatex.def)             Requested size: 398.33858pt x 261.6536pt.
<../figure/imbalance_timeseries_2020_2024.pdf, id=874, 730.36928pt x 415.96176pt>
File: ../figure/imbalance_timeseries_2020_2024.pdf Graphic file (type pdf)
<use ../figure/imbalance_timeseries_2020_2024.pdf>
Package luatex.def Info: ../figure/imbalance_timeseries_2020_2024.pdf  used on input line 815.
(luatex.def)             Requested size: 426.79134pt x 243.07324pt.
 [20<../figure/jepx_spot_timeseries_2020_2024.pdf><../figure/jepx_spot_hist_2020_2024.pdf>]
<../figure/alert_count_2020_2024.pdf, id=967, 605.49023pt x 401.16374pt>
File: ../figure/alert_count_2020_2024.pdf Graphic file (type pdf)
<use ../figure/alert_count_2020_2024.pdf>
Package luatex.def Info: ../figure/alert_count_2020_2024.pdf  used on input line 840.
(luatex.def)             Requested size: 398.33858pt x 263.92415pt.
 [21<../figure/imbalance_timeseries_2020_2024.pdf>]
<../figure/alert_vs_price_scatter.pdf, id=1019, 612.391pt x 401.16374pt>
File: ../figure/alert_vs_price_scatter.pdf Graphic file (type pdf)
<use ../figure/alert_vs_price_scatter.pdf>
Package luatex.def Info: ../figure/alert_vs_price_scatter.pdf  used on input line 852.
(luatex.def)             Requested size: 398.33858pt x 260.94308pt.
 [22<../figure/alert_count_2020_2024.pdf><../figure/alert_vs_price_scatter.pdf>] [23]
Overfull \hbox (13.78079pt too wide) in paragraph at lines 920--921
 [][] 
 []

[24] [25] [26] [27] [28]
Overfull \hbox (2.03181pt too wide) in paragraph at lines 1159--1160
 [][] 
 []

[29] [30] [31] [32] [33]) [34]
\openout2 = chapters/chapter2.aux
 (./chapters/chapter2.tex
第2章
[35




] [36] [37] [38] [39] [40] [41] [42] [43] [44]) [45]
\openout2 = chapters/chapter3.aux
 (./chapters/chapter3.tex
第3章
[46




] [47]

LaTeX Warning: Citation 'METI2021AdjustmentFee' on page 48 undefined on input line 96.


LaTeX Warning: Citation 'OCCTO2021ImbalanceReform' on page 48 undefined on input line 96.


LaTeX Warning: Citation 'Ofgem2021PriceCapUpdate' on page 48 undefined on input line 103.

[48]

LaTeX Warning: Citation 'Ofgem2021PriceCapUpdate' on page 49 undefined on input line 125.

LaTeX Font Info:    Font shape `JT3/IPAexMincho(0)/m/n' will be
(Font)              scaled to size 3.69885pt on input line 144.
[49] [50]
LaTeX Font Info:    Calculating math sizes for size <10.79997> on input line 228.


LaTeX Font Warning: Font shape `OML/cmm/m/it' in size <4.5> not available
(Font)              size <5> substituted on input line 228.


LaTeX Font Warning: Font shape `OMS/cmsy/m/n' in size <4.5> not available
(Font)              size <5> substituted on input line 228.

LaTeX Font Info:    Font shape `JY3/IPAexMincho(0)/m/n' will be
(Font)              scaled to size 5.82565pt on input line 228.
LaTeX Font Info:    Font shape `JY3/IPAexMincho(0)/m/n' will be
(Font)              scaled to size 4.16121pt on input line 228.

LaTeX Font Warning: Font shape `OT1/cmr/m/n' in size <4.5> not available
(Font)              size <5> substituted on input line 228.

[51] [52] [53] [54](load cache: extra_lmroman10-italic.luc)
LaTeX Font Info:    Kanji font shape `JY3/IPAexMincho(0)/m/it' undefined
(Font)              No change on input line 394.
 [55]
LaTeX Font Info:    Kanji font shape `JY3/IPAexMincho(0)/m/it' undefined
(Font)              No change on input line 400.
LaTeX Font Info:    Kanji font shape `JY3/IPAexMincho(0)/m/it' undefined
(Font)              No change on input line 404.
LaTeX Font Info:    Kanji font shape `JY3/IPAexMincho(0)/m/it' undefined
(Font)              No change on input line 414.
LaTeX Font Info:    Kanji font shape `JY3/IPAexMincho(0)/m/it' undefined
(Font)              No change on input line 419.
LaTeX Font Info:    Kanji font shape `JY3/IPAexMincho(0)/m/it' undefined
(Font)              No change on input line 423.
LaTeX Font Info:    Kanji font shape `JY3/IPAexMincho(0)/m/it' undefined
(Font)              No change on input line 433.
LaTeX Font Info:    Kanji font shape `JY3/IPAexMincho(0)/m/it' undefined
(Font)              No change on input line 438.
LaTeX Font Info:    Kanji font shape `JY3/IPAexMincho(0)/m/it' undefined
(Font)              No change on input line 442.
 [56]
LaTeX Font Info:    Kanji font shape `JY3/IPAexMincho(0)/m/it' undefined
(Font)              No change on input line 452.
LaTeX Font Info:    Kanji font shape `JY3/IPAexMincho(0)/m/it' undefined
(Font)              No change on input line 457.
LaTeX Font Info:    Kanji font shape `JY3/IPAexMincho(0)/m/it' undefined
(Font)              No change on input line 461.
 [57]) [58]
\openout2 = chapters/chapter4.aux
 (./chapters/chapter4.tex
第4章
[59




] [60] [61]
<Python/figures/multiplicative_structure.png, id=1465, 361.35pt x 216.81pt>
File: Python/figures/multiplicative_structure.png Graphic file (type png)
<use Python/figures/multiplicative_structure.png>
Package luatex.def Info: Python/figures/multiplicative_structure.png  used on input line 159.
(luatex.def)             Requested size: 150.23138pt x 90.13988pt.
<Python/figures/log_transform.png, id=1466, 361.35pt x 216.81pt>
File: Python/figures/log_transform.png Graphic file (type png)
<use Python/figures/log_transform.png>
Package luatex.def Info: Python/figures/log_transform.png  used on input line 165.
(luatex.def)             Requested size: 150.23138pt x 90.13988pt.
<Python/figures/linear_dd.png, id=1467, 361.35pt x 216.81pt>
File: Python/figures/linear_dd.png Graphic file (type png)
<use Python/figures/linear_dd.png>
Package luatex.def Info: Python/figures/linear_dd.png  used on input line 171.
(luatex.def)             Requested size: 150.23138pt x 90.13988pt.
 [62] [63<./Python/figures/multiplicative_structure.png><./Python/figures/log_transform.png><./Python/figures/linear_dd.png>]
<figures/dd_normal.png, id=1495, 394.1124pt x 272.9397pt>
File: figures/dd_normal.png Graphic file (type png)
<use figures/dd_normal.png>
Package luatex.def Info: figures/dd_normal.png  used on input line 255.
(luatex.def)             Requested size: 386.96027pt x 267.99548pt.
 [64] [65<./figures/dd_normal.png>] [66] [67]
LaTeX Font Info:    Calculating math sizes for size <14.39996> on input line 410.
LaTeX Font Info:    Font shape `JY3/IPAexMincho(0)/m/n' will be
(Font)              scaled to size 7.76755pt on input line 410.
LaTeX Font Info:    Font shape `JY3/IPAexMincho(0)/m/n' will be
(Font)              scaled to size 5.54828pt on input line 410.
LaTeX Font Info:    Font shape `JT3/IPAexMincho(0)/m/n' will be
(Font)              scaled to size 7.76755pt on input line 410.
 [68] [69] [70] [71] [72]
LaTeX Font Info:    Calculating math sizes for size <17.27994> on input line 614.
LaTeX Font Info:    Font shape `JY3/IPAexMincho(0)/m/n' will be
(Font)              scaled to size 9.32104pt on input line 614.
LaTeX Font Info:    Font shape `JY3/IPAexMincho(0)/m/n' will be
(Font)              scaled to size 6.65793pt on input line 614.
LaTeX Font Info:    Font shape `JT3/IPAexGothic(0)/m/n' will be
(Font)              scaled to size 9.32104pt on input line 614.
LaTeX Font Info:    Font shape `JY3/IPAexGothic(0)/m/n' will be
(Font)              scaled to size 9.32104pt on input line 614.
(load cache: extra_lmsans8-regular.luc)
LaTeX Font Info:    Font shape `JT3/IPAexGothic(0)/m/n' will be
(Font)              scaled to size 6.65793pt on input line 614.
LaTeX Font Info:    Font shape `JY3/IPAexGothic(0)/m/n' will be
(Font)              scaled to size 6.65793pt on input line 614.


Package hyperref Warning: Token not allowed in a PDF string (Unicode):
(hyperref)                removing `math shift' on input line 614.


Package hyperref Warning: Token not allowed in a PDF string (Unicode):
(hyperref)                removing `subscript' on input line 614.


Package hyperref Warning: Token not allowed in a PDF string (Unicode):
(hyperref)                removing `math shift' on input line 614.

[73]
LaTeX Font Info:    Font shape `JT3/IPAexMincho(0)/m/n' will be
(Font)              scaled to size 5.82565pt on input line 671.
LaTeX Font Info:    Font shape `JT3/IPAexMincho(0)/m/n' will be
(Font)              scaled to size 4.16121pt on input line 671.
 [74]

Package hyperref Warning: Token not allowed in a PDF string (Unicode):
(hyperref)                removing `math shift' on input line 729.


Package hyperref Warning: Token not allowed in a PDF string (Unicode):
(hyperref)                removing `subscript' on input line 729.


Package hyperref Warning: Token not allowed in a PDF string (Unicode):
(hyperref)                removing `math shift' on input line 729.

[75] [76] [77]) [78] [79]
\openout2 = chapters/chapter5.aux
 (./chapters/chapter5.tex
第5章

Package hyperref Warning: Token not allowed in a PDF string (Unicode):
(hyperref)                removing `math shift' on input line 5.


Package hyperref Warning: Token not allowed in a PDF string (Unicode):
(hyperref)                removing `subscript' on input line 5.


Package hyperref Warning: Token not allowed in a PDF string (Unicode):
(hyperref)                removing `math shift' on input line 5.

LaTeX Font Info:    Calculating math sizes for size <29.85593> on input line 5.

LaTeX Font Warning: Font shape `OML/cmm/m/it' in size <12.44> not available
(Font)              size <12> substituted on input line 5.


LaTeX Font Warning: Font shape `OMS/cmsy/m/n' in size <12.44> not available
(Font)              size <12> substituted on input line 5.

LaTeX Font Info:    Font shape `JY3/IPAexMincho(0)/m/n' will be
(Font)              scaled to size 16.10472pt on input line 5.
LaTeX Font Info:    Font shape `JY3/IPAexMincho(0)/m/n' will be
(Font)              scaled to size 11.50343pt on input line 5.

LaTeX Font Warning: Font shape `OT1/cmr/m/n' in size <12.44> not available
(Font)              size <12> substituted on input line 5.

LaTeX Font Info:    Font shape `JT3/IPAexGothic(0)/m/n' will be
(Font)              scaled to size 16.10472pt on input line 5.
LaTeX Font Info:    Font shape `JY3/IPAexGothic(0)/m/n' will be
(Font)              scaled to size 16.10472pt on input line 5.
LaTeX Font Info:    Font shape `JT3/IPAexGothic(0)/m/n' will be
(Font)              scaled to size 11.50343pt on input line 5.
LaTeX Font Info:    Font shape `JY3/IPAexGothic(0)/m/n' will be
(Font)              scaled to size 11.50343pt on input line 5.
[80




] [81] [82] [83]
Overfull \hbox (14.74709pt too wide) in paragraph at lines 216--233
 [][][][] 
 []

[84] [85] [86] [87] [88]
<Python/figures/fig_thresholds.png, id=1702, 1541.76pt x 1027.84pt>
File: Python/figures/fig_thresholds.png Graphic file (type png)
<use Python/figures/fig_thresholds.png>
Package luatex.def Info: Python/figures/fig_thresholds.png  used on input line 510.
(luatex.def)             Requested size: 386.96027pt x 257.96312pt.
 [89] [90<./Python/figures/fig_thresholds.png>] [91] [92] [93] [94] [95] [96]

Package hyperref Warning: Token not allowed in a PDF string (Unicode):
(hyperref)                removing `math shift' on input line 988.


Package hyperref Warning: Token not allowed in a PDF string (Unicode):
(hyperref)                removing `subscript' on input line 988.


Package hyperref Warning: Token not allowed in a PDF string (Unicode):
(hyperref)                removing `math shift' on input line 988.


Package hyperref Warning: Token not allowed in a PDF string (Unicode):
(hyperref)                removing `math shift' on input line 988.


Package hyperref Warning: Token not allowed in a PDF string (Unicode):
(hyperref)                removing `superscript' on input line 988.


Package hyperref Warning: Token not allowed in a PDF string (Unicode):
(hyperref)                removing `math shift' on input line 988.

[97]
LaTeX Font Info:    Font shape `JT3/IPAexGothic(0)/m/n' will be
(Font)              scaled to size 7.76755pt on input line 1068.
LaTeX Font Info:    Font shape `JY3/IPAexGothic(0)/m/n' will be
(Font)              scaled to size 7.76755pt on input line 1068.
LaTeX Font Info:    Font shape `JT3/IPAexGothic(0)/m/n' will be
(Font)              scaled to size 5.54828pt on input line 1068.
LaTeX Font Info:    Font shape `JY3/IPAexGothic(0)/m/n' will be
(Font)              scaled to size 5.54828pt on input line 1068.
 [98] [99] [100] [101] [102](load cache: extra_lmmono10-regular.luc) [103]
<figures/ordered_logit_stages.png, id=1826, 578.16pt x 361.35pt>
File: figures/ordered_logit_stages.png Graphic file (type png)
<use figures/ordered_logit_stages.png>
Package luatex.def Info: figures/ordered_logit_stages.png  used on input line 1529.
(luatex.def)             Requested size: 386.96027pt x 241.84961pt.
 [104] [105<./figures/ordered_logit_stages.png>] [106]) [107]
\openout2 = chapters/chapter6.aux
 (./chapters/chapter6.tex
第6章
[108




] [109] [110]
<Python/figures/mu_trend_7firms_logdiff.png, id=1877, 867.24pt x 433.62pt>
File: Python/figures/mu_trend_7firms_logdiff.png Graphic file (type png)
<use Python/figures/mu_trend_7firms_logdiff.png>
Package luatex.def Info: Python/figures/mu_trend_7firms_logdiff.png  used on input line 132.
(luatex.def)             Requested size: 398.33858pt x 199.16988pt.
<Python/figures/sigma_trend_7firms.png, id=1879, 867.24pt x 433.62pt>
File: Python/figures/sigma_trend_7firms.png Graphic file (type png)
<use Python/figures/sigma_trend_7firms.png>
Package luatex.def Info: Python/figures/sigma_trend_7firms.png  used on input line 166.
(luatex.def)             Requested size: 398.33858pt x 199.16988pt.
 [111<./Python/figures/mu_trend_7firms_logdiff.png>]
<Python/figures/debt_ratio_trend_7firms.png, id=1890, 867.24pt x 433.62pt>
File: Python/figures/debt_ratio_trend_7firms.png Graphic file (type png)
<use Python/figures/debt_ratio_trend_7firms.png>
Package luatex.def Info: Python/figures/debt_ratio_trend_7firms.png  used on input line 213.
(luatex.def)             Requested size: 398.33858pt x 199.16988pt.
 [112<./Python/figures/sigma_trend_7firms.png>]
<Python/figures/dd_monthly_trend.png, id=1900, 867.24pt x 433.62pt>
File: Python/figures/dd_monthly_trend.png Graphic file (type png)
<use Python/figures/dd_monthly_trend.png>
Package luatex.def Info: Python/figures/dd_monthly_trend.png  used on input line 241.
(luatex.def)             Requested size: 426.79134pt x 213.39536pt.
 [113<./Python/figures/debt_ratio_trend_7firms.png>] [114<./Python/figures/dd_monthly_trend.png>]) [115]
\openout2 = chapters/chapter7.aux
 (./chapters/chapter7.tex
第7章
[116




] [117] [118] [119] [120] [121] [122] [123]
<figures/interaction_mu_sigma_surface.png, id=1963, 722.7pt x 505.89pt>
File: figures/interaction_mu_sigma_surface.png Graphic file (type png)
<use figures/interaction_mu_sigma_surface.png>
Package luatex.def Info: figures/interaction_mu_sigma_surface.png  used on input line 402.
(luatex.def)             Requested size: 364.19667pt x 254.93593pt.
 [124<./figures/interaction_mu_sigma_surface.png>]
<figures/interaction_S_D_surface.png, id=1974, 722.7pt x 505.89pt>
File: figures/interaction_S_D_surface.png Graphic file (type png)
<use figures/interaction_S_D_surface.png>
Package luatex.def Info: figures/interaction_S_D_surface.png  used on input line 431.
(luatex.def)             Requested size: 364.19667pt x 254.93593pt.
 [125<./figures/interaction_S_D_surface.png>] [126]
<figures/surface_caseA_centered.png, id=1988, 578.16pt x 433.62pt>
File: figures/surface_caseA_centered.png Graphic file (type png)
<use figures/surface_caseA_centered.png>
Package luatex.def Info: figures/surface_caseA_centered.png  used on input line 549.
(luatex.def)             Requested size: 341.43307pt x 256.07178pt.
 [127]
<figures/surface_caseB_centered.png, id=1995, 578.16pt x 433.62pt>
File: figures/surface_caseB_centered.png Graphic file (type png)
<use figures/surface_caseB_centered.png>
Package luatex.def Info: figures/surface_caseB_centered.png  used on input line 566.
(luatex.def)             Requested size: 341.43307pt x 256.07178pt.
 [128<./figures/surface_caseA_centered.png>]
<figures/surface_caseC_centered.png, id=2003, 578.16pt x 433.62pt>
File: figures/surface_caseC_centered.png Graphic file (type png)
<use figures/surface_caseC_centered.png>
Package luatex.def Info: figures/surface_caseC_centered.png  used on input line 582.
(luatex.def)             Requested size: 341.43307pt x 256.07178pt.
 [129<./figures/surface_caseB_centered.png>]
<figures/surface_caseD_centered.png, id=2011, 578.16pt x 433.62pt>
File: figures/surface_caseD_centered.png Graphic file (type png)
<use figures/surface_caseD_centered.png>
Package luatex.def Info: figures/surface_caseD_centered.png  used on input line 599.
(luatex.def)             Requested size: 341.43307pt x 256.07178pt.
 [130<./figures/surface_caseC_centered.png>]
<figures/surface_caseE_centered.png, id=2019, 578.16pt x 433.62pt>
File: figures/surface_caseE_centered.png Graphic file (type png)
<use figures/surface_caseE_centered.png>
Package luatex.def Info: figures/surface_caseE_centered.png  used on input line 617.
(luatex.def)             Requested size: 341.43307pt x 256.07178pt.
 [131<./figures/surface_caseD_centered.png>]
<figures/surface_caseF_centered.png, id=2027, 578.16pt x 433.62pt>
File: figures/surface_caseF_centered.png Graphic file (type png)
<use figures/surface_caseF_centered.png>
Package luatex.def Info: figures/surface_caseF_centered.png  used on input line 633.
(luatex.def)             Requested size: 341.43307pt x 256.07178pt.
 [132<./figures/surface_caseE_centered.png>]
<figures/surface_diff_B_minus_C.png, id=2036, 578.16pt x 433.62pt>
File: figures/surface_diff_B_minus_C.png Graphic file (type png)
<use figures/surface_diff_B_minus_C.png>
Package luatex.def Info: figures/surface_diff_B_minus_C.png  used on input line 664.
(luatex.def)             Requested size: 341.43307pt x 256.07178pt.
 [133<./figures/surface_caseF_centered.png>] [134<./figures/surface_diff_B_minus_C.png>]
<figures/surface_diff_F_minus_E.png, id=2058, 578.16pt x 433.62pt>
File: figures/surface_diff_F_minus_E.png Graphic file (type png)
<use figures/surface_diff_F_minus_E.png>
Package luatex.def Info: figures/surface_diff_F_minus_E.png  used on input line 734.
(luatex.def)             Requested size: 341.43307pt x 256.07178pt.
 [135] [136<./figures/surface_diff_F_minus_E.png>] [137] [138]
<figures/bs_surface_caseA.png, id=2086, 578.16pt x 433.62pt>
File: figures/bs_surface_caseA.png Graphic file (type png)
<use figures/bs_surface_caseA.png>
Package luatex.def Info: figures/bs_surface_caseA.png  used on input line 905.
(luatex.def)             Requested size: 341.43307pt x 256.07178pt.
<figures/bs_surface_caseB.png, id=2087, 578.16pt x 433.62pt>
File: figures/bs_surface_caseB.png Graphic file (type png)
<use figures/bs_surface_caseB.png>
Package luatex.def Info: figures/bs_surface_caseB.png  used on input line 915.
(luatex.def)             Requested size: 341.43307pt x 256.07178pt.
 [139<./figures/bs_surface_caseA.png>]
<figures/bs_surface_caseC.png, id=2097, 578.16pt x 433.62pt>
File: figures/bs_surface_caseC.png Graphic file (type png)
<use figures/bs_surface_caseC.png>
Package luatex.def Info: figures/bs_surface_caseC.png  used on input line 925.
(luatex.def)             Requested size: 341.43307pt x 256.07178pt.
<figures/bs_surface_caseD.png, id=2098, 578.16pt x 433.62pt>
File: figures/bs_surface_caseD.png Graphic file (type png)
<use figures/bs_surface_caseD.png>
Package luatex.def Info: figures/bs_surface_caseD.png  used on input line 935.
(luatex.def)             Requested size: 341.43307pt x 256.07178pt.
 [140<./figures/bs_surface_caseB.png><./figures/bs_surface_caseC.png>]
<figures/bs_surface_caseE.png, id=2109, 578.16pt x 433.62pt>
File: figures/bs_surface_caseE.png Graphic file (type png)
<use figures/bs_surface_caseE.png>
Package luatex.def Info: figures/bs_surface_caseE.png  used on input line 945.
(luatex.def)             Requested size: 341.43307pt x 256.07178pt.
<figures/bs_surface_caseF.png, id=2110, 578.16pt x 433.62pt>
File: figures/bs_surface_caseF.png Graphic file (type png)
<use figures/bs_surface_caseF.png>
Package luatex.def Info: figures/bs_surface_caseF.png  used on input line 955.
(luatex.def)             Requested size: 341.43307pt x 256.07178pt.
 [141<./figures/bs_surface_caseD.png><./figures/bs_surface_caseE.png>] [142<./figures/bs_surface_caseF.png>]) [143]
\openout2 = chapters/chapter8.aux
 (./chapters/chapter8.tex
第8章

Package hyperref Warning: Token not allowed in a PDF string (Unicode):
(hyperref)                removing `math shift' on input line 1.


Package hyperref Warning: Token not allowed in a PDF string (Unicode):
(hyperref)                removing `subscript' on input line 1.


Package hyperref Warning: Token not allowed in a PDF string (Unicode):
(hyperref)                removing `math shift' on input line 1.

[144




]
Overfull \hbox (14.7471pt too wide) in paragraph at lines 75--125
 [][][][] 
 []

[145] [146]

Package hyperref Warning: Token not allowed in a PDF string (Unicode):
(hyperref)                removing `math shift' on input line 150.


Package hyperref Warning: Token not allowed in a PDF string (Unicode):
(hyperref)                removing `subscript' on input line 150.


Package hyperref Warning: Token not allowed in a PDF string (Unicode):
(hyperref)                removing `math shift' on input line 150.

[147] [148] [149]
<Python/figures/sign_surface_p_combined.png, id=2165, 936.6192pt x 277.2759pt>
File: Python/figures/sign_surface_p_combined.png Graphic file (type png)
<use Python/figures/sign_surface_p_combined.png>
Package luatex.def Info: Python/figures/sign_surface_p_combined.png  used on input line 346.
(luatex.def)             Requested size: 455.24411pt x 134.77057pt.
 [150<./Python/figures/sign_surface_p_combined.png>] [151]) [152]
\openout2 = chapters/chapter9.aux
 (./chapters/chapter9.tex
第9章
[153




] [154] [155] [156]
<Python/figures/firm_probabilities_by_y_star.png, id=2210, 650.43pt x 361.35pt>
File: Python/figures/firm_probabilities_by_y_star.png Graphic file (type png)
<use Python/figures/firm_probabilities_by_y_star.png>
Package luatex.def Info: Python/figures/firm_probabilities_by_y_star.png  used on input line 270.
(luatex.def)             Requested size: 386.96027pt x 214.98111pt.
<Python/figures/p2_trend.png, id=2212, 867.24pt x 433.62pt>
File: Python/figures/p2_trend.png Graphic file (type png)
<use Python/figures/p2_trend.png>
Package luatex.def Info: Python/figures/p2_trend.png  used on input line 279.
(luatex.def)             Requested size: 398.33858pt x 199.16988pt.
 [157<./Python/figures/firm_probabilities_by_y_star.png>]
<Python/figures/p2_with_estimated_bankruptcies.png, id=2223, 867.24pt x 433.62pt>
File: Python/figures/p2_with_estimated_bankruptcies.png Graphic file (type png)
<use Python/figures/p2_with_estimated_bankruptcies.png>
Package luatex.def Info: Python/figures/p2_with_estimated_bankruptcies.png  used on input line 299.
(luatex.def)             Requested size: 398.33858pt x 199.16988pt.
 [158<./Python/figures/p2_trend.png><./Python/figures/p2_with_estimated_bankruptcies.png>]) [159]
\openout2 = chapters/appendix_A.aux
 (./chapters/appendix_A.tex [160




]
<figures/Bankruptcy_probability_of_Merton_model_with_Z.png, id=2240, 1004.0712pt x 425.6703pt>
File: figures/Bankruptcy_probability_of_Merton_model_with_Z.png Graphic file (type png)
<use figures/Bankruptcy_probability_of_Merton_model_with_Z.png>
Package luatex.def Info: figures/Bankruptcy_probability_of_Merton_model_with_Z.png  used on input line 73.
(luatex.def)             Requested size: 386.96027pt x 164.0492pt.
 [161<./figures/Bankruptcy_probability_of_Merton_model_with_Z.png>] [162] [163]
<figures/Bankruptcy_probability_of_New_Power_sec1.png, id=2261, 939.51pt x 289.08pt>
File: figures/Bankruptcy_probability_of_New_Power_sec1.png Graphic file (type png)
<use figures/Bankruptcy_probability_of_New_Power_sec1.png>
Package luatex.def Info: figures/Bankruptcy_probability_of_New_Power_sec1.png  used on input line 246.
(luatex.def)             Requested size: 432.48051pt x 133.07103pt.
) [164<./figures/Bankruptcy_probability_of_New_Power_sec1.png>]
\openout2 = chapters/appendix_B.aux
 (./chapters/appendix_B.tex [165




] [166] [167] [168]) [169]
\openout2 = chapters/appendix_C.aux
 (./chapters/appendix_C.tex
<figures/contour_caseA.png, id=2296, 505.89pt x 433.62pt>
File: figures/contour_caseA.png Graphic file (type png)
<use figures/contour_caseA.png>
Package luatex.def Info: figures/contour_caseA.png  used on input line 30.
(luatex.def)             Requested size: 341.43307pt x 292.66103pt.
 [170




]
<figures/contour_caseB.png, id=2301, 505.89pt x 433.62pt>
File: figures/contour_caseB.png Graphic file (type png)
<use figures/contour_caseB.png>
Package luatex.def Info: figures/contour_caseB.png  used on input line 37.
(luatex.def)             Requested size: 341.43307pt x 292.66103pt.
 [171<./figures/contour_caseA.png>]
<figures/contour_caseC.png, id=2308, 505.89pt x 433.62pt>
File: figures/contour_caseC.png Graphic file (type png)
<use figures/contour_caseC.png>
Package luatex.def Info: figures/contour_caseC.png  used on input line 45.
(luatex.def)             Requested size: 341.43307pt x 292.66103pt.
 [172<./figures/contour_caseB.png>]
<figures/contour_caseD.png, id=2315, 505.89pt x 433.62pt>
File: figures/contour_caseD.png Graphic file (type png)
<use figures/contour_caseD.png>
Package luatex.def Info: figures/contour_caseD.png  used on input line 53.
(luatex.def)             Requested size: 341.43307pt x 292.66103pt.
 [173<./figures/contour_caseC.png>]
<figures/contour_caseE.png, id=2323, 505.89pt x 433.62pt>
File: figures/contour_caseE.png Graphic file (type png)
<use figures/contour_caseE.png>
Package luatex.def Info: figures/contour_caseE.png  used on input line 61.
(luatex.def)             Requested size: 341.43307pt x 292.66103pt.
 [174<./figures/contour_caseD.png>]
<figures/contour_caseF.png, id=2330, 505.89pt x 433.62pt>
File: figures/contour_caseF.png Graphic file (type png)
<use figures/contour_caseF.png>
Package luatex.def Info: figures/contour_caseF.png  used on input line 68.
(luatex.def)             Requested size: 341.43307pt x 292.66103pt.
 [175<./figures/contour_caseE.png>]
File: figures/surface_diff_B_minus_C.png Graphic file (type png)
<use figures/surface_diff_B_minus_C.png>
Package luatex.def Info: figures/surface_diff_B_minus_C.png  used on input line 94.
(luatex.def)             Requested size: 341.43307pt x 256.07178pt.
 [176<./figures/contour_caseF.png>]
File: figures/surface_diff_F_minus_E.png Graphic file (type png)
<use figures/surface_diff_F_minus_E.png>
Package luatex.def Info: figures/surface_diff_F_minus_E.png  used on input line 111.
(luatex.def)             Requested size: 341.43307pt x 256.07178pt.
 [177]) [178]
\openout2 = chapters/appendix_D.aux
 (./chapters/appendix_D.tex [179




] [180]
<figures/coef_comparison.png, id=2371, 578.16pt x 361.35pt>
File: figures/coef_comparison.png Graphic file (type png)
<use figures/coef_comparison.png>
Package luatex.def Info: figures/coef_comparison.png  used on input line 197.
(luatex.def)             Requested size: 364.19667pt x 227.61862pt.
 [181]
<figures/roc_comparison.png, id=2383, 505.89pt x 361.35pt>
File: figures/roc_comparison.png Graphic file (type png)
<use figures/roc_comparison.png>
Package luatex.def Info: figures/roc_comparison.png  used on input line 220.
(luatex.def)             Requested size: 364.19667pt x 260.14423pt.
 [182<./figures/coef_comparison.png>]
<figures/scatter_true_vs_pred.png, id=2395, 505.89pt x 361.35pt>
File: figures/scatter_true_vs_pred.png Graphic file (type png)
<use figures/scatter_true_vs_pred.png>
Package luatex.def Info: figures/scatter_true_vs_pred.png  used on input line 241.
(luatex.def)             Requested size: 364.19667pt x 260.14423pt.
 [183<./figures/roc_comparison.png>] [184<./figures/scatter_true_vs_pred.png>]) [185]
\openout2 = chapters/appendix_E.aux
 (./chapters/appendix_E.tex [186




] [187] [188] [189]) [190]
\openout2 = chapters/appendix_F.aux
 (./chapters/appendix_F.tex

Package hyperref Warning: Token not allowed in a PDF string (Unicode):
(hyperref)                removing `math shift' on input line 8.


Package hyperref Warning: Token not allowed in a PDF string (Unicode):
(hyperref)                removing `math shift' on input line 8.

[191




]

Package hyperref Warning: Token not allowed in a PDF string (Unicode):
(hyperref)                removing `math shift' on input line 41.


Package hyperref Warning: Token not allowed in a PDF string (Unicode):
(hyperref)                removing `subscript' on input line 41.


Package hyperref Warning: Token not allowed in a PDF string (Unicode):
(hyperref)                removing `math shift' on input line 41.


Package hyperref Warning: Token not allowed in a PDF string (Unicode):
(hyperref)                removing `math shift' on input line 61.


Package hyperref Warning: Token not allowed in a PDF string (Unicode):
(hyperref)                removing `subscript' on input line 61.


Package hyperref Warning: Token not allowed in a PDF string (Unicode):
(hyperref)                removing `math shift' on input line 61.


Package hyperref Warning: Token not allowed in a PDF string (Unicode):
(hyperref)                removing `math shift' on input line 102.


Package hyperref Warning: Token not allowed in a PDF string (Unicode):
(hyperref)                removing `math shift' on input line 102.

<D:/texlive/2026/work/thesis_Rev1_20260516/figures/sigma_trend.pdf, id=2452, 867.24pt x 289.08pt>
File: D:/texlive/2026/work/thesis_Rev1_20260516/figures/sigma_trend.pdf Graphic file (type pdf)
<use D:/texlive/2026/work/thesis_Rev1_20260516/figures/sigma_trend.pdf>
Package luatex.def Info: D:/texlive/2026/work/thesis_Rev1_20260516/figures/sigma_trend.pdf  used on input line 109.
(luatex.def)             Requested size: 398.33858pt x 132.7799pt.
[192] [193<d:/texlive/2026/work/thesis_Rev1_20260516/figures/sigma_trend.pdf>]) [194]
LaTeX Font Info:    Kanji font shape `JY3/IPAexGothic(0)/m/it' undefined
(Font)              No change on input line 139.
(load cache: extra_lmromancaps10-regular.luc)
LaTeX Font Info:    Kanji font shape `JY3/IPAexMincho(0)/m/sc' undefined
(Font)              No change on input line 139.
LaTeX Font Info:    Kanji font shape `JY3/IPAexGothic(0)/m/it' undefined
(Font)              No change on input line 139.
LaTeX Font Info:    Kanji font shape `JY3/IPAexMincho(0)/m/sc' undefined
(Font)              No change on input line 139.
LaTeX Font Info:    Kanji font shape `JY3/IPAexGothic(0)/m/it' undefined
(Font)              No change on input line 139.
LaTeX Font Info:    Kanji font shape `JY3/IPAexMincho(0)/m/sc' undefined
(Font)              No change on input line 139.
LaTeX Font Info:    Kanji font shape `JY3/IPAexGothic(0)/m/it' undefined
(Font)              No change on input line 139.
LaTeX Font Info:    Kanji font shape `JY3/IPAexMincho(0)/m/sc' undefined
(Font)              No change on input line 139.
LaTeX Font Info:    Kanji font shape `JY3/IPAexGothic(0)/m/it' undefined
(Font)              No change on input line 139.
LaTeX Font Info:    Kanji font shape `JY3/IPAexMincho(0)/m/sc' undefined
(Font)              No change on input line 139.
LaTeX Font Info:    Kanji font shape `JY3/IPAexGothic(0)/m/it' undefined
(Font)              No change on input line 139.
LaTeX Font Info:    Kanji font shape `JY3/IPAexGothic(0)/m/it' undefined
(Font)              No change on input line 139.
LaTeX Font Info:    Kanji font shape `JY3/IPAexGothic(0)/m/it' undefined
(Font)              No change on input line 139.
LaTeX Font Info:    Kanji font shape `JY3/IPAexGothic(0)/m/it' undefined
(Font)              No change on input line 139.
LaTeX Font Info:    Kanji font shape `JY3/IPAexGothic(0)/m/it' undefined
(Font)              No change on input line 139.
LaTeX Font Info:    Kanji font shape `JY3/IPAexGothic(0)/m/it' undefined
(Font)              No change on input line 139.
LaTeX Font Info:    Kanji font shape `JY3/IPAexGothic(0)/m/it' undefined
(Font)              No change on input line 139.
LaTeX Font Info:    Kanji font shape `JY3/IPAexGothic(0)/m/it' undefined
(Font)              No change on input line 139.
LaTeX Font Info:    Kanji font shape `JY3/IPAexMincho(0)/m/sc' undefined
(Font)              No change on input line 139.
 [195




]
LaTeX Font Info:    Kanji font shape `JY3/IPAexGothic(0)/m/it' undefined
(Font)              No change on input line 139.
LaTeX Font Info:    Kanji font shape `JY3/IPAexMincho(0)/m/sc' undefined
(Font)              No change on input line 139.
LaTeX Font Info:    Kanji font shape `JY3/IPAexGothic(0)/m/it' undefined
(Font)              No change on input line 139.
LaTeX Font Info:    Kanji font shape `JY3/IPAexMincho(0)/m/sc' undefined
(Font)              No change on input line 139.
LaTeX Font Info:    Kanji font shape `JY3/IPAexGothic(0)/m/it' undefined
(Font)              No change on input line 139.
LaTeX Font Info:    Kanji font shape `JY3/IPAexMincho(0)/m/sc' undefined
(Font)              No change on input line 139.
LaTeX Font Info:    Kanji font shape `JY3/IPAexGothic(0)/m/it' undefined
(Font)              No change on input line 139.
LaTeX Font Info:    Kanji font shape `JY3/IPAexMincho(0)/m/sc' undefined
(Font)              No change on input line 139.
LaTeX Font Info:    Kanji font shape `JY3/IPAexGothic(0)/m/it' undefined
(Font)              No change on input line 139.
LaTeX Font Info:    Kanji font shape `JY3/IPAexGothic(0)/m/it' undefined
(Font)              No change on input line 139.
LaTeX Font Info:    Kanji font shape `JY3/IPAexGothic(0)/m/it' undefined
(Font)              No change on input line 139.
LaTeX Font Info:    Kanji font shape `JY3/IPAexGothic(0)/m/it' undefined
(Font)              No change on input line 139.
LaTeX Font Info:    Kanji font shape `JY3/IPAexMincho(0)/m/sc' undefined
(Font)              No change on input line 139.
LaTeX Font Info:    Kanji font shape `JY3/IPAexGothic(0)/m/it' undefined
(Font)              No change on input line 139.
LaTeX Font Info:    Kanji font shape `JY3/IPAexMincho(0)/m/sc' undefined
(Font)              No change on input line 139.
LaTeX Font Info:    Kanji font shape `JY3/IPAexGothic(0)/m/it' undefined
(Font)              No change on input line 139.
LaTeX Font Info:    Kanji font shape `JY3/IPAexMincho(0)/m/sc' undefined
(Font)              No change on input line 139.
LaTeX Font Info:    Kanji font shape `JY3/IPAexGothic(0)/m/it' undefined
(Font)              No change on input line 139.
LaTeX Font Info:    Kanji font shape `JY3/IPAexMincho(0)/m/sc' undefined
(Font)              No change on input line 139.
LaTeX Font Info:    Kanji font shape `JY3/IPAexGothic(0)/m/it' undefined
(Font)              No change on input line 139.
LaTeX Font Info:    Kanji font shape `JY3/IPAexMincho(0)/m/sc' undefined
(Font)              No change on input line 139.
LaTeX Font Info:    Kanji font shape `JY3/IPAexGothic(0)/m/it' undefined
(Font)              No change on input line 139.
LaTeX Font Info:    Kanji font shape `JY3/IPAexMincho(0)/m/sc' undefined
(Font)              No change on input line 139.
 [196]
LaTeX Font Info:    Kanji font shape `JY3/IPAexGothic(0)/m/it' undefined
(Font)              No change on input line 139.
LaTeX Font Info:    Kanji font shape `JY3/IPAexGothic(0)/m/it' undefined
(Font)              No change on input line 139.
LaTeX Font Info:    Kanji font shape `JY3/IPAexGothic(0)/m/it' undefined
(Font)              No change on input line 139.
LaTeX Font Info:    Kanji font shape `JY3/IPAexGothic(0)/m/it' undefined
(Font)              No change on input line 139.
LaTeX Font Info:    Kanji font shape `JY3/IPAexGothic(0)/m/it' undefined
(Font)              No change on input line 139.
LaTeX Font Info:    Kanji font shape `JY3/IPAexMincho(0)/m/sc' undefined
(Font)              No change on input line 139.
LaTeX Font Info:    Kanji font shape `JY3/IPAexGothic(0)/m/it' undefined
(Font)              No change on input line 139.
LaTeX Font Info:    Kanji font shape `JY3/IPAexGothic(0)/m/it' undefined
(Font)              No change on input line 139.
 [197] (./main.aux (./chapters/chapter1.aux) (./chapters/chapter2.aux) (./chapters/chapter3.aux) (./chapters/chapter4.aux) (./chapters/chapter5.aux) (./chapters/chapter6.aux) (./chapters/chapter7.aux) (./chapters/chapter8.aux) (./chapters/chapter9.aux) (./chapters/appendix_A.aux) (./chapters/appendix_B.aux) (./chapters/appendix_C.aux) (./chapters/appendix_D.aux) (./chapters/appendix_E.aux) (./chapters/appendix_F.aux))
 ***********
LaTeX2e <2025-11-01>
L3 programming layer <2026-03-20>
 ***********


LaTeX Font Warning: Size substitutions with differences
(Font)              up to 1.0pt have occurred.

Package rerunfilecheck Info: File `main.out' has not changed.
(rerunfilecheck)             Checksum: 717527450B2DD4F5FB5D9E569FA45B47;18911.
Package logreq Info: Writing requests to 'main.run.xml'.

\openout1 = main.run.xml
)

Here is how much of LuaTeX's memory you used:
 51918 strings out of 475900
 244624,2373549 words of node,token memory allocated
 7204 words of node memory still in use:
   10 hlist, 2 vlist, 5 rule, 73 glue, 4 kern, 1 glyph, 2645 attribute, 107 glue_spec, 252 attribute_list, 2 write, 13 user_defined, 10 pdf_action nodes
   avail lists: 1:38,2:66304,3:2235,4:629,5:276,6:114,7:5983,8:86,9:2734,10:49,11:215
 72139 multiletter control sequences out of 65536+600000
 184 fonts using 108600351 bytes
 119i,19n,115p,2066b,2380s stack positions out of 10000i,1000n,20000p,200000b,200000s
<d:/texlive/2026/texmf-dist/fonts/opentype/public/lm/lmromancaps10-regular.otf><d:/texlive/2026/texmf-dist/fonts/opentype/public/lm/lmroman10-italic.otf><d:/texlive/2026/texmf-dist/fonts/opentype/public/lm/lmmono10-regular.otf><d:/texlive/2026/texmf-dist/fonts/opentype/public/lm/lmsans8-regular.otf><d:/texlive/2026/texmf-dist/fonts/opentype/public/lm/lmroman5-regular.otf><d:/texlive/2026/texmf-dist/fonts/opentype/public/lm/lmroman9-bold.otf><d:/texlive/2026/texmf-dist/fonts/opentype/public/lm/lmroman9-regular.otf><d:/texlive/2026/texmf-dist/fonts/opentype/public/lm/lmsans10-regular.otf><d:/texlive/2026/texmf-dist/fonts/opentype/public/lm/lmroman8-regular.otf><d:/texlive/2026/texmf-dist/fonts/opentype/public/lm/lmroman6-regular.otf><d:/texlive/2026/texmf-dist/fonts/opentype/public/lm/lmsans12-regular.otf><d:/texlive/2026/texmf-dist/fonts/opentype/public/lm/lmsans17-regular.otf><d:/texlive/2026/texmf-dist/fonts/opentype/public/lm/lmroman7-bold.otf><d:/texlive/2026/texmf-dist/fonts/opentype/public/lm/lmroman7-regular.otf><d:/texlive/2026/texmf-dist/fonts/opentype/public/lm/lmroman10-regular.otf><d:/texlive/2026/texmf-dist/fonts/opentype/public/lm/lmroman10-bold.otf><d:/texlive/2026/texmf-dist/fonts/truetype/public/ipaex/ipaexg.ttf><d:/texlive/2026/texmf-dist/fonts/opentype/public/lm/lmroman12-regular.otf><d:/texlive/2026/texmf-dist/fonts/truetype/public/ipaex/ipaexm.ttf><d:/texlive/2026/texmf-dist/fonts/type1/public/amsfonts/cm/cmex10.pfb><d:/texlive/2026/texmf-dist/fonts/type1/public/amsfonts/cmextra/cmex8.pfb><d:/texlive/2026/texmf-dist/fonts/type1/public/amsfonts/cm/cmmi10.pfb><d:/texlive/2026/texmf-dist/fonts/type1/public/amsfonts/cm/cmmi12.pfb><d:/texlive/2026/texmf-dist/fonts/type1/public/amsfonts/cm/cmmi5.pfb><d:/texlive/2026/texmf-dist/fonts/type1/public/amsfonts/cm/cmmi6.pfb><d:/texlive/2026/texmf-dist/fonts/type1/public/amsfonts/cm/cmmi7.pfb><d:/texlive/2026/texmf-dist/fonts/type1/public/amsfonts/cm/cmmi8.pfb><d:/texlive/2026/texmf-dist/fonts/type1/public/amsfonts/cm/cmmi9.pfb><d:/texlive/2026/texmf-dist/fonts/type1/public/amsfonts/cm/cmr10.pfb><d:/texlive/2026/texmf-dist/fonts/type1/public/amsfonts/cm/cmr6.pfb><d:/texlive/2026/texmf-dist/fonts/type1/public/amsfonts/cm/cmr7.pfb><d:/texlive/2026/texmf-dist/fonts/type1/public/amsfonts/cm/cmr8.pfb><d:/texlive/2026/texmf-dist/fonts/type1/public/amsfonts/cm/cmr9.pfb><d:/texlive/2026/texmf-dist/fonts/type1/public/amsfonts/cm/cmsy10.pfb><d:/texlive/2026/texmf-dist/fonts/type1/public/amsfonts/cm/cmsy6.pfb><d:/texlive/2026/texmf-dist/fonts/type1/public/amsfonts/cm/cmsy7.pfb><d:/texlive/2026/texmf-dist/fonts/type1/public/amsfonts/cm/cmsy8.pfb><d:/texlive/2026/texmf-dist/fonts/type1/public/amsfonts/cm/cmsy9.pfb><d:/texlive/2026/texmf-dist/fonts/type1/public/amsfonts/symbols/msbm10.pfb>
Output written on main.pdf (205 pages, 15073175 bytes).

PDF statistics: 2762 PDF objects out of 2984 (max. 8388607)
 2089 compressed objects within 21 object streams
 695 named destinations out of 1000 (max. 1048576)
 824 words of extra memory for PDF output out of 10000 (max. 100000000)

